2025-03-05 09:34:39,150 p=53081 u=dmeta n=ansible | PLAY [install arteva service] ***********************************************************************************
2025-03-05 09:34:41,166 p=53081 u=dmeta n=ansible | TASK [Gathering Facts] ******************************************************************************************
2025-03-05 09:34:41,167 p=53081 u=dmeta n=ansible | ok: [arteva1]
2025-03-05 09:34:41,930 p=53081 u=dmeta n=ansible | TASK [config-alternatives : Correct java version selected] ******************************************************
2025-03-05 09:34:41,930 p=53081 u=dmeta n=ansible | fatal: [arteva1]: FAILED! => {"changed": false, "msg": "Needed to install the alternative, but unable to do so as we are missing the link"}
2025-03-05 09:34:41,931 p=53081 u=dmeta n=ansible | PLAY RECAP ******************************************************************************************************
2025-03-05 09:34:41,931 p=53081 u=dmeta n=ansible | arteva1                    : ok=1    changed=0    unreachable=0    failed=1    skipped=0    rescued=0    ignored=0   
2025-03-05 09:38:51,556 p=53144 u=dmeta n=ansible | PLAY [install arteva service] ***********************************************************************************
2025-03-05 09:38:53,429 p=53144 u=dmeta n=ansible | TASK [Gathering Facts] ******************************************************************************************
2025-03-05 09:38:53,430 p=53144 u=dmeta n=ansible | ok: [arteva1]
2025-03-05 09:38:54,297 p=53144 u=dmeta n=ansible | TASK [config-alternatives : Correct java version selected] ******************************************************
2025-03-05 09:38:54,297 p=53144 u=dmeta n=ansible | fatal: [arteva1]: FAILED! => {"changed": false, "msg": "Specified path java-11-openjdk.x86_64 does not exist"}
2025-03-05 09:38:54,298 p=53144 u=dmeta n=ansible | PLAY RECAP ******************************************************************************************************
2025-03-05 09:38:54,299 p=53144 u=dmeta n=ansible | arteva1                    : ok=1    changed=0    unreachable=0    failed=1    skipped=0    rescued=0    ignored=0   
2025-03-05 10:36:50,958 p=53212 u=dmeta n=ansible | PLAY [install arteva service] ***********************************************************************************
2025-03-05 10:36:52,705 p=53212 u=dmeta n=ansible | TASK [Gathering Facts] ******************************************************************************************
2025-03-05 10:36:52,705 p=53212 u=dmeta n=ansible | ok: [arteva1]
2025-03-05 10:36:53,517 p=53212 u=dmeta n=ansible | TASK [config-alternatives : Correct java version selected] ******************************************************
2025-03-05 10:36:53,518 p=53212 u=dmeta n=ansible | fatal: [arteva1]: FAILED! => {"changed": false, "msg": "Unsupported parameters for (community.general.alternatives) module: family Supported parameters include: link, name, path, priority"}
2025-03-05 10:36:53,519 p=53212 u=dmeta n=ansible | PLAY RECAP ******************************************************************************************************
2025-03-05 10:36:53,519 p=53212 u=dmeta n=ansible | arteva1                    : ok=1    changed=0    unreachable=0    failed=1    skipped=0    rescued=0    ignored=0   
2025-03-05 10:42:14,899 p=53264 u=dmeta n=ansible | PLAY [install arteva service] ***********************************************************************************
2025-03-05 10:42:16,617 p=53264 u=dmeta n=ansible | TASK [Gathering Facts] ******************************************************************************************
2025-03-05 10:42:16,618 p=53264 u=dmeta n=ansible | ok: [arteva1]
2025-03-05 10:42:17,309 p=53264 u=dmeta n=ansible | TASK [config-alternatives : Correct java version selected] ******************************************************
2025-03-05 10:42:17,310 p=53264 u=dmeta n=ansible | fatal: [arteva1]: FAILED! => {"changed": false, "msg": "Needed to install the alternative, but unable to do so as we are missing the link"}
2025-03-05 10:42:17,311 p=53264 u=dmeta n=ansible | PLAY RECAP ******************************************************************************************************
2025-03-05 10:42:17,311 p=53264 u=dmeta n=ansible | arteva1                    : ok=1    changed=0    unreachable=0    failed=1    skipped=0    rescued=0    ignored=0   
2025-03-05 11:11:11,116 p=53608 u=dmeta n=ansible | PLAY [install arteva service] ***********************************************************************************
2025-03-05 11:11:12,892 p=53608 u=dmeta n=ansible | TASK [Gathering Facts] ******************************************************************************************
2025-03-05 11:11:12,892 p=53608 u=dmeta n=ansible | ok: [arteva1]
2025-03-05 11:11:13,596 p=53608 u=dmeta n=ansible | TASK [config-alternatives : Correct java version selected] ******************************************************
2025-03-05 11:11:13,596 p=53608 u=dmeta n=ansible | changed: [arteva1] => (item=2,java)
2025-03-05 11:11:13,606 p=53608 u=dmeta n=ansible | PLAY RECAP ******************************************************************************************************
2025-03-05 11:11:13,607 p=53608 u=dmeta n=ansible | arteva1                    : ok=2    changed=1    unreachable=0    failed=0    skipped=0    rescued=0    ignored=0   
2025-03-06 01:43:24,008 p=54289 u=dmeta n=ansible | PLAY [Configure timcedate] **************************************************************************************
2025-03-06 01:43:26,187 p=54289 u=dmeta n=ansible | TASK [Gathering Facts] ******************************************************************************************
2025-03-06 01:43:26,187 p=54289 u=dmeta n=ansible | ok: [arteva1]
2025-03-06 01:43:26,952 p=54289 u=dmeta n=ansible | TASK [config-selinux : change selinux] **************************************************************************
2025-03-06 01:43:26,952 p=54289 u=dmeta n=ansible | changed: [arteva1] => (item={'regexp': '^SELINUX=', 'line': 'SELINUX=enforcing'})
2025-03-06 01:43:26,962 p=54289 u=dmeta n=ansible | PLAY RECAP ******************************************************************************************************
2025-03-06 01:43:26,963 p=54289 u=dmeta n=ansible | arteva1                    : ok=2    changed=1    unreachable=0    failed=0    skipped=0    rescued=0    ignored=0   
2025-04-18 01:22:48,502 p=22106 u=dmeta n=ansible | PLAY [Upgrade local RPM] *****************************************************************************
2025-04-18 01:22:48,548 p=22106 u=dmeta n=ansible | TASK [upgrade-local-rpm : Read rpm update list file] *************************************************
2025-04-18 01:22:48,548 p=22106 u=dmeta n=ansible | ok: [arteva1]
2025-04-18 01:22:48,566 p=22106 u=dmeta n=ansible | TASK [upgrade-local-rpm : display csv files] *********************************************************
2025-04-18 01:22:48,567 p=22106 u=dmeta n=ansible | ok: [arteva1] => {
    "msg": [
        "openscap-1.3.10-2.el9_3.rocky.1.0.x86_64.rpm",
        "openscap-scanner-1.3.10-2.el9_3.rocky.1.0.x86_64.rpm",
        "scap-security-guide-0.1.74-1.el9_4.rocky.1.1.noarch.rpm",
        "gnutls-utils-3.8.3-4.el9_4.x86_64.rpm",
        "gnutls-dane-3.8.3-4.el9_4.x86_64.rpm",
        "fapolicyd-1.3.3-100.el9.x86_64.rpm",
        "usbguard-1.0.0-15.el9.x86_64.rpm",
        "protobuf-3.14.0-13.el9.x86_64.rpm",
        "libqb-2.0.8-1.el9.x86_64.rpm",
        "unbound-libs-1.16.2-3.el9_3.5.x86_64.rpm",
        "rpm-plugin-fapolicyd-4.16.1.3-34.el9.0.1.x86_64.rpm"
    ]
}
2025-04-18 01:22:48,582 p=22106 u=dmeta n=ansible | TASK [upgrade-local-rpm : create list var] ***********************************************************
2025-04-18 01:22:48,582 p=22106 u=dmeta n=ansible | ok: [arteva1]
2025-04-18 01:22:48,605 p=22106 u=dmeta n=ansible | TASK [upgrade-local-rpm : put the rpm name in list] **************************************************
2025-04-18 01:22:48,605 p=22106 u=dmeta n=ansible | ok: [arteva1] => (item=openscap-1.3.10-2.el9_3.rocky.1.0.x86_64.rpm)
2025-04-18 01:22:48,608 p=22106 u=dmeta n=ansible | ok: [arteva1] => (item=openscap-scanner-1.3.10-2.el9_3.rocky.1.0.x86_64.rpm)
2025-04-18 01:22:48,611 p=22106 u=dmeta n=ansible | ok: [arteva1] => (item=scap-security-guide-0.1.74-1.el9_4.rocky.1.1.noarch.rpm)
2025-04-18 01:22:48,614 p=22106 u=dmeta n=ansible | ok: [arteva1] => (item=gnutls-utils-3.8.3-4.el9_4.x86_64.rpm)
2025-04-18 01:22:48,619 p=22106 u=dmeta n=ansible | ok: [arteva1] => (item=gnutls-dane-3.8.3-4.el9_4.x86_64.rpm)
2025-04-18 01:22:48,621 p=22106 u=dmeta n=ansible | ok: [arteva1] => (item=fapolicyd-1.3.3-100.el9.x86_64.rpm)
2025-04-18 01:22:48,625 p=22106 u=dmeta n=ansible | ok: [arteva1] => (item=usbguard-1.0.0-15.el9.x86_64.rpm)
2025-04-18 01:22:48,629 p=22106 u=dmeta n=ansible | ok: [arteva1] => (item=protobuf-3.14.0-13.el9.x86_64.rpm)
2025-04-18 01:22:48,634 p=22106 u=dmeta n=ansible | ok: [arteva1] => (item=libqb-2.0.8-1.el9.x86_64.rpm)
2025-04-18 01:22:48,635 p=22106 u=dmeta n=ansible | ok: [arteva1] => (item=unbound-libs-1.16.2-3.el9_3.5.x86_64.rpm)
2025-04-18 01:22:48,639 p=22106 u=dmeta n=ansible | ok: [arteva1] => (item=rpm-plugin-fapolicyd-4.16.1.3-34.el9.0.1.x86_64.rpm)
2025-04-18 01:22:48,655 p=22106 u=dmeta n=ansible | TASK [upgrade-local-rpm : display csv files] *********************************************************
2025-04-18 01:22:48,656 p=22106 u=dmeta n=ansible | ok: [arteva1] => {
    "msg": [
        "/tmp/rpm/openscap-1.3.10-2.el9_3.rocky.1.0.x86_64.rpm",
        "/tmp/rpm/openscap-scanner-1.3.10-2.el9_3.rocky.1.0.x86_64.rpm",
        "/tmp/rpm/scap-security-guide-0.1.74-1.el9_4.rocky.1.1.noarch.rpm",
        "/tmp/rpm/gnutls-utils-3.8.3-4.el9_4.x86_64.rpm",
        "/tmp/rpm/gnutls-dane-3.8.3-4.el9_4.x86_64.rpm",
        "/tmp/rpm/fapolicyd-1.3.3-100.el9.x86_64.rpm",
        "/tmp/rpm/usbguard-1.0.0-15.el9.x86_64.rpm",
        "/tmp/rpm/protobuf-3.14.0-13.el9.x86_64.rpm",
        "/tmp/rpm/libqb-2.0.8-1.el9.x86_64.rpm",
        "/tmp/rpm/unbound-libs-1.16.2-3.el9_3.5.x86_64.rpm",
        "/tmp/rpm/rpm-plugin-fapolicyd-4.16.1.3-34.el9.0.1.x86_64.rpm"
    ]
}
2025-04-18 01:22:51,559 p=22106 u=dmeta n=ansible | TASK [upgrade-local-rpm : upgrade rpm] ***************************************************************
2025-04-18 01:22:51,559 p=22106 u=dmeta n=ansible | [WARNING]: Platform linux on host arteva1 is using the discovered Python interpreter at
/usr/bin/python, but future installation of another Python interpreter could change the meaning of
that path. See https://docs.ansible.com/ansible/2.10/reference_appendices/interpreter_discovery.html
for more information.

2025-04-18 01:22:51,559 p=22106 u=dmeta n=ansible | changed: [arteva1]
2025-04-18 01:22:51,564 p=22106 u=dmeta n=ansible | PLAY RECAP *******************************************************************************************
2025-04-18 01:22:51,564 p=22106 u=dmeta n=ansible | arteva1                    : ok=6    changed=1    unreachable=0    failed=0    skipped=0    rescued=0    ignored=0   
2025-04-18 04:44:33,599 p=23639 u=dmeta n=ansible | PLAY [Upgrade local RPM] **********************************************************************************************************************
2025-04-18 04:44:33,872 p=23639 u=dmeta n=ansible | TASK [config-repo : Check repo file] **********************************************************************************************************
2025-04-18 04:44:33,873 p=23639 u=dmeta n=ansible | fatal: [arteva1]: UNREACHABLE! => {"changed": false, "msg": "Failed to connect to the host via ssh: @@@@@@@@@@@@@@@@@@@@@@@@@@@@@@@@@@@@@@@@@@@@@@@@@@@@@@@@@@@\r\n@    WARNING: REMOTE HOST IDENTIFICATION HAS CHANGED!     @\r\n@@@@@@@@@@@@@@@@@@@@@@@@@@@@@@@@@@@@@@@@@@@@@@@@@@@@@@@@@@@\r\nIT IS POSSIBLE THAT SOMEONE IS DOING SOMETHING NASTY!\r\nSomeone could be eavesdropping on you right now (man-in-the-middle attack)!\r\nIt is also possible that a host key has just been changed.\r\nThe fingerprint for the ED25519 key sent by the remote host is\nSHA256:fQpHRDP4a2pyR9Gll2duxIhYeh5z1KhwP9xsrfwnzJM.\r\nPlease contact your system administrator.\r\nAdd correct host key in /home/dmeta/.ssh/known_hosts to get rid of this message.\r\nOffending ECDSA key in /home/dmeta/.ssh/known_hosts:3\r\n  remove with:\r\n  ssh-keygen -f \"/home/dmeta/.ssh/known_hosts\" -R \"192.168.132.183\"\r\nPassword authentication is disabled to avoid man-in-the-middle attacks.\r\nKeyboard-interactive authentication is disabled to avoid man-in-the-middle attacks.\r\nUpdateHostkeys is disabled because the host key is not trusted.\r\ndmeta@192.168.132.183: Permission denied (publickey,gssapi-keyex,gssapi-with-mic,password).", "unreachable": true}
2025-04-18 04:44:33,874 p=23639 u=dmeta n=ansible | PLAY RECAP ************************************************************************************************************************************
2025-04-18 04:44:33,874 p=23639 u=dmeta n=ansible | arteva1                    : ok=0    changed=0    unreachable=1    failed=0    skipped=0    rescued=0    ignored=0   
2025-04-18 04:44:54,394 p=23689 u=dmeta n=ansible | PLAY [Upgrade local RPM] **********************************************************************************************************************
2025-04-18 04:44:55,708 p=23689 u=dmeta n=ansible | TASK [config-repo : Check repo file] **********************************************************************************************************
2025-04-18 04:44:55,709 p=23689 u=dmeta n=ansible | [WARNING]: Platform linux on host arteva1 is using the discovered Python interpreter at /usr/bin/python, but future installation of another
Python interpreter could change the meaning of that path. See
https://docs.ansible.com/ansible/2.10/reference_appendices/interpreter_discovery.html for more information.

2025-04-18 04:44:55,709 p=23689 u=dmeta n=ansible | ok: [arteva1]
2025-04-18 04:44:57,131 p=23689 u=dmeta n=ansible | TASK [config-repo : check enabled repo] *******************************************************************************************************
2025-04-18 04:44:57,131 p=23689 u=dmeta n=ansible | [WARNING]: Consider using the dnf module rather than running 'dnf'.  If you need to use command because dnf is insufficient you can add 'warn:
false' to this command task or set 'command_warnings=False' in ansible.cfg to get rid of this message.

2025-04-18 04:44:57,132 p=23689 u=dmeta n=ansible | changed: [arteva1]
2025-04-18 04:44:58,412 p=23689 u=dmeta n=ansible | TASK [config-repo : disalbe repo all] *********************************************************************************************************
2025-04-18 04:44:58,412 p=23689 u=dmeta n=ansible | changed: [arteva1] => (item=appstream)
2025-04-18 04:44:59,743 p=23689 u=dmeta n=ansible | changed: [arteva1] => (item=baseos)
2025-04-18 04:45:01,071 p=23689 u=dmeta n=ansible | changed: [arteva1] => (item=extras)
2025-04-18 04:45:02,357 p=23689 u=dmeta n=ansible | TASK [config-repo : list repository] **********************************************************************************************************
2025-04-18 04:45:02,358 p=23689 u=dmeta n=ansible | changed: [arteva1]
2025-04-18 04:45:02,376 p=23689 u=dmeta n=ansible | TASK [config-repo : display repository list] **************************************************************************************************
2025-04-18 04:45:02,377 p=23689 u=dmeta n=ansible | ok: [arteva1] => {
    "msg": [
        "repo id                    repo name                                    status",
        "appstream                  Rocky Linux 9 - AppStream                    disabled",
        "appstream-debuginfo        Rocky Linux 9 - AppStream - Debug            disabled",
        "appstream-source           Rocky Linux 9 - AppStream - Source           disabled",
        "baseos                     Rocky Linux 9 - BaseOS                       disabled",
        "baseos-debuginfo           Rocky Linux 9 - BaseOS - Debug               disabled",
        "baseos-source              Rocky Linux 9 - BaseOS - Source              disabled",
        "crb                        Rocky Linux 9 - CRB                          disabled",
        "crb-debuginfo              Rocky Linux 9 - CRB - Debug                  disabled",
        "crb-source                 Rocky Linux 9 - CRB - Source                 disabled",
        "devel                      Rocky Linux 9 - Devel WARNING! FOR BUILDROOT disabled",
        "devel-debuginfo            Rocky Linux 9 - Devel Debug WARNING! FOR BUI disabled",
        "devel-source               Rocky Linux 9 - Devel Source WARNING! FOR BU disabled",
        "extras                     Rocky Linux 9 - Extras                       disabled",
        "extras-debuginfo           Rocky Linux 9 - Extras Debug                 disabled",
        "extras-source              Rocky Linux 9 - Extras Source                disabled",
        "highavailability           Rocky Linux 9 - High Availability            disabled",
        "highavailability-debuginfo Rocky Linux 9 - High Availability - Debug    disabled",
        "highavailability-source    Rocky Linux 9 - High Availability - Source   disabled",
        "nfv                        Rocky Linux 9 - NFV                          disabled",
        "nfv-debuginfo              Rocky Linux 9 - NFV Debug                    disabled",
        "nfv-source                 Rocky Linux 9 - NFV Source                   disabled",
        "plus                       Rocky Linux 9 - Plus                         disabled",
        "plus-debuginfo             Rocky Linux 9 - Plus - Debug                 disabled",
        "plus-source                Rocky Linux 9 - Plus - Source                disabled",
        "resilientstorage           Rocky Linux 9 - Resilient Storage            disabled",
        "resilientstorage-debuginfo Rocky Linux 9 - Resilient Storage - Debug    disabled",
        "resilientstorage-source    Rocky Linux 9 - Resilient Storage - Source   disabled",
        "rt                         Rocky Linux 9 - Realtime                     disabled",
        "rt-debuginfo               Rocky Linux 9 - Realtime Debug               disabled",
        "rt-source                  Rocky Linux 9 - Realtime Source              disabled",
        "sap                        Rocky Linux 9 - SAP                          disabled",
        "sap-debuginfo              Rocky Linux 9 - SAP Debug                    disabled",
        "sap-source                 Rocky Linux 9 - SAP Source                   disabled",
        "saphana                    Rocky Linux 9 - SAPHANA                      disabled",
        "saphana-debuginfo          Rocky Linux 9 - SAPHANA Debug                disabled",
        "saphana-source             Rocky Linux 9 - SAPHANA Source               disabled"
    ]
}
2025-04-18 04:45:02,382 p=23689 u=dmeta n=ansible | PLAY RECAP ************************************************************************************************************************************
2025-04-18 04:45:02,382 p=23689 u=dmeta n=ansible | arteva1                    : ok=5    changed=3    unreachable=0    failed=0    skipped=0    rescued=0    ignored=0   
2025-04-18 04:47:53,936 p=23823 u=dmeta n=ansible | PLAY [Configure timcedate] ********************************************************************************************************************
2025-04-18 04:47:56,331 p=23823 u=dmeta n=ansible | TASK [Gathering Facts] ************************************************************************************************************************
2025-04-18 04:47:56,331 p=23823 u=dmeta n=ansible | [WARNING]: Platform linux on host arteva1 is using the discovered Python interpreter at /usr/bin/python, but future installation of another
Python interpreter could change the meaning of that path. See
https://docs.ansible.com/ansible/2.10/reference_appendices/interpreter_discovery.html for more information.

2025-04-18 04:47:56,331 p=23823 u=dmeta n=ansible | ok: [arteva1]
2025-04-18 04:47:57,121 p=23823 u=dmeta n=ansible | TASK [config-timedate : set timezone to Asia/Seoul] *******************************************************************************************
2025-04-18 04:47:57,122 p=23823 u=dmeta n=ansible | ok: [arteva1]
2025-04-18 04:47:57,140 p=23823 u=dmeta n=ansible | TASK [config-timedate : display return values] ************************************************************************************************
2025-04-18 04:47:57,140 p=23823 u=dmeta n=ansible | ok: [arteva1] => {
    "msg": {
        "changed": false,
        "diff": {
            "after": {
                "name": "Asia/Seoul"
            },
            "before": {
                "name": "Asia/Seoul"
            }
        },
        "failed": false
    }
}
2025-04-18 04:47:58,035 p=23823 u=dmeta n=ansible | TASK [config-limits : Add a line soft, hard] **************************************************************************************************
2025-04-18 04:47:58,035 p=23823 u=dmeta n=ansible | ok: [arteva1] => (item=None)
2025-04-18 04:47:58,036 p=23823 u=dmeta n=ansible | ok: [arteva1]
2025-04-18 04:47:58,896 p=23823 u=dmeta n=ansible | TASK [config-limits : Copy file orifinal config] **********************************************************************************************
2025-04-18 04:47:58,897 p=23823 u=dmeta n=ansible | changed: [arteva1] => (item={'changed': False, 'stat': {'exists': True, 'path': '/etc/security/limits.conf', 'mode': '0644', 'isdir': False, 'ischr': False, 'isblk': False, 'isreg': True, 'isfifo': False, 'islnk': False, 'issock': False, 'uid': 0, 'gid': 0, 'size': 2426, 'inode': 1180502, 'dev': 64768, 'nlink': 1, 'atime': 1744943431.2359996, 'mtime': 1730651929.0, 'ctime': 1744942677.7579932, 'wusr': True, 'rusr': True, 'xusr': False, 'wgrp': False, 'rgrp': True, 'xgrp': False, 'woth': False, 'roth': True, 'xoth': False, 'isuid': False, 'isgid': False, 'blocks': 8, 'block_size': 4096, 'device_type': 0, 'readable': True, 'writeable': True, 'executable': False, 'pw_name': 'root', 'gr_name': 'root', 'checksum': '79f85ff7516cba7ba8a9be632cce7a8a609b3e26', 'mimetype': 'text/plain', 'charset': 'us-ascii', 'version': '1514011542', 'attributes': ['extents'], 'attr_flags': 'e'}, 'invocation': {'module_args': {'path': '/etc/security/limits.conf', 'follow': False, 'get_md5': False, 'get_checksum': True, 'get_mime': True, 'get_attributes': True, 'checksum_algorithm': 'sha1'}}, 'failed': False, 'item': 'limits.conf', 'ansible_loop_var': 'item'})
2025-04-18 04:48:00,604 p=23823 u=dmeta n=ansible | TASK [config-limits : change limits.conf] *****************************************************************************************************
2025-04-18 04:48:00,604 p=23823 u=dmeta n=ansible | changed: [arteva1] => (item=limits.conf)
2025-04-18 04:48:01,494 p=23823 u=dmeta n=ansible | TASK [config-selinux : change selinux] ********************************************************************************************************
2025-04-18 04:48:01,495 p=23823 u=dmeta n=ansible | changed: [arteva1] => (item={'regexp': '^SELINUX=', 'line': 'SELINUX=permissive'})
2025-04-18 04:48:02,324 p=23823 u=dmeta n=ansible | TASK [config-hostname : set a hostname] *******************************************************************************************************
2025-04-18 04:48:02,325 p=23823 u=dmeta n=ansible | changed: [arteva1]
2025-04-18 04:48:02,344 p=23823 u=dmeta n=ansible | TASK [config-hostname : display hostname] *****************************************************************************************************
2025-04-18 04:48:02,345 p=23823 u=dmeta n=ansible | ok: [arteva1] => {
    "msg": ""
}
2025-04-18 04:48:02,356 p=23823 u=dmeta n=ansible | PLAY RECAP ************************************************************************************************************************************
2025-04-18 04:48:02,357 p=23823 u=dmeta n=ansible | arteva1                    : ok=9    changed=4    unreachable=0    failed=0    skipped=0    rescued=0    ignored=0   
2025-04-18 04:49:49,537 p=24053 u=dmeta n=ansible | PLAY [Configure timcedate] ********************************************************************************************************************
2025-04-18 04:49:51,577 p=24053 u=dmeta n=ansible | TASK [Gathering Facts] ************************************************************************************************************************
2025-04-18 04:49:51,577 p=24053 u=dmeta n=ansible | [WARNING]: Platform linux on host arteva1 is using the discovered Python interpreter at /usr/bin/python, but future installation of another
Python interpreter could change the meaning of that path. See
https://docs.ansible.com/ansible/2.10/reference_appendices/interpreter_discovery.html for more information.

2025-04-18 04:49:51,577 p=24053 u=dmeta n=ansible | ok: [arteva1]
2025-04-18 04:49:52,472 p=24053 u=dmeta n=ansible | TASK [config-timedate : set timezone to Asia/Seoul] *******************************************************************************************
2025-04-18 04:49:52,472 p=24053 u=dmeta n=ansible | ok: [arteva1]
2025-04-18 04:49:52,492 p=24053 u=dmeta n=ansible | TASK [config-timedate : display return values] ************************************************************************************************
2025-04-18 04:49:52,492 p=24053 u=dmeta n=ansible | ok: [arteva1] => {
    "msg": {
        "changed": false,
        "diff": {
            "after": {
                "name": "Asia/Seoul"
            },
            "before": {
                "name": "Asia/Seoul"
            }
        },
        "failed": false
    }
}
2025-04-18 04:49:53,436 p=24053 u=dmeta n=ansible | TASK [config-limits : Add a line soft, hard] **************************************************************************************************
2025-04-18 04:49:53,436 p=24053 u=dmeta n=ansible | ok: [arteva1] => (item=None)
2025-04-18 04:49:53,436 p=24053 u=dmeta n=ansible | ok: [arteva1]
2025-04-18 04:49:54,138 p=24053 u=dmeta n=ansible | TASK [config-limits : Copy file orifinal config] **********************************************************************************************
2025-04-18 04:49:54,139 p=24053 u=dmeta n=ansible | changed: [arteva1] => (item={'changed': False, 'stat': {'exists': True, 'path': '/etc/security/limits.conf', 'mode': '0644', 'isdir': False, 'ischr': False, 'isblk': False, 'isreg': True, 'isfifo': False, 'islnk': False, 'issock': False, 'uid': 0, 'gid': 0, 'size': 2516, 'inode': 1181884, 'dev': 64768, 'nlink': 1, 'atime': 1744951567.5765145, 'mtime': 1744951566.1635146, 'ctime': 1744951566.7735145, 'wusr': True, 'rusr': True, 'xusr': False, 'wgrp': False, 'rgrp': True, 'xgrp': False, 'woth': False, 'roth': True, 'xoth': False, 'isuid': False, 'isgid': False, 'blocks': 8, 'block_size': 4096, 'device_type': 0, 'readable': True, 'writeable': True, 'executable': False, 'pw_name': 'root', 'gr_name': 'root', 'checksum': '6ab2db2407b30671ce28a98f17755361aa418a0c', 'mimetype': 'text/plain', 'charset': 'us-ascii', 'version': '4138468785', 'attributes': ['extents'], 'attr_flags': 'e'}, 'invocation': {'module_args': {'path': '/etc/security/limits.conf', 'follow': False, 'get_md5': False, 'get_checksum': True, 'get_mime': True, 'get_attributes': True, 'checksum_algorithm': 'sha1'}}, 'failed': False, 'item': 'limits.conf', 'ansible_loop_var': 'item'})
2025-04-18 04:49:55,485 p=24053 u=dmeta n=ansible | TASK [config-limits : change limits.conf] *****************************************************************************************************
2025-04-18 04:49:55,485 p=24053 u=dmeta n=ansible | ok: [arteva1] => (item=limits.conf)
2025-04-18 04:49:56,235 p=24053 u=dmeta n=ansible | TASK [config-selinux : change selinux] ********************************************************************************************************
2025-04-18 04:49:56,236 p=24053 u=dmeta n=ansible | changed: [arteva1] => (item={'regexp': '^SELINUX=', 'line': 'SELINUX=disabled'})
2025-04-18 04:49:57,090 p=24053 u=dmeta n=ansible | TASK [config-hostname : set a hostname] *******************************************************************************************************
2025-04-18 04:49:57,091 p=24053 u=dmeta n=ansible | changed: [arteva1]
2025-04-18 04:49:57,113 p=24053 u=dmeta n=ansible | TASK [config-hostname : display hostname] *****************************************************************************************************
2025-04-18 04:49:57,113 p=24053 u=dmeta n=ansible | ok: [arteva1] => {
    "msg": ""
}
2025-04-18 04:49:57,123 p=24053 u=dmeta n=ansible | PLAY RECAP ************************************************************************************************************************************
2025-04-18 04:49:57,123 p=24053 u=dmeta n=ansible | arteva1                    : ok=9    changed=3    unreachable=0    failed=0    skipped=0    rescued=0    ignored=0   
2025-04-18 04:53:31,836 p=24188 u=dmeta n=ansible | PLAY [Upgrade local RPM] **********************************************************************************************************************
2025-04-18 04:53:32,537 p=24188 u=dmeta n=ansible | TASK [upgrade-local-rpm : upload src rpm files] ***********************************************************************************************
2025-04-18 04:53:32,537 p=24188 u=dmeta n=ansible | An exception occurred during task execution. To see the full traceback, use -vvv. The error was: If you are using a module and expect the file to exist on the remote, see the remote_src option
2025-04-18 04:53:32,538 p=24188 u=dmeta n=ansible | failed: [arteva1] (item=rpm.tar) => {"ansible_loop_var": "item", "changed": false, "item": "rpm.tar", "msg": "Could not find or access '../file/rpm.tar'\nSearched in:\n\t/home/dmeta/ANSIBLE/arteva/rl9/01-dmeta-install-arteva/roles/upgrade-local-rpm/files/../file/rpm.tar\n\t/home/dmeta/ANSIBLE/arteva/rl9/01-dmeta-install-arteva/roles/upgrade-local-rpm/../file/rpm.tar\n\t/home/dmeta/ANSIBLE/arteva/rl9/01-dmeta-install-arteva/roles/upgrade-local-rpm/tasks/files/../file/rpm.tar\n\t/home/dmeta/ANSIBLE/arteva/rl9/01-dmeta-install-arteva/roles/upgrade-local-rpm/tasks/../file/rpm.tar\n\t/home/dmeta/ANSIBLE/arteva/rl9/01-dmeta-install-arteva/playbook/files/../file/rpm.tar\n\t/home/dmeta/ANSIBLE/arteva/rl9/01-dmeta-install-arteva/playbook/../file/rpm.tar on the Ansible Controller.\nIf you are using a module and expect the file to exist on the remote, see the remote_src option"}
2025-04-18 04:53:32,779 p=24188 u=dmeta n=ansible | An exception occurred during task execution. To see the full traceback, use -vvv. The error was: If you are using a module and expect the file to exist on the remote, see the remote_src option
2025-04-18 04:53:32,779 p=24188 u=dmeta n=ansible | failed: [arteva1] (item=nvidia-driver.tar.gz) => {"ansible_loop_var": "item", "changed": false, "item": "nvidia-driver.tar.gz", "msg": "Could not find or access '../file/nvidia-driver.tar.gz'\nSearched in:\n\t/home/dmeta/ANSIBLE/arteva/rl9/01-dmeta-install-arteva/roles/upgrade-local-rpm/files/../file/nvidia-driver.tar.gz\n\t/home/dmeta/ANSIBLE/arteva/rl9/01-dmeta-install-arteva/roles/upgrade-local-rpm/../file/nvidia-driver.tar.gz\n\t/home/dmeta/ANSIBLE/arteva/rl9/01-dmeta-install-arteva/roles/upgrade-local-rpm/tasks/files/../file/nvidia-driver.tar.gz\n\t/home/dmeta/ANSIBLE/arteva/rl9/01-dmeta-install-arteva/roles/upgrade-local-rpm/tasks/../file/nvidia-driver.tar.gz\n\t/home/dmeta/ANSIBLE/arteva/rl9/01-dmeta-install-arteva/playbook/files/../file/nvidia-driver.tar.gz\n\t/home/dmeta/ANSIBLE/arteva/rl9/01-dmeta-install-arteva/playbook/../file/nvidia-driver.tar.gz on the Ansible Controller.\nIf you are using a module and expect the file to exist on the remote, see the remote_src option"}
2025-04-18 04:53:32,781 p=24188 u=dmeta n=ansible | PLAY RECAP ************************************************************************************************************************************
2025-04-18 04:53:32,781 p=24188 u=dmeta n=ansible | arteva1                    : ok=0    changed=0    unreachable=0    failed=1    skipped=0    rescued=0    ignored=0   
2025-04-18 04:57:16,860 p=24274 u=dmeta n=ansible | PLAY [Upgrade local RPM] **********************************************************************************************************************
2025-04-18 04:57:17,548 p=24274 u=dmeta n=ansible | TASK [upgrade-local-rpm : upload src rpm files] ***********************************************************************************************
2025-04-18 04:57:17,549 p=24274 u=dmeta n=ansible | An exception occurred during task execution. To see the full traceback, use -vvv. The error was: If you are using a module and expect the file to exist on the remote, see the remote_src option
2025-04-18 04:57:17,550 p=24274 u=dmeta n=ansible | failed: [arteva1] (item=rpm.tar) => {"ansible_loop_var": "item", "changed": false, "item": "rpm.tar", "msg": "Could not find or access '../file/rpm.tar'\nSearched in:\n\t/home/dmeta/ANSIBLE/arteva/rl9/01-dmeta-install-arteva/roles/upgrade-local-rpm/files/../file/rpm.tar\n\t/home/dmeta/ANSIBLE/arteva/rl9/01-dmeta-install-arteva/roles/upgrade-local-rpm/../file/rpm.tar\n\t/home/dmeta/ANSIBLE/arteva/rl9/01-dmeta-install-arteva/roles/upgrade-local-rpm/tasks/files/../file/rpm.tar\n\t/home/dmeta/ANSIBLE/arteva/rl9/01-dmeta-install-arteva/roles/upgrade-local-rpm/tasks/../file/rpm.tar\n\t/home/dmeta/ANSIBLE/arteva/rl9/01-dmeta-install-arteva/playbook/files/../file/rpm.tar\n\t/home/dmeta/ANSIBLE/arteva/rl9/01-dmeta-install-arteva/playbook/../file/rpm.tar on the Ansible Controller.\nIf you are using a module and expect the file to exist on the remote, see the remote_src option"}
2025-04-18 04:57:17,818 p=24274 u=dmeta n=ansible | An exception occurred during task execution. To see the full traceback, use -vvv. The error was: If you are using a module and expect the file to exist on the remote, see the remote_src option
2025-04-18 04:57:17,818 p=24274 u=dmeta n=ansible | failed: [arteva1] (item=nvidia-driver.tar.gz) => {"ansible_loop_var": "item", "changed": false, "item": "nvidia-driver.tar.gz", "msg": "Could not find or access '../file/nvidia-driver.tar.gz'\nSearched in:\n\t/home/dmeta/ANSIBLE/arteva/rl9/01-dmeta-install-arteva/roles/upgrade-local-rpm/files/../file/nvidia-driver.tar.gz\n\t/home/dmeta/ANSIBLE/arteva/rl9/01-dmeta-install-arteva/roles/upgrade-local-rpm/../file/nvidia-driver.tar.gz\n\t/home/dmeta/ANSIBLE/arteva/rl9/01-dmeta-install-arteva/roles/upgrade-local-rpm/tasks/files/../file/nvidia-driver.tar.gz\n\t/home/dmeta/ANSIBLE/arteva/rl9/01-dmeta-install-arteva/roles/upgrade-local-rpm/tasks/../file/nvidia-driver.tar.gz\n\t/home/dmeta/ANSIBLE/arteva/rl9/01-dmeta-install-arteva/playbook/files/../file/nvidia-driver.tar.gz\n\t/home/dmeta/ANSIBLE/arteva/rl9/01-dmeta-install-arteva/playbook/../file/nvidia-driver.tar.gz on the Ansible Controller.\nIf you are using a module and expect the file to exist on the remote, see the remote_src option"}
2025-04-18 04:57:17,820 p=24274 u=dmeta n=ansible | PLAY RECAP ************************************************************************************************************************************
2025-04-18 04:57:17,820 p=24274 u=dmeta n=ansible | arteva1                    : ok=0    changed=0    unreachable=0    failed=1    skipped=0    rescued=0    ignored=0   
2025-04-18 04:59:46,871 p=24478 u=dmeta n=ansible | PLAY [Upgrade local RPM] **********************************************************************************************************************
2025-04-18 04:59:47,529 p=24478 u=dmeta n=ansible | TASK [upgrade-local-rpm : upload src rpm files] ***********************************************************************************************
2025-04-18 04:59:47,531 p=24478 u=dmeta n=ansible | An exception occurred during task execution. To see the full traceback, use -vvv. The error was: If you are using a module and expect the file to exist on the remote, see the remote_src option
2025-04-18 04:59:47,531 p=24478 u=dmeta n=ansible | failed: [arteva1] (item=rpm.tar) => {"ansible_loop_var": "item", "changed": false, "item": "rpm.tar", "msg": "Could not find or access '../file/rpm.tar'\nSearched in:\n\t/home/dmeta/ANSIBLE/arteva/rl9/01-dmeta-install-arteva/roles/upgrade-local-rpm/files/../file/rpm.tar\n\t/home/dmeta/ANSIBLE/arteva/rl9/01-dmeta-install-arteva/roles/upgrade-local-rpm/../file/rpm.tar\n\t/home/dmeta/ANSIBLE/arteva/rl9/01-dmeta-install-arteva/roles/upgrade-local-rpm/tasks/files/../file/rpm.tar\n\t/home/dmeta/ANSIBLE/arteva/rl9/01-dmeta-install-arteva/roles/upgrade-local-rpm/tasks/../file/rpm.tar\n\t/home/dmeta/ANSIBLE/arteva/rl9/01-dmeta-install-arteva/playbook/files/../file/rpm.tar\n\t/home/dmeta/ANSIBLE/arteva/rl9/01-dmeta-install-arteva/playbook/../file/rpm.tar on the Ansible Controller.\nIf you are using a module and expect the file to exist on the remote, see the remote_src option"}
2025-04-18 04:59:51,600 p=24478 u=dmeta n=ansible |  [ERROR]: User interrupted execution

2025-04-18 05:01:04,536 p=24522 u=dmeta n=ansible | PLAY [Upgrade local RPM] **********************************************************************************************************************
2025-04-18 05:01:34,911 p=24522 u=dmeta n=ansible | TASK [upgrade-local-rpm : upload src rpm files] ***********************************************************************************************
2025-04-18 05:01:34,914 p=24522 u=dmeta n=ansible | changed: [arteva1] => (item=rpm.tar.gz)
2025-04-18 05:02:13,489 p=24522 u=dmeta n=ansible | changed: [arteva1] => (item=nvidia-driver.tar.gz)
2025-04-18 05:02:13,490 p=24522 u=dmeta n=ansible | [WARNING]: Platform linux on host arteva1 is using the discovered Python interpreter at /usr/bin/python, but future installation of another
Python interpreter could change the meaning of that path. See
https://docs.ansible.com/ansible/2.10/reference_appendices/interpreter_discovery.html for more information.

2025-04-18 05:02:13,628 p=24522 u=dmeta n=ansible | TASK [upgrade-local-rpm : Read rpm update list file] ******************************************************************************************
2025-04-18 05:02:13,629 p=24522 u=dmeta n=ansible | ok: [arteva1]
2025-04-18 05:02:13,676 p=24522 u=dmeta n=ansible | TASK [upgrade-local-rpm : display csv files] **************************************************************************************************
2025-04-18 05:02:13,677 p=24522 u=dmeta n=ansible | ok: [arteva1] => {
    "msg": [
        "bpftool-7.4.0-503.14.1.el9_5.x86_64.rpm",
        "kernel-devel-5.14.0-503.14.1.el9_5.x86_64.rpm",
        "kernel-devel-matched-5.14.0-503.14.1.el9_5.x86_64.rpm",
        "kernel-headers-5.14.0-503.14.1.el9_5.x86_64.rpm",
        "make-4.3-8.el9.x86_64.rpm",
        "gcc-11.5.0-2.el9.x86_64.rpm",
        "bison-3.7.4-5.el9.x86_64.rpm",
        "elfutils-libelf-devel-0.191-4.el9.x86_64.rpm",
        "flex-2.6.4-9.el9.x86_64.rpm",
        "openssl-devel-3.2.2-6.el9_5.x86_64.rpm",
        "glibc-devel-2.34-125.el9_5.1.x86_64.rpm",
        "glibc-headers-2.34-125.el9_5.1.x86_64.rpm",
        "m4-1.4.19-1.el9.x86_64.rpm",
        "libzstd-devel-1.5.1-2.el9.x86_64.rpm",
        "zlib-devel-1.2.11-40.el9.x86_64.rpm",
        "libxcrypt-devel-4.4.18-3.el9.x86_64.rpm"
    ]
}
2025-04-18 05:02:13,760 p=24522 u=dmeta n=ansible | TASK [upgrade-local-rpm : create list var] ****************************************************************************************************
2025-04-18 05:02:13,761 p=24522 u=dmeta n=ansible | ok: [arteva1]
2025-04-18 05:02:13,826 p=24522 u=dmeta n=ansible | TASK [upgrade-local-rpm : put the rpm name in list] *******************************************************************************************
2025-04-18 05:02:13,826 p=24522 u=dmeta n=ansible | ok: [arteva1] => (item=bpftool-7.4.0-503.14.1.el9_5.x86_64.rpm)
2025-04-18 05:02:13,835 p=24522 u=dmeta n=ansible | ok: [arteva1] => (item=kernel-devel-5.14.0-503.14.1.el9_5.x86_64.rpm)
2025-04-18 05:02:13,954 p=24522 u=dmeta n=ansible | ok: [arteva1] => (item=kernel-devel-matched-5.14.0-503.14.1.el9_5.x86_64.rpm)
2025-04-18 05:02:13,955 p=24522 u=dmeta n=ansible | ok: [arteva1] => (item=kernel-headers-5.14.0-503.14.1.el9_5.x86_64.rpm)
2025-04-18 05:02:13,955 p=24522 u=dmeta n=ansible | ok: [arteva1] => (item=make-4.3-8.el9.x86_64.rpm)
2025-04-18 05:02:13,955 p=24522 u=dmeta n=ansible | ok: [arteva1] => (item=gcc-11.5.0-2.el9.x86_64.rpm)
2025-04-18 05:02:13,955 p=24522 u=dmeta n=ansible | ok: [arteva1] => (item=bison-3.7.4-5.el9.x86_64.rpm)
2025-04-18 05:02:13,955 p=24522 u=dmeta n=ansible | ok: [arteva1] => (item=elfutils-libelf-devel-0.191-4.el9.x86_64.rpm)
2025-04-18 05:02:13,956 p=24522 u=dmeta n=ansible | ok: [arteva1] => (item=flex-2.6.4-9.el9.x86_64.rpm)
2025-04-18 05:02:13,956 p=24522 u=dmeta n=ansible | ok: [arteva1] => (item=openssl-devel-3.2.2-6.el9_5.x86_64.rpm)
2025-04-18 05:02:13,956 p=24522 u=dmeta n=ansible | ok: [arteva1] => (item=glibc-devel-2.34-125.el9_5.1.x86_64.rpm)
2025-04-18 05:02:13,956 p=24522 u=dmeta n=ansible | ok: [arteva1] => (item=glibc-headers-2.34-125.el9_5.1.x86_64.rpm)
2025-04-18 05:02:13,956 p=24522 u=dmeta n=ansible | ok: [arteva1] => (item=m4-1.4.19-1.el9.x86_64.rpm)
2025-04-18 05:02:13,957 p=24522 u=dmeta n=ansible | ok: [arteva1] => (item=libzstd-devel-1.5.1-2.el9.x86_64.rpm)
2025-04-18 05:02:13,957 p=24522 u=dmeta n=ansible | ok: [arteva1] => (item=zlib-devel-1.2.11-40.el9.x86_64.rpm)
2025-04-18 05:02:13,957 p=24522 u=dmeta n=ansible | ok: [arteva1] => (item=libxcrypt-devel-4.4.18-3.el9.x86_64.rpm)
2025-04-18 05:02:14,040 p=24522 u=dmeta n=ansible | TASK [upgrade-local-rpm : display csv files] **************************************************************************************************
2025-04-18 05:02:14,041 p=24522 u=dmeta n=ansible | ok: [arteva1] => {
    "msg": [
        "/tmp/rpm/bpftool-7.4.0-503.14.1.el9_5.x86_64.rpm",
        "/tmp/rpm/kernel-devel-5.14.0-503.14.1.el9_5.x86_64.rpm",
        "/tmp/rpm/kernel-devel-matched-5.14.0-503.14.1.el9_5.x86_64.rpm",
        "/tmp/rpm/kernel-headers-5.14.0-503.14.1.el9_5.x86_64.rpm",
        "/tmp/rpm/make-4.3-8.el9.x86_64.rpm",
        "/tmp/rpm/gcc-11.5.0-2.el9.x86_64.rpm",
        "/tmp/rpm/bison-3.7.4-5.el9.x86_64.rpm",
        "/tmp/rpm/elfutils-libelf-devel-0.191-4.el9.x86_64.rpm",
        "/tmp/rpm/flex-2.6.4-9.el9.x86_64.rpm",
        "/tmp/rpm/openssl-devel-3.2.2-6.el9_5.x86_64.rpm",
        "/tmp/rpm/glibc-devel-2.34-125.el9_5.1.x86_64.rpm",
        "/tmp/rpm/glibc-headers-2.34-125.el9_5.1.x86_64.rpm",
        "/tmp/rpm/m4-1.4.19-1.el9.x86_64.rpm",
        "/tmp/rpm/libzstd-devel-1.5.1-2.el9.x86_64.rpm",
        "/tmp/rpm/zlib-devel-1.2.11-40.el9.x86_64.rpm",
        "/tmp/rpm/libxcrypt-devel-4.4.18-3.el9.x86_64.rpm"
    ]
}
2025-04-18 05:02:33,681 p=24522 u=dmeta n=ansible | TASK [upgrade-local-rpm : upgrade rpm] ********************************************************************************************************
2025-04-18 05:02:33,681 p=24522 u=dmeta n=ansible | changed: [arteva1]
2025-04-18 05:02:33,687 p=24522 u=dmeta n=ansible | PLAY RECAP ************************************************************************************************************************************
2025-04-18 05:02:33,687 p=24522 u=dmeta n=ansible | arteva1                    : ok=7    changed=2    unreachable=0    failed=0    skipped=1    rescued=0    ignored=0   
2025-04-18 05:05:37,250 p=24616 u=dmeta n=ansible | PLAY [Configure NVIDIA] ***********************************************************************************************************************
2025-04-18 05:05:39,420 p=24616 u=dmeta n=ansible | TASK [Gathering Facts] ************************************************************************************************************************
2025-04-18 05:05:39,421 p=24616 u=dmeta n=ansible | [WARNING]: Platform linux on host arteva1 is using the discovered Python interpreter at /usr/bin/python, but future installation of another
Python interpreter could change the meaning of that path. See
https://docs.ansible.com/ansible/2.10/reference_appendices/interpreter_discovery.html for more information.

2025-04-18 05:05:39,421 p=24616 u=dmeta n=ansible | ok: [arteva1]
2025-04-18 05:05:41,636 p=24616 u=dmeta n=ansible | TASK [config-nvidia : Xorg server down] *******************************************************************************************************
2025-04-18 05:05:41,637 p=24616 u=dmeta n=ansible | changed: [arteva1]
2025-04-18 05:05:43,652 p=24616 u=dmeta n=ansible | TASK [config-nvidia : Added blacklist-nouveau.conf] *******************************************************************************************
2025-04-18 05:05:43,652 p=24616 u=dmeta n=ansible | changed: [arteva1] => (item=blacklist-nouveau.conf)
2025-04-18 05:06:04,390 p=24616 u=dmeta n=ansible | TASK [config-nvidia : change limits.conf] *****************************************************************************************************
2025-04-18 05:06:04,391 p=24616 u=dmeta n=ansible | changed: [arteva1]
2025-04-18 05:06:05,593 p=24616 u=dmeta n=ansible | TASK [config-nvidia : Update kernel args] *****************************************************************************************************
2025-04-18 05:06:05,596 p=24616 u=dmeta n=ansible | changed: [arteva1] => (item=modprobe.blacklist=nouveau)
2025-04-18 05:06:09,985 p=24616 u=dmeta n=ansible | TASK [config-nvidia : Relection of changes to the system] *************************************************************************************
2025-04-18 05:06:09,985 p=24616 u=dmeta n=ansible | changed: [arteva1]
2025-04-18 05:06:10,823 p=24616 u=dmeta n=ansible | TASK [config-nvidia : check that file exist] **************************************************************************************************
2025-04-18 05:06:10,824 p=24616 u=dmeta n=ansible | ok: [arteva1] => (item=None)
2025-04-18 05:06:10,825 p=24616 u=dmeta n=ansible | ok: [arteva1]
2025-04-18 05:06:11,645 p=24616 u=dmeta n=ansible | TASK [config-nvidia : Synchronize cached writes to persistent storage] ************************************************************************
2025-04-18 05:06:11,646 p=24616 u=dmeta n=ansible | changed: [arteva1]
2025-04-18 05:08:40,153 p=24616 u=dmeta n=ansible | TASK [config-nvidia : reboot the machine with delay 1] ****************************************************************************************
2025-04-18 05:08:40,154 p=24616 u=dmeta n=ansible | changed: [arteva1]
2025-04-18 05:08:40,164 p=24616 u=dmeta n=ansible | PLAY RECAP ************************************************************************************************************************************
2025-04-18 05:08:40,164 p=24616 u=dmeta n=ansible | arteva1                    : ok=9    changed=7    unreachable=0    failed=0    skipped=3    rescued=0    ignored=0   
2025-04-18 05:48:16,804 p=24833 u=dmeta n=ansible | PLAY [Upgrade local RPM] **********************************************************************************************************************
2025-04-18 05:48:16,855 p=24833 u=dmeta n=ansible | TASK [upgrade-local-rpm : Read rpm update list file] ******************************************************************************************
2025-04-18 05:48:16,856 p=24833 u=dmeta n=ansible | ok: [arteva1]
2025-04-18 05:48:16,873 p=24833 u=dmeta n=ansible | TASK [upgrade-local-rpm : display csv files] **************************************************************************************************
2025-04-18 05:48:16,874 p=24833 u=dmeta n=ansible | ok: [arteva1] => {
    "msg": [
        "cuda-drivers-570.124.06-1.el9.x86_64.rpm",
        "dkms-3.1.6-1.el9.noarch.rpm",
        "egl-gbm-1.1.2-1.el9.x86_64.rpm",
        "egl-wayland-1.1.13.1-3.el9.x86_64.rpm",
        "egl-x11-1.0.1~20241213git61e70b0-1.el9.x86_64.rpm",
        "kmod-nvidia-latest-dkms-570.124.06-1.el9.x86_64.rpm",
        "libglvnd-opengl-1.3.4-1.el9.x86_64.rpm",
        "libnvidia-cfg-570.124.06-1.el9.x86_64.rpm",
        "libnvidia-fbc-570.124.06-1.el9.x86_64.rpm",
        "libnvidia-ml-570.124.06-1.el9.x86_64.rpm",
        "libvdpau-1.5-1.el9.x86_64.rpm",
        "libX11-devel-1.7.0-9.el9.x86_64.rpm",
        "libXau-devel-1.0.9-8.el9.x86_64.rpm",
        "libxcb-devel-1.13.1-9.el9.x86_64.rpm",
        "nvidia-driver-570.124.06-1.el9.x86_64.rpm",
        "nvidia-driver-cuda-570.124.06-1.el9.x86_64.rpm",
        "nvidia-driver-cuda-libs-570.124.06-1.el9.x86_64.rpm",
        "nvidia-driver-libs-570.124.06-1.el9.x86_64.rpm",
        "nvidia-kmod-common-570.124.06-1.el9.noarch.rpm",
        "nvidia-libXNVCtrl-570.124.06-1.el9.x86_64.rpm",
        "nvidia-libXNVCtrl-devel-570.124.06-1.el9.x86_64.rpm",
        "nvidia-modprobe-570.124.06-1.el9.x86_64.rpm",
        "nvidia-persistenced-570.124.06-1.el9.x86_64.rpm",
        "nvidia-settings-570.124.06-1.el9.x86_64.rpm",
        "nvidia-xconfig-570.124.06-1.el9.x86_64.rpm",
        "ocl-icd-2.2.13-4.el9.x86_64.rpm",
        "opencl-filesystem-1.0-15.el9.noarch.rpm",
        "patch-2.7.6-16.el9.x86_64.rpm",
        "xorg-x11-nvidia-570.124.06-1.el9.x86_64.rpm",
        "xorg-x11-proto-devel-2024.1-1.el9.noarch.rpm"
    ]
}
2025-04-18 05:48:16,891 p=24833 u=dmeta n=ansible | TASK [upgrade-local-rpm : create list var] ****************************************************************************************************
2025-04-18 05:48:16,891 p=24833 u=dmeta n=ansible | ok: [arteva1]
2025-04-18 05:48:16,912 p=24833 u=dmeta n=ansible | TASK [upgrade-local-rpm : put the rpm name in list] *******************************************************************************************
2025-04-18 05:48:16,913 p=24833 u=dmeta n=ansible | ok: [arteva1] => (item=cuda-drivers-570.124.06-1.el9.x86_64.rpm)
2025-04-18 05:48:16,919 p=24833 u=dmeta n=ansible | ok: [arteva1] => (item=dkms-3.1.6-1.el9.noarch.rpm)
2025-04-18 05:48:16,925 p=24833 u=dmeta n=ansible | ok: [arteva1] => (item=egl-gbm-1.1.2-1.el9.x86_64.rpm)
2025-04-18 05:48:16,930 p=24833 u=dmeta n=ansible | ok: [arteva1] => (item=egl-wayland-1.1.13.1-3.el9.x86_64.rpm)
2025-04-18 05:48:16,934 p=24833 u=dmeta n=ansible | ok: [arteva1] => (item=egl-x11-1.0.1~20241213git61e70b0-1.el9.x86_64.rpm)
2025-04-18 05:48:16,937 p=24833 u=dmeta n=ansible | ok: [arteva1] => (item=kmod-nvidia-latest-dkms-570.124.06-1.el9.x86_64.rpm)
2025-04-18 05:48:16,941 p=24833 u=dmeta n=ansible | ok: [arteva1] => (item=libglvnd-opengl-1.3.4-1.el9.x86_64.rpm)
2025-04-18 05:48:16,948 p=24833 u=dmeta n=ansible | ok: [arteva1] => (item=libnvidia-cfg-570.124.06-1.el9.x86_64.rpm)
2025-04-18 05:48:16,951 p=24833 u=dmeta n=ansible | ok: [arteva1] => (item=libnvidia-fbc-570.124.06-1.el9.x86_64.rpm)
2025-04-18 05:48:16,954 p=24833 u=dmeta n=ansible | ok: [arteva1] => (item=libnvidia-ml-570.124.06-1.el9.x86_64.rpm)
2025-04-18 05:48:16,957 p=24833 u=dmeta n=ansible | ok: [arteva1] => (item=libvdpau-1.5-1.el9.x86_64.rpm)
2025-04-18 05:48:16,961 p=24833 u=dmeta n=ansible | ok: [arteva1] => (item=libX11-devel-1.7.0-9.el9.x86_64.rpm)
2025-04-18 05:48:16,966 p=24833 u=dmeta n=ansible | ok: [arteva1] => (item=libXau-devel-1.0.9-8.el9.x86_64.rpm)
2025-04-18 05:48:16,968 p=24833 u=dmeta n=ansible | ok: [arteva1] => (item=libxcb-devel-1.13.1-9.el9.x86_64.rpm)
2025-04-18 05:48:16,972 p=24833 u=dmeta n=ansible | ok: [arteva1] => (item=nvidia-driver-570.124.06-1.el9.x86_64.rpm)
2025-04-18 05:48:16,976 p=24833 u=dmeta n=ansible | ok: [arteva1] => (item=nvidia-driver-cuda-570.124.06-1.el9.x86_64.rpm)
2025-04-18 05:48:16,979 p=24833 u=dmeta n=ansible | ok: [arteva1] => (item=nvidia-driver-cuda-libs-570.124.06-1.el9.x86_64.rpm)
2025-04-18 05:48:16,982 p=24833 u=dmeta n=ansible | ok: [arteva1] => (item=nvidia-driver-libs-570.124.06-1.el9.x86_64.rpm)
2025-04-18 05:48:16,986 p=24833 u=dmeta n=ansible | ok: [arteva1] => (item=nvidia-kmod-common-570.124.06-1.el9.noarch.rpm)
2025-04-18 05:48:16,990 p=24833 u=dmeta n=ansible | ok: [arteva1] => (item=nvidia-libXNVCtrl-570.124.06-1.el9.x86_64.rpm)
2025-04-18 05:48:16,993 p=24833 u=dmeta n=ansible | ok: [arteva1] => (item=nvidia-libXNVCtrl-devel-570.124.06-1.el9.x86_64.rpm)
2025-04-18 05:48:16,997 p=24833 u=dmeta n=ansible | ok: [arteva1] => (item=nvidia-modprobe-570.124.06-1.el9.x86_64.rpm)
2025-04-18 05:48:17,000 p=24833 u=dmeta n=ansible | ok: [arteva1] => (item=nvidia-persistenced-570.124.06-1.el9.x86_64.rpm)
2025-04-18 05:48:17,004 p=24833 u=dmeta n=ansible | ok: [arteva1] => (item=nvidia-settings-570.124.06-1.el9.x86_64.rpm)
2025-04-18 05:48:17,008 p=24833 u=dmeta n=ansible | ok: [arteva1] => (item=nvidia-xconfig-570.124.06-1.el9.x86_64.rpm)
2025-04-18 05:48:17,012 p=24833 u=dmeta n=ansible | ok: [arteva1] => (item=ocl-icd-2.2.13-4.el9.x86_64.rpm)
2025-04-18 05:48:17,016 p=24833 u=dmeta n=ansible | ok: [arteva1] => (item=opencl-filesystem-1.0-15.el9.noarch.rpm)
2025-04-18 05:48:17,021 p=24833 u=dmeta n=ansible | ok: [arteva1] => (item=patch-2.7.6-16.el9.x86_64.rpm)
2025-04-18 05:48:17,024 p=24833 u=dmeta n=ansible | ok: [arteva1] => (item=xorg-x11-nvidia-570.124.06-1.el9.x86_64.rpm)
2025-04-18 05:48:17,028 p=24833 u=dmeta n=ansible | ok: [arteva1] => (item=xorg-x11-proto-devel-2024.1-1.el9.noarch.rpm)
2025-04-18 05:48:17,048 p=24833 u=dmeta n=ansible | TASK [upgrade-local-rpm : display csv files] **************************************************************************************************
2025-04-18 05:48:17,048 p=24833 u=dmeta n=ansible | ok: [arteva1] => {
    "msg": [
        "/tmp/nvidia-driver/cuda-drivers-570.124.06-1.el9.x86_64.rpm",
        "/tmp/nvidia-driver/dkms-3.1.6-1.el9.noarch.rpm",
        "/tmp/nvidia-driver/egl-gbm-1.1.2-1.el9.x86_64.rpm",
        "/tmp/nvidia-driver/egl-wayland-1.1.13.1-3.el9.x86_64.rpm",
        "/tmp/nvidia-driver/egl-x11-1.0.1~20241213git61e70b0-1.el9.x86_64.rpm",
        "/tmp/nvidia-driver/kmod-nvidia-latest-dkms-570.124.06-1.el9.x86_64.rpm",
        "/tmp/nvidia-driver/libglvnd-opengl-1.3.4-1.el9.x86_64.rpm",
        "/tmp/nvidia-driver/libnvidia-cfg-570.124.06-1.el9.x86_64.rpm",
        "/tmp/nvidia-driver/libnvidia-fbc-570.124.06-1.el9.x86_64.rpm",
        "/tmp/nvidia-driver/libnvidia-ml-570.124.06-1.el9.x86_64.rpm",
        "/tmp/nvidia-driver/libvdpau-1.5-1.el9.x86_64.rpm",
        "/tmp/nvidia-driver/libX11-devel-1.7.0-9.el9.x86_64.rpm",
        "/tmp/nvidia-driver/libXau-devel-1.0.9-8.el9.x86_64.rpm",
        "/tmp/nvidia-driver/libxcb-devel-1.13.1-9.el9.x86_64.rpm",
        "/tmp/nvidia-driver/nvidia-driver-570.124.06-1.el9.x86_64.rpm",
        "/tmp/nvidia-driver/nvidia-driver-cuda-570.124.06-1.el9.x86_64.rpm",
        "/tmp/nvidia-driver/nvidia-driver-cuda-libs-570.124.06-1.el9.x86_64.rpm",
        "/tmp/nvidia-driver/nvidia-driver-libs-570.124.06-1.el9.x86_64.rpm",
        "/tmp/nvidia-driver/nvidia-kmod-common-570.124.06-1.el9.noarch.rpm",
        "/tmp/nvidia-driver/nvidia-libXNVCtrl-570.124.06-1.el9.x86_64.rpm",
        "/tmp/nvidia-driver/nvidia-libXNVCtrl-devel-570.124.06-1.el9.x86_64.rpm",
        "/tmp/nvidia-driver/nvidia-modprobe-570.124.06-1.el9.x86_64.rpm",
        "/tmp/nvidia-driver/nvidia-persistenced-570.124.06-1.el9.x86_64.rpm",
        "/tmp/nvidia-driver/nvidia-settings-570.124.06-1.el9.x86_64.rpm",
        "/tmp/nvidia-driver/nvidia-xconfig-570.124.06-1.el9.x86_64.rpm",
        "/tmp/nvidia-driver/ocl-icd-2.2.13-4.el9.x86_64.rpm",
        "/tmp/nvidia-driver/opencl-filesystem-1.0-15.el9.noarch.rpm",
        "/tmp/nvidia-driver/patch-2.7.6-16.el9.x86_64.rpm",
        "/tmp/nvidia-driver/xorg-x11-nvidia-570.124.06-1.el9.x86_64.rpm",
        "/tmp/nvidia-driver/xorg-x11-proto-devel-2024.1-1.el9.noarch.rpm"
    ]
}
2025-04-18 05:49:41,233 p=24833 u=dmeta n=ansible | TASK [upgrade-local-rpm : upgrade rpm] ********************************************************************************************************
2025-04-18 05:49:41,234 p=24833 u=dmeta n=ansible | [WARNING]: Platform linux on host arteva1 is using the discovered Python interpreter at /usr/bin/python, but future installation of another
Python interpreter could change the meaning of that path. See
https://docs.ansible.com/ansible/2.10/reference_appendices/interpreter_discovery.html for more information.

2025-04-18 05:49:41,234 p=24833 u=dmeta n=ansible | changed: [arteva1]
2025-04-18 05:49:42,168 p=24833 u=dmeta n=ansible | TASK [upgrade-local-rpm : delete rpm file to VM] **********************************************************************************************
2025-04-18 05:49:42,169 p=24833 u=dmeta n=ansible | changed: [arteva1]
2025-04-18 05:49:43,334 p=24833 u=dmeta n=ansible | TASK [upgrade-local-rpm : Synchronize cached writes to persistent storage] ********************************************************************
2025-04-18 05:49:43,334 p=24833 u=dmeta n=ansible | changed: [arteva1]
2025-04-18 05:52:15,248 p=24833 u=dmeta n=ansible | TASK [upgrade-local-rpm : reboot the machine with delay 1] ************************************************************************************
2025-04-18 05:52:15,249 p=24833 u=dmeta n=ansible | changed: [arteva1]
2025-04-18 05:52:15,260 p=24833 u=dmeta n=ansible | PLAY RECAP ************************************************************************************************************************************
2025-04-18 05:52:15,261 p=24833 u=dmeta n=ansible | arteva1                    : ok=9    changed=4    unreachable=0    failed=0    skipped=0    rescued=0    ignored=0   
2025-04-18 05:58:57,769 p=25017 u=dmeta n=ansible | PLAY [Upgrade local RPM] **********************************************************************************************************************
2025-04-18 06:07:13,860 p=25017 u=dmeta n=ansible | TASK [upgrade-local-rpm : upload src rpm files] ***********************************************************************************************
2025-04-18 06:07:13,861 p=25017 u=dmeta n=ansible | changed: [arteva1] => (item=cuda-12-8.tar.gz)
2025-04-18 06:07:13,862 p=25017 u=dmeta n=ansible | [WARNING]: Platform linux on host arteva1 is using the discovered Python interpreter at /usr/bin/python, but future installation of another
Python interpreter could change the meaning of that path. See
https://docs.ansible.com/ansible/2.10/reference_appendices/interpreter_discovery.html for more information.

2025-04-18 06:07:13,890 p=25017 u=dmeta n=ansible | TASK [upgrade-local-rpm : Read rpm update list file] ******************************************************************************************
2025-04-18 06:07:13,891 p=25017 u=dmeta n=ansible | ok: [arteva1]
2025-04-18 06:07:13,916 p=25017 u=dmeta n=ansible | TASK [upgrade-local-rpm : display csv files] **************************************************************************************************
2025-04-18 06:07:13,917 p=25017 u=dmeta n=ansible | ok: [arteva1] => {
    "msg": [
        "cuda-cccl-12-8-12.8.90-1.x86_64.rpm",
        "cuda-command-line-tools-12-8-12.8.1-1.x86_64.rpm",
        "cuda-compiler-12-8-12.8.1-1.x86_64.rpm",
        "cuda-crt-12-8-12.8.93-1.x86_64.rpm",
        "cuda-cudart-12-8-12.8.90-1.x86_64.rpm",
        "cuda-cudart-devel-12-8-12.8.90-1.x86_64.rpm",
        "cuda-cuobjdump-12-8-12.8.90-1.x86_64.rpm",
        "cuda-cupti-12-8-12.8.90-1.x86_64.rpm",
        "cuda-cuxxfilt-12-8-12.8.90-1.x86_64.rpm",
        "cuda-documentation-12-8-12.8.90-1.x86_64.rpm",
        "cuda-driver-devel-12-8-12.8.90-1.x86_64.rpm",
        "cuda-gdb-12-8-12.8.90-1.x86_64.rpm",
        "cuda-libraries-12-8-12.8.1-1.x86_64.rpm",
        "cuda-libraries-devel-12-8-12.8.1-1.x86_64.rpm",
        "cuda-nsight-12-8-12.8.90-1.x86_64.rpm",
        "cuda-nsight-compute-12-8-12.8.1-1.x86_64.rpm",
        "cuda-nsight-systems-12-8-12.8.1-1.x86_64.rpm",
        "cuda-nvcc-12-8-12.8.93-1.x86_64.rpm",
        "cuda-nvdisasm-12-8-12.8.90-1.x86_64.rpm",
        "cuda-nvml-devel-12-8-12.8.90-1.x86_64.rpm",
        "cuda-nvprof-12-8-12.8.90-1.x86_64.rpm",
        "cuda-nvprune-12-8-12.8.90-1.x86_64.rpm",
        "cuda-nvrtc-12-8-12.8.93-1.x86_64.rpm",
        "cuda-nvrtc-devel-12-8-12.8.93-1.x86_64.rpm",
        "cuda-nvtx-12-8-12.8.90-1.x86_64.rpm",
        "cuda-nvvm-12-8-12.8.93-1.x86_64.rpm",
        "cuda-nvvp-12-8-12.8.93-1.x86_64.rpm",
        "cuda-opencl-12-8-12.8.90-1.x86_64.rpm",
        "cuda-opencl-devel-12-8-12.8.90-1.x86_64.rpm",
        "cuda-profiler-api-12-8-12.8.90-1.x86_64.rpm",
        "cuda-sanitizer-12-8-12.8.93-1.x86_64.rpm",
        "cuda-toolkit-12-8-12.8.1-1.x86_64.rpm",
        "cuda-toolkit-12-8-config-common-12.8.90-1.noarch.rpm",
        "cuda-toolkit-12-config-common-12.8.90-1.noarch.rpm",
        "cuda-toolkit-config-common-12.8.90-1.noarch.rpm",
        "cuda-tools-12-8-12.8.1-1.x86_64.rpm",
        "cuda-visual-tools-12-8-12.8.1-1.x86_64.rpm",
        "gcc-c++-11.5.0-2.el9.x86_64.rpm",
        "gds-tools-12-8-1.13.1.3-1.x86_64.rpm",
        "infiniband-diags-51.0-1.el9.x86_64.rpm",
        "java-17-openjdk-17.0.13.0.11-4.el9.x86_64.rpm",
        "java-17-openjdk-headless-17.0.13.0.11-4.el9.x86_64.rpm",
        "libcublas-12-8-12.8.4.1-1.x86_64.rpm",
        "libcublas-devel-12-8-12.8.4.1-1.x86_64.rpm",
        "libcufft-12-8-11.3.3.83-1.x86_64.rpm",
        "libcufft-devel-12-8-11.3.3.83-1.x86_64.rpm",
        "libcufile-12-8-1.13.1.3-1.x86_64.rpm",
        "libcufile-devel-12-8-1.13.1.3-1.x86_64.rpm",
        "libcurand-12-8-10.3.9.90-1.x86_64.rpm",
        "libcurand-devel-12-8-10.3.9.90-1.x86_64.rpm",
        "libcusolver-12-8-11.7.3.90-1.x86_64.rpm",
        "libcusolver-devel-12-8-11.7.3.90-1.x86_64.rpm",
        "libcusparse-12-8-12.5.8.93-1.x86_64.rpm",
        "libcusparse-devel-12-8-12.5.8.93-1.x86_64.rpm",
        "libibumad-51.0-1.el9.x86_64.rpm",
        "libmnl-devel-1.0.4-16.el9_4.x86_64.rpm",
        "libnpp-12-8-12.3.3.100-1.x86_64.rpm",
        "libnpp-devel-12-8-12.3.3.100-1.x86_64.rpm",
        "libnvfatbin-12-8-12.8.90-1.x86_64.rpm",
        "libnvfatbin-devel-12-8-12.8.90-1.x86_64.rpm",
        "libnvidia-nscq-570-570.124.06-1.x86_64.rpm",
        "libnvjitlink-12-8-12.8.93-1.x86_64.rpm",
        "libnvjitlink-devel-12-8-12.8.93-1.x86_64.rpm",
        "libnvjpeg-12-8-12.3.5.92-1.x86_64.rpm",
        "libnvjpeg-devel-12-8-12.3.5.92-1.x86_64.rpm",
        "libnvsdm-570-570.124.06-1.x86_64.rpm",
        "librdmacm-51.0-1.el9.x86_64.rpm",
        "libstdc++-devel-11.5.0-2.el9.x86_64.rpm",
        "nsight-compute-2025.1.1-2025.1.1.2-1.x86_64.rpm",
        "nsight-systems-2024.6.2-2024.6.2.225_3524440-0.x86_64.rpm",
        "rdma-core-devel-51.0-1.el9.x86_64.rpm",
        "xcb-util-image-0.4.0-19.el9.0.1.x86_64.rpm",
        "xcb-util-keysyms-0.4.0-17.el9.x86_64.rpm",
        "xcb-util-renderutil-0.3.9-20.el9.0.1.x86_64.rpm",
        "xcb-util-wm-0.4.1-22.el9.x86_64.rpm"
    ]
}
2025-04-18 06:07:13,956 p=25017 u=dmeta n=ansible | TASK [upgrade-local-rpm : create list var] ****************************************************************************************************
2025-04-18 06:07:13,957 p=25017 u=dmeta n=ansible | ok: [arteva1]
2025-04-18 06:07:14,007 p=25017 u=dmeta n=ansible | TASK [upgrade-local-rpm : put the rpm name in list] *******************************************************************************************
2025-04-18 06:07:14,008 p=25017 u=dmeta n=ansible | ok: [arteva1] => (item=cuda-cccl-12-8-12.8.90-1.x86_64.rpm)
2025-04-18 06:07:14,017 p=25017 u=dmeta n=ansible | ok: [arteva1] => (item=cuda-command-line-tools-12-8-12.8.1-1.x86_64.rpm)
2025-04-18 06:07:14,026 p=25017 u=dmeta n=ansible | ok: [arteva1] => (item=cuda-compiler-12-8-12.8.1-1.x86_64.rpm)
2025-04-18 06:07:14,035 p=25017 u=dmeta n=ansible | ok: [arteva1] => (item=cuda-crt-12-8-12.8.93-1.x86_64.rpm)
2025-04-18 06:07:14,046 p=25017 u=dmeta n=ansible | ok: [arteva1] => (item=cuda-cudart-12-8-12.8.90-1.x86_64.rpm)
2025-04-18 06:07:14,055 p=25017 u=dmeta n=ansible | ok: [arteva1] => (item=cuda-cudart-devel-12-8-12.8.90-1.x86_64.rpm)
2025-04-18 06:07:14,064 p=25017 u=dmeta n=ansible | ok: [arteva1] => (item=cuda-cuobjdump-12-8-12.8.90-1.x86_64.rpm)
2025-04-18 06:07:14,072 p=25017 u=dmeta n=ansible | ok: [arteva1] => (item=cuda-cupti-12-8-12.8.90-1.x86_64.rpm)
2025-04-18 06:07:14,080 p=25017 u=dmeta n=ansible | ok: [arteva1] => (item=cuda-cuxxfilt-12-8-12.8.90-1.x86_64.rpm)
2025-04-18 06:07:14,088 p=25017 u=dmeta n=ansible | ok: [arteva1] => (item=cuda-documentation-12-8-12.8.90-1.x86_64.rpm)
2025-04-18 06:07:14,097 p=25017 u=dmeta n=ansible | ok: [arteva1] => (item=cuda-driver-devel-12-8-12.8.90-1.x86_64.rpm)
2025-04-18 06:07:14,105 p=25017 u=dmeta n=ansible | ok: [arteva1] => (item=cuda-gdb-12-8-12.8.90-1.x86_64.rpm)
2025-04-18 06:07:14,114 p=25017 u=dmeta n=ansible | ok: [arteva1] => (item=cuda-libraries-12-8-12.8.1-1.x86_64.rpm)
2025-04-18 06:07:14,124 p=25017 u=dmeta n=ansible | ok: [arteva1] => (item=cuda-libraries-devel-12-8-12.8.1-1.x86_64.rpm)
2025-04-18 06:07:14,132 p=25017 u=dmeta n=ansible | ok: [arteva1] => (item=cuda-nsight-12-8-12.8.90-1.x86_64.rpm)
2025-04-18 06:07:14,141 p=25017 u=dmeta n=ansible | ok: [arteva1] => (item=cuda-nsight-compute-12-8-12.8.1-1.x86_64.rpm)
2025-04-18 06:07:14,153 p=25017 u=dmeta n=ansible | ok: [arteva1] => (item=cuda-nsight-systems-12-8-12.8.1-1.x86_64.rpm)
2025-04-18 06:07:14,244 p=25017 u=dmeta n=ansible | ok: [arteva1] => (item=cuda-nvcc-12-8-12.8.93-1.x86_64.rpm)
2025-04-18 06:07:14,256 p=25017 u=dmeta n=ansible | ok: [arteva1] => (item=cuda-nvdisasm-12-8-12.8.90-1.x86_64.rpm)
2025-04-18 06:07:14,266 p=25017 u=dmeta n=ansible | ok: [arteva1] => (item=cuda-nvml-devel-12-8-12.8.90-1.x86_64.rpm)
2025-04-18 06:07:14,274 p=25017 u=dmeta n=ansible | ok: [arteva1] => (item=cuda-nvprof-12-8-12.8.90-1.x86_64.rpm)
2025-04-18 06:07:14,283 p=25017 u=dmeta n=ansible | ok: [arteva1] => (item=cuda-nvprune-12-8-12.8.90-1.x86_64.rpm)
2025-04-18 06:07:14,293 p=25017 u=dmeta n=ansible | ok: [arteva1] => (item=cuda-nvrtc-12-8-12.8.93-1.x86_64.rpm)
2025-04-18 06:07:14,301 p=25017 u=dmeta n=ansible | ok: [arteva1] => (item=cuda-nvrtc-devel-12-8-12.8.93-1.x86_64.rpm)
2025-04-18 06:07:14,310 p=25017 u=dmeta n=ansible | ok: [arteva1] => (item=cuda-nvtx-12-8-12.8.90-1.x86_64.rpm)
2025-04-18 06:07:14,320 p=25017 u=dmeta n=ansible | ok: [arteva1] => (item=cuda-nvvm-12-8-12.8.93-1.x86_64.rpm)
2025-04-18 06:07:14,329 p=25017 u=dmeta n=ansible | ok: [arteva1] => (item=cuda-nvvp-12-8-12.8.93-1.x86_64.rpm)
2025-04-18 06:07:14,336 p=25017 u=dmeta n=ansible | ok: [arteva1] => (item=cuda-opencl-12-8-12.8.90-1.x86_64.rpm)
2025-04-18 06:07:14,345 p=25017 u=dmeta n=ansible | ok: [arteva1] => (item=cuda-opencl-devel-12-8-12.8.90-1.x86_64.rpm)
2025-04-18 06:07:14,356 p=25017 u=dmeta n=ansible | ok: [arteva1] => (item=cuda-profiler-api-12-8-12.8.90-1.x86_64.rpm)
2025-04-18 06:07:14,366 p=25017 u=dmeta n=ansible | ok: [arteva1] => (item=cuda-sanitizer-12-8-12.8.93-1.x86_64.rpm)
2025-04-18 06:07:14,375 p=25017 u=dmeta n=ansible | ok: [arteva1] => (item=cuda-toolkit-12-8-12.8.1-1.x86_64.rpm)
2025-04-18 06:07:14,382 p=25017 u=dmeta n=ansible | ok: [arteva1] => (item=cuda-toolkit-12-8-config-common-12.8.90-1.noarch.rpm)
2025-04-18 06:07:14,390 p=25017 u=dmeta n=ansible | ok: [arteva1] => (item=cuda-toolkit-12-config-common-12.8.90-1.noarch.rpm)
2025-04-18 06:07:14,399 p=25017 u=dmeta n=ansible | ok: [arteva1] => (item=cuda-toolkit-config-common-12.8.90-1.noarch.rpm)
2025-04-18 06:07:14,408 p=25017 u=dmeta n=ansible | ok: [arteva1] => (item=cuda-tools-12-8-12.8.1-1.x86_64.rpm)
2025-04-18 06:07:14,415 p=25017 u=dmeta n=ansible | ok: [arteva1] => (item=cuda-visual-tools-12-8-12.8.1-1.x86_64.rpm)
2025-04-18 06:07:14,425 p=25017 u=dmeta n=ansible | ok: [arteva1] => (item=gcc-c++-11.5.0-2.el9.x86_64.rpm)
2025-04-18 06:07:14,432 p=25017 u=dmeta n=ansible | ok: [arteva1] => (item=gds-tools-12-8-1.13.1.3-1.x86_64.rpm)
2025-04-18 06:07:14,442 p=25017 u=dmeta n=ansible | ok: [arteva1] => (item=infiniband-diags-51.0-1.el9.x86_64.rpm)
2025-04-18 06:07:14,455 p=25017 u=dmeta n=ansible | ok: [arteva1] => (item=java-17-openjdk-17.0.13.0.11-4.el9.x86_64.rpm)
2025-04-18 06:07:14,468 p=25017 u=dmeta n=ansible | ok: [arteva1] => (item=java-17-openjdk-headless-17.0.13.0.11-4.el9.x86_64.rpm)
2025-04-18 06:07:14,477 p=25017 u=dmeta n=ansible | ok: [arteva1] => (item=libcublas-12-8-12.8.4.1-1.x86_64.rpm)
2025-04-18 06:07:14,485 p=25017 u=dmeta n=ansible | ok: [arteva1] => (item=libcublas-devel-12-8-12.8.4.1-1.x86_64.rpm)
2025-04-18 06:07:14,494 p=25017 u=dmeta n=ansible | ok: [arteva1] => (item=libcufft-12-8-11.3.3.83-1.x86_64.rpm)
2025-04-18 06:07:14,502 p=25017 u=dmeta n=ansible | ok: [arteva1] => (item=libcufft-devel-12-8-11.3.3.83-1.x86_64.rpm)
2025-04-18 06:07:14,512 p=25017 u=dmeta n=ansible | ok: [arteva1] => (item=libcufile-12-8-1.13.1.3-1.x86_64.rpm)
2025-04-18 06:07:14,530 p=25017 u=dmeta n=ansible | ok: [arteva1] => (item=libcufile-devel-12-8-1.13.1.3-1.x86_64.rpm)
2025-04-18 06:07:14,531 p=25017 u=dmeta n=ansible | ok: [arteva1] => (item=libcurand-12-8-10.3.9.90-1.x86_64.rpm)
2025-04-18 06:07:14,539 p=25017 u=dmeta n=ansible | ok: [arteva1] => (item=libcurand-devel-12-8-10.3.9.90-1.x86_64.rpm)
2025-04-18 06:07:14,572 p=25017 u=dmeta n=ansible | ok: [arteva1] => (item=libcusolver-12-8-11.7.3.90-1.x86_64.rpm)
2025-04-18 06:07:14,575 p=25017 u=dmeta n=ansible | ok: [arteva1] => (item=libcusolver-devel-12-8-11.7.3.90-1.x86_64.rpm)
2025-04-18 06:07:14,576 p=25017 u=dmeta n=ansible | ok: [arteva1] => (item=libcusparse-12-8-12.5.8.93-1.x86_64.rpm)
2025-04-18 06:07:14,576 p=25017 u=dmeta n=ansible | ok: [arteva1] => (item=libcusparse-devel-12-8-12.5.8.93-1.x86_64.rpm)
2025-04-18 06:07:14,586 p=25017 u=dmeta n=ansible | ok: [arteva1] => (item=libibumad-51.0-1.el9.x86_64.rpm)
2025-04-18 06:07:14,615 p=25017 u=dmeta n=ansible | ok: [arteva1] => (item=libmnl-devel-1.0.4-16.el9_4.x86_64.rpm)
2025-04-18 06:07:14,615 p=25017 u=dmeta n=ansible | ok: [arteva1] => (item=libnpp-12-8-12.3.3.100-1.x86_64.rpm)
2025-04-18 06:07:14,620 p=25017 u=dmeta n=ansible | ok: [arteva1] => (item=libnpp-devel-12-8-12.3.3.100-1.x86_64.rpm)
2025-04-18 06:07:14,626 p=25017 u=dmeta n=ansible | ok: [arteva1] => (item=libnvfatbin-12-8-12.8.90-1.x86_64.rpm)
2025-04-18 06:07:14,678 p=25017 u=dmeta n=ansible | ok: [arteva1] => (item=libnvfatbin-devel-12-8-12.8.90-1.x86_64.rpm)
2025-04-18 06:07:14,682 p=25017 u=dmeta n=ansible | ok: [arteva1] => (item=libnvidia-nscq-570-570.124.06-1.x86_64.rpm)
2025-04-18 06:07:14,696 p=25017 u=dmeta n=ansible | ok: [arteva1] => (item=libnvjitlink-12-8-12.8.93-1.x86_64.rpm)
2025-04-18 06:07:14,696 p=25017 u=dmeta n=ansible | ok: [arteva1] => (item=libnvjitlink-devel-12-8-12.8.93-1.x86_64.rpm)
2025-04-18 06:07:14,697 p=25017 u=dmeta n=ansible | ok: [arteva1] => (item=libnvjpeg-12-8-12.3.5.92-1.x86_64.rpm)
2025-04-18 06:07:14,697 p=25017 u=dmeta n=ansible | ok: [arteva1] => (item=libnvjpeg-devel-12-8-12.3.5.92-1.x86_64.rpm)
2025-04-18 06:07:14,697 p=25017 u=dmeta n=ansible | ok: [arteva1] => (item=libnvsdm-570-570.124.06-1.x86_64.rpm)
2025-04-18 06:07:14,705 p=25017 u=dmeta n=ansible | ok: [arteva1] => (item=librdmacm-51.0-1.el9.x86_64.rpm)
2025-04-18 06:07:14,716 p=25017 u=dmeta n=ansible | ok: [arteva1] => (item=libstdc++-devel-11.5.0-2.el9.x86_64.rpm)
2025-04-18 06:07:14,722 p=25017 u=dmeta n=ansible | ok: [arteva1] => (item=nsight-compute-2025.1.1-2025.1.1.2-1.x86_64.rpm)
2025-04-18 06:07:14,762 p=25017 u=dmeta n=ansible | ok: [arteva1] => (item=nsight-systems-2024.6.2-2024.6.2.225_3524440-0.x86_64.rpm)
2025-04-18 06:07:14,768 p=25017 u=dmeta n=ansible | ok: [arteva1] => (item=rdma-core-devel-51.0-1.el9.x86_64.rpm)
2025-04-18 06:07:14,768 p=25017 u=dmeta n=ansible | ok: [arteva1] => (item=xcb-util-image-0.4.0-19.el9.0.1.x86_64.rpm)
2025-04-18 06:07:14,769 p=25017 u=dmeta n=ansible | ok: [arteva1] => (item=xcb-util-keysyms-0.4.0-17.el9.x86_64.rpm)
2025-04-18 06:07:14,774 p=25017 u=dmeta n=ansible | ok: [arteva1] => (item=xcb-util-renderutil-0.3.9-20.el9.0.1.x86_64.rpm)
2025-04-18 06:07:14,782 p=25017 u=dmeta n=ansible | ok: [arteva1] => (item=xcb-util-wm-0.4.1-22.el9.x86_64.rpm)
2025-04-18 06:07:14,848 p=25017 u=dmeta n=ansible | TASK [upgrade-local-rpm : display csv files] **************************************************************************************************
2025-04-18 06:07:14,849 p=25017 u=dmeta n=ansible | ok: [arteva1] => {
    "msg": [
        "/tmp/cuda-12-8/cuda-cccl-12-8-12.8.90-1.x86_64.rpm",
        "/tmp/cuda-12-8/cuda-command-line-tools-12-8-12.8.1-1.x86_64.rpm",
        "/tmp/cuda-12-8/cuda-compiler-12-8-12.8.1-1.x86_64.rpm",
        "/tmp/cuda-12-8/cuda-crt-12-8-12.8.93-1.x86_64.rpm",
        "/tmp/cuda-12-8/cuda-cudart-12-8-12.8.90-1.x86_64.rpm",
        "/tmp/cuda-12-8/cuda-cudart-devel-12-8-12.8.90-1.x86_64.rpm",
        "/tmp/cuda-12-8/cuda-cuobjdump-12-8-12.8.90-1.x86_64.rpm",
        "/tmp/cuda-12-8/cuda-cupti-12-8-12.8.90-1.x86_64.rpm",
        "/tmp/cuda-12-8/cuda-cuxxfilt-12-8-12.8.90-1.x86_64.rpm",
        "/tmp/cuda-12-8/cuda-documentation-12-8-12.8.90-1.x86_64.rpm",
        "/tmp/cuda-12-8/cuda-driver-devel-12-8-12.8.90-1.x86_64.rpm",
        "/tmp/cuda-12-8/cuda-gdb-12-8-12.8.90-1.x86_64.rpm",
        "/tmp/cuda-12-8/cuda-libraries-12-8-12.8.1-1.x86_64.rpm",
        "/tmp/cuda-12-8/cuda-libraries-devel-12-8-12.8.1-1.x86_64.rpm",
        "/tmp/cuda-12-8/cuda-nsight-12-8-12.8.90-1.x86_64.rpm",
        "/tmp/cuda-12-8/cuda-nsight-compute-12-8-12.8.1-1.x86_64.rpm",
        "/tmp/cuda-12-8/cuda-nsight-systems-12-8-12.8.1-1.x86_64.rpm",
        "/tmp/cuda-12-8/cuda-nvcc-12-8-12.8.93-1.x86_64.rpm",
        "/tmp/cuda-12-8/cuda-nvdisasm-12-8-12.8.90-1.x86_64.rpm",
        "/tmp/cuda-12-8/cuda-nvml-devel-12-8-12.8.90-1.x86_64.rpm",
        "/tmp/cuda-12-8/cuda-nvprof-12-8-12.8.90-1.x86_64.rpm",
        "/tmp/cuda-12-8/cuda-nvprune-12-8-12.8.90-1.x86_64.rpm",
        "/tmp/cuda-12-8/cuda-nvrtc-12-8-12.8.93-1.x86_64.rpm",
        "/tmp/cuda-12-8/cuda-nvrtc-devel-12-8-12.8.93-1.x86_64.rpm",
        "/tmp/cuda-12-8/cuda-nvtx-12-8-12.8.90-1.x86_64.rpm",
        "/tmp/cuda-12-8/cuda-nvvm-12-8-12.8.93-1.x86_64.rpm",
        "/tmp/cuda-12-8/cuda-nvvp-12-8-12.8.93-1.x86_64.rpm",
        "/tmp/cuda-12-8/cuda-opencl-12-8-12.8.90-1.x86_64.rpm",
        "/tmp/cuda-12-8/cuda-opencl-devel-12-8-12.8.90-1.x86_64.rpm",
        "/tmp/cuda-12-8/cuda-profiler-api-12-8-12.8.90-1.x86_64.rpm",
        "/tmp/cuda-12-8/cuda-sanitizer-12-8-12.8.93-1.x86_64.rpm",
        "/tmp/cuda-12-8/cuda-toolkit-12-8-12.8.1-1.x86_64.rpm",
        "/tmp/cuda-12-8/cuda-toolkit-12-8-config-common-12.8.90-1.noarch.rpm",
        "/tmp/cuda-12-8/cuda-toolkit-12-config-common-12.8.90-1.noarch.rpm",
        "/tmp/cuda-12-8/cuda-toolkit-config-common-12.8.90-1.noarch.rpm",
        "/tmp/cuda-12-8/cuda-tools-12-8-12.8.1-1.x86_64.rpm",
        "/tmp/cuda-12-8/cuda-visual-tools-12-8-12.8.1-1.x86_64.rpm",
        "/tmp/cuda-12-8/gcc-c++-11.5.0-2.el9.x86_64.rpm",
        "/tmp/cuda-12-8/gds-tools-12-8-1.13.1.3-1.x86_64.rpm",
        "/tmp/cuda-12-8/infiniband-diags-51.0-1.el9.x86_64.rpm",
        "/tmp/cuda-12-8/java-17-openjdk-17.0.13.0.11-4.el9.x86_64.rpm",
        "/tmp/cuda-12-8/java-17-openjdk-headless-17.0.13.0.11-4.el9.x86_64.rpm",
        "/tmp/cuda-12-8/libcublas-12-8-12.8.4.1-1.x86_64.rpm",
        "/tmp/cuda-12-8/libcublas-devel-12-8-12.8.4.1-1.x86_64.rpm",
        "/tmp/cuda-12-8/libcufft-12-8-11.3.3.83-1.x86_64.rpm",
        "/tmp/cuda-12-8/libcufft-devel-12-8-11.3.3.83-1.x86_64.rpm",
        "/tmp/cuda-12-8/libcufile-12-8-1.13.1.3-1.x86_64.rpm",
        "/tmp/cuda-12-8/libcufile-devel-12-8-1.13.1.3-1.x86_64.rpm",
        "/tmp/cuda-12-8/libcurand-12-8-10.3.9.90-1.x86_64.rpm",
        "/tmp/cuda-12-8/libcurand-devel-12-8-10.3.9.90-1.x86_64.rpm",
        "/tmp/cuda-12-8/libcusolver-12-8-11.7.3.90-1.x86_64.rpm",
        "/tmp/cuda-12-8/libcusolver-devel-12-8-11.7.3.90-1.x86_64.rpm",
        "/tmp/cuda-12-8/libcusparse-12-8-12.5.8.93-1.x86_64.rpm",
        "/tmp/cuda-12-8/libcusparse-devel-12-8-12.5.8.93-1.x86_64.rpm",
        "/tmp/cuda-12-8/libibumad-51.0-1.el9.x86_64.rpm",
        "/tmp/cuda-12-8/libmnl-devel-1.0.4-16.el9_4.x86_64.rpm",
        "/tmp/cuda-12-8/libnpp-12-8-12.3.3.100-1.x86_64.rpm",
        "/tmp/cuda-12-8/libnpp-devel-12-8-12.3.3.100-1.x86_64.rpm",
        "/tmp/cuda-12-8/libnvfatbin-12-8-12.8.90-1.x86_64.rpm",
        "/tmp/cuda-12-8/libnvfatbin-devel-12-8-12.8.90-1.x86_64.rpm",
        "/tmp/cuda-12-8/libnvidia-nscq-570-570.124.06-1.x86_64.rpm",
        "/tmp/cuda-12-8/libnvjitlink-12-8-12.8.93-1.x86_64.rpm",
        "/tmp/cuda-12-8/libnvjitlink-devel-12-8-12.8.93-1.x86_64.rpm",
        "/tmp/cuda-12-8/libnvjpeg-12-8-12.3.5.92-1.x86_64.rpm",
        "/tmp/cuda-12-8/libnvjpeg-devel-12-8-12.3.5.92-1.x86_64.rpm",
        "/tmp/cuda-12-8/libnvsdm-570-570.124.06-1.x86_64.rpm",
        "/tmp/cuda-12-8/librdmacm-51.0-1.el9.x86_64.rpm",
        "/tmp/cuda-12-8/libstdc++-devel-11.5.0-2.el9.x86_64.rpm",
        "/tmp/cuda-12-8/nsight-compute-2025.1.1-2025.1.1.2-1.x86_64.rpm",
        "/tmp/cuda-12-8/nsight-systems-2024.6.2-2024.6.2.225_3524440-0.x86_64.rpm",
        "/tmp/cuda-12-8/rdma-core-devel-51.0-1.el9.x86_64.rpm",
        "/tmp/cuda-12-8/xcb-util-image-0.4.0-19.el9.0.1.x86_64.rpm",
        "/tmp/cuda-12-8/xcb-util-keysyms-0.4.0-17.el9.x86_64.rpm",
        "/tmp/cuda-12-8/xcb-util-renderutil-0.3.9-20.el9.0.1.x86_64.rpm",
        "/tmp/cuda-12-8/xcb-util-wm-0.4.1-22.el9.x86_64.rpm"
    ]
}
2025-04-18 06:07:17,081 p=25017 u=dmeta n=ansible | TASK [upgrade-local-rpm : upgrade rpm] ********************************************************************************************************
2025-04-18 06:07:17,082 p=25017 u=dmeta n=ansible | fatal: [arteva1]: FAILED! => {"changed": false, "failures": [], "msg": "Depsolve Error occured: \n Problem 1: conflicting requests\n  - nothing provides javapackages-filesystem needed by java-17-openjdk-headless-1:17.0.13.0.11-4.el9.x86_64 from @commandline\n  - nothing provides lksctp-tools(x86-64) needed by java-17-openjdk-headless-1:17.0.13.0.11-4.el9.x86_64 from @commandline\n  - nothing provides copy-jdk-configs >= 4.0 needed by java-17-openjdk-headless-1:17.0.13.0.11-4.el9.x86_64 from @commandline\n  - nothing provides tzdata-java >= 2024a needed by java-17-openjdk-headless-1:17.0.13.0.11-4.el9.x86_64 from @commandline\n Problem 2: conflicting requests\n  - nothing provides xorg-x11-fonts-Type1 needed by java-17-openjdk-1:17.0.13.0.11-4.el9.x86_64 from @commandline\n Problem 3: package cuda-nvvp-12-8-12.8.93-1.x86_64 from @commandline requires jre >= 1.7, but none of the providers can be installed\n  - conflicting requests\n  - nothing provides xorg-x11-fonts-Type1 needed by java-17-openjdk-1:17.0.13.0.11-4.el9.x86_64 from @commandline\n Problem 4: package cuda-nsight-12-8-12.8.90-1.x86_64 from @commandline requires jre >= 1.7, but none of the providers can be installed\n  - conflicting requests\n  - nothing provides xorg-x11-fonts-Type1 needed by java-17-openjdk-1:17.0.13.0.11-4.el9.x86_64 from @commandline\n Problem 5: package cuda-visual-tools-12-8-12.8.1-1.x86_64 from @commandline requires cuda-nsight-12-8 >= 12.8.90, but none of the providers can be installed\n  - package cuda-nsight-12-8-12.8.90-1.x86_64 from @commandline requires jre >= 1.7, but none of the providers can be installed\n  - conflicting requests\n  - nothing provides xorg-x11-fonts-Type1 needed by java-17-openjdk-1:17.0.13.0.11-4.el9.x86_64 from @commandline\n Problem 6: package cuda-visual-tools-12-8-12.8.1-1.x86_64 from @commandline requires cuda-nvvp-12-8 >= 12.8.93, but none of the providers can be installed\n  - package cuda-tools-12-8-12.8.1-1.x86_64 from @commandline requires cuda-visual-tools-12-8 >= 12.8.1, but none of the providers can be installed\n  - package cuda-nvvp-12-8-12.8.93-1.x86_64 from @commandline requires jre >= 1.7, but none of the providers can be installed\n  - conflicting requests\n  - nothing provides xorg-x11-fonts-Type1 needed by java-17-openjdk-1:17.0.13.0.11-4.el9.x86_64 from @commandline\n Problem 7: package cuda-tools-12-8-12.8.1-1.x86_64 from @commandline requires cuda-visual-tools-12-8 >= 12.8.1, but none of the providers can be installed\n  - package cuda-visual-tools-12-8-12.8.1-1.x86_64 from @commandline requires cuda-nvvp-12-8 >= 12.8.93, but none of the providers can be installed\n  - package cuda-toolkit-12-8-12.8.1-1.x86_64 from @commandline requires cuda-tools-12-8 >= 12.8.1, but none of the providers can be installed\n  - package cuda-nvvp-12-8-12.8.93-1.x86_64 from @commandline requires jre >= 1.7, but none of the providers can be installed\n  - conflicting requests\n  - nothing provides xorg-x11-fonts-Type1 needed by java-17-openjdk-1:17.0.13.0.11-4.el9.x86_64 from @commandline", "rc": 1, "results": []}
2025-04-18 06:07:17,084 p=25017 u=dmeta n=ansible | PLAY RECAP ************************************************************************************************************************************
2025-04-18 06:07:17,085 p=25017 u=dmeta n=ansible | arteva1                    : ok=6    changed=1    unreachable=0    failed=1    skipped=1    rescued=0    ignored=0   
2025-04-18 06:25:46,885 p=25460 u=dmeta n=ansible | PLAY [Upgrade local RPM] **********************************************************************************************************************
2025-04-18 06:34:37,265 p=25460 u=dmeta n=ansible | TASK [upgrade-local-rpm : upload src rpm files] ***********************************************************************************************
2025-04-18 06:34:37,267 p=25460 u=dmeta n=ansible | changed: [arteva1] => (item=cuda-12-8.tar.gz)
2025-04-18 06:34:37,267 p=25460 u=dmeta n=ansible | [WARNING]: Platform linux on host arteva1 is using the discovered Python interpreter at /usr/bin/python, but future installation of another
Python interpreter could change the meaning of that path. See
https://docs.ansible.com/ansible/2.10/reference_appendices/interpreter_discovery.html for more information.

2025-04-18 06:34:37,287 p=25460 u=dmeta n=ansible | TASK [upgrade-local-rpm : Read rpm update list file] ******************************************************************************************
2025-04-18 06:34:37,287 p=25460 u=dmeta n=ansible | ok: [arteva1]
2025-04-18 06:34:37,304 p=25460 u=dmeta n=ansible | TASK [upgrade-local-rpm : display csv files] **************************************************************************************************
2025-04-18 06:34:37,305 p=25460 u=dmeta n=ansible | ok: [arteva1] => {
    "msg": [
        "copy-jdk-configs-4.0-3.el9.noarch.rpm",
        "cuda-cccl-12-8-12.8.90-1.x86_64.rpm",
        "cuda-command-line-tools-12-8-12.8.1-1.x86_64.rpm",
        "cuda-compiler-12-8-12.8.1-1.x86_64.rpm",
        "cuda-crt-12-8-12.8.93-1.x86_64.rpm",
        "cuda-cudart-12-8-12.8.90-1.x86_64.rpm",
        "cuda-cudart-devel-12-8-12.8.90-1.x86_64.rpm",
        "cuda-cuobjdump-12-8-12.8.90-1.x86_64.rpm",
        "cuda-cupti-12-8-12.8.90-1.x86_64.rpm",
        "cuda-cuxxfilt-12-8-12.8.90-1.x86_64.rpm",
        "cuda-documentation-12-8-12.8.90-1.x86_64.rpm",
        "cuda-driver-devel-12-8-12.8.90-1.x86_64.rpm",
        "cuda-gdb-12-8-12.8.90-1.x86_64.rpm",
        "cuda-libraries-12-8-12.8.1-1.x86_64.rpm",
        "cuda-libraries-devel-12-8-12.8.1-1.x86_64.rpm",
        "cuda-nsight-12-8-12.8.90-1.x86_64.rpm",
        "cuda-nsight-compute-12-8-12.8.1-1.x86_64.rpm",
        "cuda-nsight-systems-12-8-12.8.1-1.x86_64.rpm",
        "cuda-nvcc-12-8-12.8.93-1.x86_64.rpm",
        "cuda-nvdisasm-12-8-12.8.90-1.x86_64.rpm",
        "cuda-nvml-devel-12-8-12.8.90-1.x86_64.rpm",
        "cuda-nvprof-12-8-12.8.90-1.x86_64.rpm",
        "cuda-nvprune-12-8-12.8.90-1.x86_64.rpm",
        "cuda-nvrtc-12-8-12.8.93-1.x86_64.rpm",
        "cuda-nvrtc-devel-12-8-12.8.93-1.x86_64.rpm",
        "cuda-nvtx-12-8-12.8.90-1.x86_64.rpm",
        "cuda-nvvm-12-8-12.8.93-1.x86_64.rpm",
        "cuda-nvvp-12-8-12.8.93-1.x86_64.rpm",
        "cuda-opencl-12-8-12.8.90-1.x86_64.rpm",
        "cuda-opencl-devel-12-8-12.8.90-1.x86_64.rpm",
        "cuda-profiler-api-12-8-12.8.90-1.x86_64.rpm",
        "cuda-sanitizer-12-8-12.8.93-1.x86_64.rpm",
        "cuda-toolkit-12-8-12.8.1-1.x86_64.rpm",
        "cuda-toolkit-12-8-config-common-12.8.90-1.noarch.rpm",
        "cuda-toolkit-12-config-common-12.8.90-1.noarch.rpm",
        "cuda-toolkit-config-common-12.8.90-1.noarch.rpm",
        "cuda-tools-12-8-12.8.1-1.x86_64.rpm",
        "cuda-visual-tools-12-8-12.8.1-1.x86_64.rpm",
        "gcc-c++-11.5.0-2.el9.x86_64.rpm",
        "gds-tools-12-8-1.13.1.3-1.x86_64.rpm",
        "infiniband-diags-51.0-1.el9.x86_64.rpm",
        "java-17-openjdk-17.0.13.0.11-4.el9.x86_64.rpm",
        "java-17-openjdk-headless-17.0.13.0.11-4.el9.x86_64.rpm",
        "javapackages-filesystem-6.0.0-4.el9.noarch.rpm ",
        "libcublas-12-8-12.8.4.1-1.x86_64.rpm",
        "libcublas-devel-12-8-12.8.4.1-1.x86_64.rpm",
        "libcufft-12-8-11.3.3.83-1.x86_64.rpm",
        "libcufft-devel-12-8-11.3.3.83-1.x86_64.rpm",
        "libcufile-12-8-1.13.1.3-1.x86_64.rpm",
        "libcufile-devel-12-8-1.13.1.3-1.x86_64.rpm",
        "libcurand-12-8-10.3.9.90-1.x86_64.rpm",
        "libcurand-devel-12-8-10.3.9.90-1.x86_64.rpm",
        "libcusolver-12-8-11.7.3.90-1.x86_64.rpm",
        "libcusolver-devel-12-8-11.7.3.90-1.x86_64.rpm",
        "libcusparse-12-8-12.5.8.93-1.x86_64.rpm",
        "libcusparse-devel-12-8-12.5.8.93-1.x86_64.rpm",
        "libibumad-51.0-1.el9.x86_64.rpm",
        "libmnl-devel-1.0.4-16.el9_4.x86_64.rpm",
        "libnpp-12-8-12.3.3.100-1.x86_64.rpm",
        "libnpp-devel-12-8-12.3.3.100-1.x86_64.rpm",
        "libnvfatbin-12-8-12.8.90-1.x86_64.rpm",
        "libnvfatbin-devel-12-8-12.8.90-1.x86_64.rpm",
        "libnvidia-nscq-570-570.124.06-1.x86_64.rpm",
        "libnvjitlink-12-8-12.8.93-1.x86_64.rpm",
        "libnvjitlink-devel-12-8-12.8.93-1.x86_64.rpm",
        "libnvjpeg-12-8-12.3.5.92-1.x86_64.rpm",
        "libnvjpeg-devel-12-8-12.3.5.92-1.x86_64.rpm",
        "libnvsdm-570-570.124.06-1.x86_64.rpm",
        "librdmacm-51.0-1.el9.x86_64.rpm",
        "libstdc++-devel-11.5.0-2.el9.x86_64.rpm",
        "lksctp-tools-1.0.19-3.el9_4.x86_64.rpm",
        "lksctp-tools-devel-1.0.19-3.el9_4.x86_64.rpm",
        "lua-5.4.4-4.el9.x86_64.rpm",
        "lua-posix-35.0-8.el9.x86_64.rpm",
        "mkfontscale-1.2.1-3.el9.x86_64.rpm",
        "nsight-compute-2025.1.1-2025.1.1.2-1.x86_64.rpm",
        "nsight-systems-2024.6.2-2024.6.2.225_3524440-0.x86_64.rpm",
        "rdma-core-devel-51.0-1.el9.x86_64.rpm",
        "ttmkfdir-3.0.9-65.el9.x86_64.rpm",
        "tzdata-java-2024b-2.el9.noarch.rpm",
        "xcb-util-image-0.4.0-19.el9.0.1.x86_64.rpm",
        "xcb-util-keysyms-0.4.0-17.el9.x86_64.rpm",
        "xcb-util-renderutil-0.3.9-20.el9.0.1.x86_64.rpm",
        "xcb-util-wm-0.4.1-22.el9.x86_64.rpm",
        "xorg-x11-fonts-Type1-7.5-33.el9.noarch.rpm"
    ]
}
2025-04-18 06:34:37,322 p=25460 u=dmeta n=ansible | TASK [upgrade-local-rpm : create list var] ****************************************************************************************************
2025-04-18 06:34:37,322 p=25460 u=dmeta n=ansible | ok: [arteva1]
2025-04-18 06:34:37,345 p=25460 u=dmeta n=ansible | TASK [upgrade-local-rpm : put the rpm name in list] *******************************************************************************************
2025-04-18 06:34:37,345 p=25460 u=dmeta n=ansible | ok: [arteva1] => (item=copy-jdk-configs-4.0-3.el9.noarch.rpm)
2025-04-18 06:34:37,352 p=25460 u=dmeta n=ansible | ok: [arteva1] => (item=cuda-cccl-12-8-12.8.90-1.x86_64.rpm)
2025-04-18 06:34:37,357 p=25460 u=dmeta n=ansible | ok: [arteva1] => (item=cuda-command-line-tools-12-8-12.8.1-1.x86_64.rpm)
2025-04-18 06:34:37,361 p=25460 u=dmeta n=ansible | ok: [arteva1] => (item=cuda-compiler-12-8-12.8.1-1.x86_64.rpm)
2025-04-18 06:34:37,365 p=25460 u=dmeta n=ansible | ok: [arteva1] => (item=cuda-crt-12-8-12.8.93-1.x86_64.rpm)
2025-04-18 06:34:37,368 p=25460 u=dmeta n=ansible | ok: [arteva1] => (item=cuda-cudart-12-8-12.8.90-1.x86_64.rpm)
2025-04-18 06:34:37,372 p=25460 u=dmeta n=ansible | ok: [arteva1] => (item=cuda-cudart-devel-12-8-12.8.90-1.x86_64.rpm)
2025-04-18 06:34:37,377 p=25460 u=dmeta n=ansible | ok: [arteva1] => (item=cuda-cuobjdump-12-8-12.8.90-1.x86_64.rpm)
2025-04-18 06:34:37,381 p=25460 u=dmeta n=ansible | ok: [arteva1] => (item=cuda-cupti-12-8-12.8.90-1.x86_64.rpm)
2025-04-18 06:34:37,385 p=25460 u=dmeta n=ansible | ok: [arteva1] => (item=cuda-cuxxfilt-12-8-12.8.90-1.x86_64.rpm)
2025-04-18 06:34:37,388 p=25460 u=dmeta n=ansible | ok: [arteva1] => (item=cuda-documentation-12-8-12.8.90-1.x86_64.rpm)
2025-04-18 06:34:37,392 p=25460 u=dmeta n=ansible | ok: [arteva1] => (item=cuda-driver-devel-12-8-12.8.90-1.x86_64.rpm)
2025-04-18 06:34:37,396 p=25460 u=dmeta n=ansible | ok: [arteva1] => (item=cuda-gdb-12-8-12.8.90-1.x86_64.rpm)
2025-04-18 06:34:37,400 p=25460 u=dmeta n=ansible | ok: [arteva1] => (item=cuda-libraries-12-8-12.8.1-1.x86_64.rpm)
2025-04-18 06:34:37,404 p=25460 u=dmeta n=ansible | ok: [arteva1] => (item=cuda-libraries-devel-12-8-12.8.1-1.x86_64.rpm)
2025-04-18 06:34:37,409 p=25460 u=dmeta n=ansible | ok: [arteva1] => (item=cuda-nsight-12-8-12.8.90-1.x86_64.rpm)
2025-04-18 06:34:37,411 p=25460 u=dmeta n=ansible | ok: [arteva1] => (item=cuda-nsight-compute-12-8-12.8.1-1.x86_64.rpm)
2025-04-18 06:34:37,416 p=25460 u=dmeta n=ansible | ok: [arteva1] => (item=cuda-nsight-systems-12-8-12.8.1-1.x86_64.rpm)
2025-04-18 06:34:37,420 p=25460 u=dmeta n=ansible | ok: [arteva1] => (item=cuda-nvcc-12-8-12.8.93-1.x86_64.rpm)
2025-04-18 06:34:37,424 p=25460 u=dmeta n=ansible | ok: [arteva1] => (item=cuda-nvdisasm-12-8-12.8.90-1.x86_64.rpm)
2025-04-18 06:34:37,429 p=25460 u=dmeta n=ansible | ok: [arteva1] => (item=cuda-nvml-devel-12-8-12.8.90-1.x86_64.rpm)
2025-04-18 06:34:37,433 p=25460 u=dmeta n=ansible | ok: [arteva1] => (item=cuda-nvprof-12-8-12.8.90-1.x86_64.rpm)
2025-04-18 06:34:37,437 p=25460 u=dmeta n=ansible | ok: [arteva1] => (item=cuda-nvprune-12-8-12.8.90-1.x86_64.rpm)
2025-04-18 06:34:37,441 p=25460 u=dmeta n=ansible | ok: [arteva1] => (item=cuda-nvrtc-12-8-12.8.93-1.x86_64.rpm)
2025-04-18 06:34:37,445 p=25460 u=dmeta n=ansible | ok: [arteva1] => (item=cuda-nvrtc-devel-12-8-12.8.93-1.x86_64.rpm)
2025-04-18 06:34:37,450 p=25460 u=dmeta n=ansible | ok: [arteva1] => (item=cuda-nvtx-12-8-12.8.90-1.x86_64.rpm)
2025-04-18 06:34:37,454 p=25460 u=dmeta n=ansible | ok: [arteva1] => (item=cuda-nvvm-12-8-12.8.93-1.x86_64.rpm)
2025-04-18 06:34:37,459 p=25460 u=dmeta n=ansible | ok: [arteva1] => (item=cuda-nvvp-12-8-12.8.93-1.x86_64.rpm)
2025-04-18 06:34:37,462 p=25460 u=dmeta n=ansible | ok: [arteva1] => (item=cuda-opencl-12-8-12.8.90-1.x86_64.rpm)
2025-04-18 06:34:37,468 p=25460 u=dmeta n=ansible | ok: [arteva1] => (item=cuda-opencl-devel-12-8-12.8.90-1.x86_64.rpm)
2025-04-18 06:34:37,471 p=25460 u=dmeta n=ansible | ok: [arteva1] => (item=cuda-profiler-api-12-8-12.8.90-1.x86_64.rpm)
2025-04-18 06:34:37,474 p=25460 u=dmeta n=ansible | ok: [arteva1] => (item=cuda-sanitizer-12-8-12.8.93-1.x86_64.rpm)
2025-04-18 06:34:37,480 p=25460 u=dmeta n=ansible | ok: [arteva1] => (item=cuda-toolkit-12-8-12.8.1-1.x86_64.rpm)
2025-04-18 06:34:37,484 p=25460 u=dmeta n=ansible | ok: [arteva1] => (item=cuda-toolkit-12-8-config-common-12.8.90-1.noarch.rpm)
2025-04-18 06:34:37,489 p=25460 u=dmeta n=ansible | ok: [arteva1] => (item=cuda-toolkit-12-config-common-12.8.90-1.noarch.rpm)
2025-04-18 06:34:37,493 p=25460 u=dmeta n=ansible | ok: [arteva1] => (item=cuda-toolkit-config-common-12.8.90-1.noarch.rpm)
2025-04-18 06:34:37,497 p=25460 u=dmeta n=ansible | ok: [arteva1] => (item=cuda-tools-12-8-12.8.1-1.x86_64.rpm)
2025-04-18 06:34:37,502 p=25460 u=dmeta n=ansible | ok: [arteva1] => (item=cuda-visual-tools-12-8-12.8.1-1.x86_64.rpm)
2025-04-18 06:34:37,507 p=25460 u=dmeta n=ansible | ok: [arteva1] => (item=gcc-c++-11.5.0-2.el9.x86_64.rpm)
2025-04-18 06:34:37,511 p=25460 u=dmeta n=ansible | ok: [arteva1] => (item=gds-tools-12-8-1.13.1.3-1.x86_64.rpm)
2025-04-18 06:34:37,516 p=25460 u=dmeta n=ansible | ok: [arteva1] => (item=infiniband-diags-51.0-1.el9.x86_64.rpm)
2025-04-18 06:34:37,521 p=25460 u=dmeta n=ansible | ok: [arteva1] => (item=java-17-openjdk-17.0.13.0.11-4.el9.x86_64.rpm)
2025-04-18 06:34:37,525 p=25460 u=dmeta n=ansible | ok: [arteva1] => (item=java-17-openjdk-headless-17.0.13.0.11-4.el9.x86_64.rpm)
2025-04-18 06:34:37,530 p=25460 u=dmeta n=ansible | ok: [arteva1] => (item=javapackages-filesystem-6.0.0-4.el9.noarch.rpm )
2025-04-18 06:34:37,535 p=25460 u=dmeta n=ansible | ok: [arteva1] => (item=libcublas-12-8-12.8.4.1-1.x86_64.rpm)
2025-04-18 06:34:37,540 p=25460 u=dmeta n=ansible | ok: [arteva1] => (item=libcublas-devel-12-8-12.8.4.1-1.x86_64.rpm)
2025-04-18 06:34:37,545 p=25460 u=dmeta n=ansible | ok: [arteva1] => (item=libcufft-12-8-11.3.3.83-1.x86_64.rpm)
2025-04-18 06:34:37,550 p=25460 u=dmeta n=ansible | ok: [arteva1] => (item=libcufft-devel-12-8-11.3.3.83-1.x86_64.rpm)
2025-04-18 06:34:37,554 p=25460 u=dmeta n=ansible | ok: [arteva1] => (item=libcufile-12-8-1.13.1.3-1.x86_64.rpm)
2025-04-18 06:34:37,559 p=25460 u=dmeta n=ansible | ok: [arteva1] => (item=libcufile-devel-12-8-1.13.1.3-1.x86_64.rpm)
2025-04-18 06:34:37,564 p=25460 u=dmeta n=ansible | ok: [arteva1] => (item=libcurand-12-8-10.3.9.90-1.x86_64.rpm)
2025-04-18 06:34:37,570 p=25460 u=dmeta n=ansible | ok: [arteva1] => (item=libcurand-devel-12-8-10.3.9.90-1.x86_64.rpm)
2025-04-18 06:34:37,575 p=25460 u=dmeta n=ansible | ok: [arteva1] => (item=libcusolver-12-8-11.7.3.90-1.x86_64.rpm)
2025-04-18 06:34:37,580 p=25460 u=dmeta n=ansible | ok: [arteva1] => (item=libcusolver-devel-12-8-11.7.3.90-1.x86_64.rpm)
2025-04-18 06:34:37,585 p=25460 u=dmeta n=ansible | ok: [arteva1] => (item=libcusparse-12-8-12.5.8.93-1.x86_64.rpm)
2025-04-18 06:34:37,590 p=25460 u=dmeta n=ansible | ok: [arteva1] => (item=libcusparse-devel-12-8-12.5.8.93-1.x86_64.rpm)
2025-04-18 06:34:37,597 p=25460 u=dmeta n=ansible | ok: [arteva1] => (item=libibumad-51.0-1.el9.x86_64.rpm)
2025-04-18 06:34:37,635 p=25460 u=dmeta n=ansible | ok: [arteva1] => (item=libmnl-devel-1.0.4-16.el9_4.x86_64.rpm)
2025-04-18 06:34:37,641 p=25460 u=dmeta n=ansible | ok: [arteva1] => (item=libnpp-12-8-12.3.3.100-1.x86_64.rpm)
2025-04-18 06:34:37,649 p=25460 u=dmeta n=ansible | ok: [arteva1] => (item=libnpp-devel-12-8-12.3.3.100-1.x86_64.rpm)
2025-04-18 06:34:37,659 p=25460 u=dmeta n=ansible | ok: [arteva1] => (item=libnvfatbin-12-8-12.8.90-1.x86_64.rpm)
2025-04-18 06:34:37,665 p=25460 u=dmeta n=ansible | ok: [arteva1] => (item=libnvfatbin-devel-12-8-12.8.90-1.x86_64.rpm)
2025-04-18 06:34:37,672 p=25460 u=dmeta n=ansible | ok: [arteva1] => (item=libnvidia-nscq-570-570.124.06-1.x86_64.rpm)
2025-04-18 06:34:37,676 p=25460 u=dmeta n=ansible | ok: [arteva1] => (item=libnvjitlink-12-8-12.8.93-1.x86_64.rpm)
2025-04-18 06:34:37,681 p=25460 u=dmeta n=ansible | ok: [arteva1] => (item=libnvjitlink-devel-12-8-12.8.93-1.x86_64.rpm)
2025-04-18 06:34:37,686 p=25460 u=dmeta n=ansible | ok: [arteva1] => (item=libnvjpeg-12-8-12.3.5.92-1.x86_64.rpm)
2025-04-18 06:34:37,694 p=25460 u=dmeta n=ansible | ok: [arteva1] => (item=libnvjpeg-devel-12-8-12.3.5.92-1.x86_64.rpm)
2025-04-18 06:34:37,699 p=25460 u=dmeta n=ansible | ok: [arteva1] => (item=libnvsdm-570-570.124.06-1.x86_64.rpm)
2025-04-18 06:34:37,707 p=25460 u=dmeta n=ansible | ok: [arteva1] => (item=librdmacm-51.0-1.el9.x86_64.rpm)
2025-04-18 06:34:37,711 p=25460 u=dmeta n=ansible | ok: [arteva1] => (item=libstdc++-devel-11.5.0-2.el9.x86_64.rpm)
2025-04-18 06:34:37,716 p=25460 u=dmeta n=ansible | ok: [arteva1] => (item=lksctp-tools-1.0.19-3.el9_4.x86_64.rpm)
2025-04-18 06:34:37,721 p=25460 u=dmeta n=ansible | ok: [arteva1] => (item=lksctp-tools-devel-1.0.19-3.el9_4.x86_64.rpm)
2025-04-18 06:34:37,726 p=25460 u=dmeta n=ansible | ok: [arteva1] => (item=lua-5.4.4-4.el9.x86_64.rpm)
2025-04-18 06:34:37,735 p=25460 u=dmeta n=ansible | ok: [arteva1] => (item=lua-posix-35.0-8.el9.x86_64.rpm)
2025-04-18 06:34:37,742 p=25460 u=dmeta n=ansible | ok: [arteva1] => (item=mkfontscale-1.2.1-3.el9.x86_64.rpm)
2025-04-18 06:34:37,747 p=25460 u=dmeta n=ansible | ok: [arteva1] => (item=nsight-compute-2025.1.1-2025.1.1.2-1.x86_64.rpm)
2025-04-18 06:34:37,753 p=25460 u=dmeta n=ansible | ok: [arteva1] => (item=nsight-systems-2024.6.2-2024.6.2.225_3524440-0.x86_64.rpm)
2025-04-18 06:34:37,759 p=25460 u=dmeta n=ansible | ok: [arteva1] => (item=rdma-core-devel-51.0-1.el9.x86_64.rpm)
2025-04-18 06:34:37,765 p=25460 u=dmeta n=ansible | ok: [arteva1] => (item=ttmkfdir-3.0.9-65.el9.x86_64.rpm)
2025-04-18 06:34:37,770 p=25460 u=dmeta n=ansible | ok: [arteva1] => (item=tzdata-java-2024b-2.el9.noarch.rpm)
2025-04-18 06:34:37,779 p=25460 u=dmeta n=ansible | ok: [arteva1] => (item=xcb-util-image-0.4.0-19.el9.0.1.x86_64.rpm)
2025-04-18 06:34:37,794 p=25460 u=dmeta n=ansible | ok: [arteva1] => (item=xcb-util-keysyms-0.4.0-17.el9.x86_64.rpm)
2025-04-18 06:34:37,798 p=25460 u=dmeta n=ansible | ok: [arteva1] => (item=xcb-util-renderutil-0.3.9-20.el9.0.1.x86_64.rpm)
2025-04-18 06:34:37,803 p=25460 u=dmeta n=ansible | ok: [arteva1] => (item=xcb-util-wm-0.4.1-22.el9.x86_64.rpm)
2025-04-18 06:34:37,810 p=25460 u=dmeta n=ansible | ok: [arteva1] => (item=xorg-x11-fonts-Type1-7.5-33.el9.noarch.rpm)
2025-04-18 06:34:37,846 p=25460 u=dmeta n=ansible | TASK [upgrade-local-rpm : display csv files] **************************************************************************************************
2025-04-18 06:34:37,847 p=25460 u=dmeta n=ansible | ok: [arteva1] => {
    "msg": [
        "/tmp/cuda-12-8/copy-jdk-configs-4.0-3.el9.noarch.rpm",
        "/tmp/cuda-12-8/cuda-cccl-12-8-12.8.90-1.x86_64.rpm",
        "/tmp/cuda-12-8/cuda-command-line-tools-12-8-12.8.1-1.x86_64.rpm",
        "/tmp/cuda-12-8/cuda-compiler-12-8-12.8.1-1.x86_64.rpm",
        "/tmp/cuda-12-8/cuda-crt-12-8-12.8.93-1.x86_64.rpm",
        "/tmp/cuda-12-8/cuda-cudart-12-8-12.8.90-1.x86_64.rpm",
        "/tmp/cuda-12-8/cuda-cudart-devel-12-8-12.8.90-1.x86_64.rpm",
        "/tmp/cuda-12-8/cuda-cuobjdump-12-8-12.8.90-1.x86_64.rpm",
        "/tmp/cuda-12-8/cuda-cupti-12-8-12.8.90-1.x86_64.rpm",
        "/tmp/cuda-12-8/cuda-cuxxfilt-12-8-12.8.90-1.x86_64.rpm",
        "/tmp/cuda-12-8/cuda-documentation-12-8-12.8.90-1.x86_64.rpm",
        "/tmp/cuda-12-8/cuda-driver-devel-12-8-12.8.90-1.x86_64.rpm",
        "/tmp/cuda-12-8/cuda-gdb-12-8-12.8.90-1.x86_64.rpm",
        "/tmp/cuda-12-8/cuda-libraries-12-8-12.8.1-1.x86_64.rpm",
        "/tmp/cuda-12-8/cuda-libraries-devel-12-8-12.8.1-1.x86_64.rpm",
        "/tmp/cuda-12-8/cuda-nsight-12-8-12.8.90-1.x86_64.rpm",
        "/tmp/cuda-12-8/cuda-nsight-compute-12-8-12.8.1-1.x86_64.rpm",
        "/tmp/cuda-12-8/cuda-nsight-systems-12-8-12.8.1-1.x86_64.rpm",
        "/tmp/cuda-12-8/cuda-nvcc-12-8-12.8.93-1.x86_64.rpm",
        "/tmp/cuda-12-8/cuda-nvdisasm-12-8-12.8.90-1.x86_64.rpm",
        "/tmp/cuda-12-8/cuda-nvml-devel-12-8-12.8.90-1.x86_64.rpm",
        "/tmp/cuda-12-8/cuda-nvprof-12-8-12.8.90-1.x86_64.rpm",
        "/tmp/cuda-12-8/cuda-nvprune-12-8-12.8.90-1.x86_64.rpm",
        "/tmp/cuda-12-8/cuda-nvrtc-12-8-12.8.93-1.x86_64.rpm",
        "/tmp/cuda-12-8/cuda-nvrtc-devel-12-8-12.8.93-1.x86_64.rpm",
        "/tmp/cuda-12-8/cuda-nvtx-12-8-12.8.90-1.x86_64.rpm",
        "/tmp/cuda-12-8/cuda-nvvm-12-8-12.8.93-1.x86_64.rpm",
        "/tmp/cuda-12-8/cuda-nvvp-12-8-12.8.93-1.x86_64.rpm",
        "/tmp/cuda-12-8/cuda-opencl-12-8-12.8.90-1.x86_64.rpm",
        "/tmp/cuda-12-8/cuda-opencl-devel-12-8-12.8.90-1.x86_64.rpm",
        "/tmp/cuda-12-8/cuda-profiler-api-12-8-12.8.90-1.x86_64.rpm",
        "/tmp/cuda-12-8/cuda-sanitizer-12-8-12.8.93-1.x86_64.rpm",
        "/tmp/cuda-12-8/cuda-toolkit-12-8-12.8.1-1.x86_64.rpm",
        "/tmp/cuda-12-8/cuda-toolkit-12-8-config-common-12.8.90-1.noarch.rpm",
        "/tmp/cuda-12-8/cuda-toolkit-12-config-common-12.8.90-1.noarch.rpm",
        "/tmp/cuda-12-8/cuda-toolkit-config-common-12.8.90-1.noarch.rpm",
        "/tmp/cuda-12-8/cuda-tools-12-8-12.8.1-1.x86_64.rpm",
        "/tmp/cuda-12-8/cuda-visual-tools-12-8-12.8.1-1.x86_64.rpm",
        "/tmp/cuda-12-8/gcc-c++-11.5.0-2.el9.x86_64.rpm",
        "/tmp/cuda-12-8/gds-tools-12-8-1.13.1.3-1.x86_64.rpm",
        "/tmp/cuda-12-8/infiniband-diags-51.0-1.el9.x86_64.rpm",
        "/tmp/cuda-12-8/java-17-openjdk-17.0.13.0.11-4.el9.x86_64.rpm",
        "/tmp/cuda-12-8/java-17-openjdk-headless-17.0.13.0.11-4.el9.x86_64.rpm",
        "/tmp/cuda-12-8/javapackages-filesystem-6.0.0-4.el9.noarch.rpm ",
        "/tmp/cuda-12-8/libcublas-12-8-12.8.4.1-1.x86_64.rpm",
        "/tmp/cuda-12-8/libcublas-devel-12-8-12.8.4.1-1.x86_64.rpm",
        "/tmp/cuda-12-8/libcufft-12-8-11.3.3.83-1.x86_64.rpm",
        "/tmp/cuda-12-8/libcufft-devel-12-8-11.3.3.83-1.x86_64.rpm",
        "/tmp/cuda-12-8/libcufile-12-8-1.13.1.3-1.x86_64.rpm",
        "/tmp/cuda-12-8/libcufile-devel-12-8-1.13.1.3-1.x86_64.rpm",
        "/tmp/cuda-12-8/libcurand-12-8-10.3.9.90-1.x86_64.rpm",
        "/tmp/cuda-12-8/libcurand-devel-12-8-10.3.9.90-1.x86_64.rpm",
        "/tmp/cuda-12-8/libcusolver-12-8-11.7.3.90-1.x86_64.rpm",
        "/tmp/cuda-12-8/libcusolver-devel-12-8-11.7.3.90-1.x86_64.rpm",
        "/tmp/cuda-12-8/libcusparse-12-8-12.5.8.93-1.x86_64.rpm",
        "/tmp/cuda-12-8/libcusparse-devel-12-8-12.5.8.93-1.x86_64.rpm",
        "/tmp/cuda-12-8/libibumad-51.0-1.el9.x86_64.rpm",
        "/tmp/cuda-12-8/libmnl-devel-1.0.4-16.el9_4.x86_64.rpm",
        "/tmp/cuda-12-8/libnpp-12-8-12.3.3.100-1.x86_64.rpm",
        "/tmp/cuda-12-8/libnpp-devel-12-8-12.3.3.100-1.x86_64.rpm",
        "/tmp/cuda-12-8/libnvfatbin-12-8-12.8.90-1.x86_64.rpm",
        "/tmp/cuda-12-8/libnvfatbin-devel-12-8-12.8.90-1.x86_64.rpm",
        "/tmp/cuda-12-8/libnvidia-nscq-570-570.124.06-1.x86_64.rpm",
        "/tmp/cuda-12-8/libnvjitlink-12-8-12.8.93-1.x86_64.rpm",
        "/tmp/cuda-12-8/libnvjitlink-devel-12-8-12.8.93-1.x86_64.rpm",
        "/tmp/cuda-12-8/libnvjpeg-12-8-12.3.5.92-1.x86_64.rpm",
        "/tmp/cuda-12-8/libnvjpeg-devel-12-8-12.3.5.92-1.x86_64.rpm",
        "/tmp/cuda-12-8/libnvsdm-570-570.124.06-1.x86_64.rpm",
        "/tmp/cuda-12-8/librdmacm-51.0-1.el9.x86_64.rpm",
        "/tmp/cuda-12-8/libstdc++-devel-11.5.0-2.el9.x86_64.rpm",
        "/tmp/cuda-12-8/lksctp-tools-1.0.19-3.el9_4.x86_64.rpm",
        "/tmp/cuda-12-8/lksctp-tools-devel-1.0.19-3.el9_4.x86_64.rpm",
        "/tmp/cuda-12-8/lua-5.4.4-4.el9.x86_64.rpm",
        "/tmp/cuda-12-8/lua-posix-35.0-8.el9.x86_64.rpm",
        "/tmp/cuda-12-8/mkfontscale-1.2.1-3.el9.x86_64.rpm",
        "/tmp/cuda-12-8/nsight-compute-2025.1.1-2025.1.1.2-1.x86_64.rpm",
        "/tmp/cuda-12-8/nsight-systems-2024.6.2-2024.6.2.225_3524440-0.x86_64.rpm",
        "/tmp/cuda-12-8/rdma-core-devel-51.0-1.el9.x86_64.rpm",
        "/tmp/cuda-12-8/ttmkfdir-3.0.9-65.el9.x86_64.rpm",
        "/tmp/cuda-12-8/tzdata-java-2024b-2.el9.noarch.rpm",
        "/tmp/cuda-12-8/xcb-util-image-0.4.0-19.el9.0.1.x86_64.rpm",
        "/tmp/cuda-12-8/xcb-util-keysyms-0.4.0-17.el9.x86_64.rpm",
        "/tmp/cuda-12-8/xcb-util-renderutil-0.3.9-20.el9.0.1.x86_64.rpm",
        "/tmp/cuda-12-8/xcb-util-wm-0.4.1-22.el9.x86_64.rpm",
        "/tmp/cuda-12-8/xorg-x11-fonts-Type1-7.5-33.el9.noarch.rpm"
    ]
}
2025-04-18 06:36:25,966 p=25460 u=dmeta n=ansible | TASK [upgrade-local-rpm : upgrade rpm] ********************************************************************************************************
2025-04-18 06:36:25,966 p=25460 u=dmeta n=ansible | changed: [arteva1]
2025-04-18 06:36:27,099 p=25460 u=dmeta n=ansible | TASK [upgrade-local-rpm : delete rpm file to VM] **********************************************************************************************
2025-04-18 06:36:27,100 p=25460 u=dmeta n=ansible | changed: [arteva1]
2025-04-18 06:36:27,115 p=25460 u=dmeta n=ansible | PLAY RECAP ************************************************************************************************************************************
2025-04-18 06:36:27,116 p=25460 u=dmeta n=ansible | arteva1                    : ok=8    changed=3    unreachable=0    failed=0    skipped=1    rescued=0    ignored=0   
2025-04-18 07:00:35,189 p=25803 u=dmeta n=ansible | PLAY [Configure NVIDIA] ***********************************************************************************************************************
2025-04-18 07:00:37,363 p=25803 u=dmeta n=ansible | TASK [Gathering Facts] ************************************************************************************************************************
2025-04-18 07:00:37,364 p=25803 u=dmeta n=ansible | [WARNING]: Platform linux on host arteva1 is using the discovered Python interpreter at /usr/bin/python, but future installation of another
Python interpreter could change the meaning of that path. See
https://docs.ansible.com/ansible/2.10/reference_appendices/interpreter_discovery.html for more information.

2025-04-18 07:00:37,364 p=25803 u=dmeta n=ansible | ok: [arteva1]
2025-04-18 07:05:15,338 p=25803 u=dmeta n=ansible | TASK [install-nvidia : upload cudnn files] ****************************************************************************************************
2025-04-18 07:05:15,338 p=25803 u=dmeta n=ansible | changed: [arteva1] => (item=cudnn-linux-x86_64-8.9.7.29_cuda12-archive.tar.xz)
2025-04-18 07:05:16,270 p=25803 u=dmeta n=ansible | TASK [install-nvidia : find libcudnn] *********************************************************************************************************
2025-04-18 07:05:16,271 p=25803 u=dmeta n=ansible | ok: [arteva1]
2025-04-18 07:05:17,348 p=25803 u=dmeta n=ansible | TASK [install-nvidia : Copy files] ************************************************************************************************************
2025-04-18 07:05:17,348 p=25803 u=dmeta n=ansible | changed: [arteva1] => (item=/tmp/cudnn-linux-x86_64-8.9.7.29_cuda12-archive/include/cudnn_adv_train.h)
2025-04-18 07:05:18,239 p=25803 u=dmeta n=ansible | changed: [arteva1] => (item=/tmp/cudnn-linux-x86_64-8.9.7.29_cuda12-archive/include/cudnn_ops_train.h)
2025-04-18 07:05:19,105 p=25803 u=dmeta n=ansible | changed: [arteva1] => (item=/tmp/cudnn-linux-x86_64-8.9.7.29_cuda12-archive/include/cudnn_cnn_infer_v8.h)
2025-04-18 07:05:19,949 p=25803 u=dmeta n=ansible | changed: [arteva1] => (item=/tmp/cudnn-linux-x86_64-8.9.7.29_cuda12-archive/include/cudnn_adv_infer_v8.h)
2025-04-18 07:05:20,844 p=25803 u=dmeta n=ansible | changed: [arteva1] => (item=/tmp/cudnn-linux-x86_64-8.9.7.29_cuda12-archive/include/cudnn_cnn_train_v8.h)
2025-04-18 07:05:21,712 p=25803 u=dmeta n=ansible | changed: [arteva1] => (item=/tmp/cudnn-linux-x86_64-8.9.7.29_cuda12-archive/include/cudnn_backend_v8.h)
2025-04-18 07:05:22,544 p=25803 u=dmeta n=ansible | changed: [arteva1] => (item=/tmp/cudnn-linux-x86_64-8.9.7.29_cuda12-archive/include/cudnn_backend.h)
2025-04-18 07:05:23,468 p=25803 u=dmeta n=ansible | changed: [arteva1] => (item=/tmp/cudnn-linux-x86_64-8.9.7.29_cuda12-archive/include/cudnn_ops_infer_v8.h)
2025-04-18 07:05:24,337 p=25803 u=dmeta n=ansible | changed: [arteva1] => (item=/tmp/cudnn-linux-x86_64-8.9.7.29_cuda12-archive/include/cudnn_version.h)
2025-04-18 07:05:25,320 p=25803 u=dmeta n=ansible | changed: [arteva1] => (item=/tmp/cudnn-linux-x86_64-8.9.7.29_cuda12-archive/include/cudnn_version_v8.h)
2025-04-18 07:05:26,233 p=25803 u=dmeta n=ansible | changed: [arteva1] => (item=/tmp/cudnn-linux-x86_64-8.9.7.29_cuda12-archive/include/cudnn_ops_infer.h)
2025-04-18 07:05:27,126 p=25803 u=dmeta n=ansible | changed: [arteva1] => (item=/tmp/cudnn-linux-x86_64-8.9.7.29_cuda12-archive/include/cudnn_cnn_infer.h)
2025-04-18 07:05:28,039 p=25803 u=dmeta n=ansible | changed: [arteva1] => (item=/tmp/cudnn-linux-x86_64-8.9.7.29_cuda12-archive/include/cudnn_cnn_train.h)
2025-04-18 07:05:28,970 p=25803 u=dmeta n=ansible | changed: [arteva1] => (item=/tmp/cudnn-linux-x86_64-8.9.7.29_cuda12-archive/include/cudnn_adv_infer.h)
2025-04-18 07:05:29,903 p=25803 u=dmeta n=ansible | changed: [arteva1] => (item=/tmp/cudnn-linux-x86_64-8.9.7.29_cuda12-archive/include/cudnn_adv_train_v8.h)
2025-04-18 07:05:30,774 p=25803 u=dmeta n=ansible | changed: [arteva1] => (item=/tmp/cudnn-linux-x86_64-8.9.7.29_cuda12-archive/include/cudnn.h)
2025-04-18 07:05:31,664 p=25803 u=dmeta n=ansible | changed: [arteva1] => (item=/tmp/cudnn-linux-x86_64-8.9.7.29_cuda12-archive/include/cudnn_ops_train_v8.h)
2025-04-18 07:05:32,651 p=25803 u=dmeta n=ansible | changed: [arteva1] => (item=/tmp/cudnn-linux-x86_64-8.9.7.29_cuda12-archive/include/cudnn_v8.h)
2025-04-18 07:05:33,546 p=25803 u=dmeta n=ansible | TASK [install-nvidia : find libcudnn] *********************************************************************************************************
2025-04-18 07:05:33,547 p=25803 u=dmeta n=ansible | ok: [arteva1]
2025-04-18 07:05:34,649 p=25803 u=dmeta n=ansible | TASK [install-nvidia : Copy files] ************************************************************************************************************
2025-04-18 07:05:34,650 p=25803 u=dmeta n=ansible | changed: [arteva1] => (item=/tmp/cudnn-linux-x86_64-8.9.7.29_cuda12-archive/lib/libcudnn_ops_infer_static.a)
2025-04-18 07:05:35,835 p=25803 u=dmeta n=ansible | changed: [arteva1] => (item=/tmp/cudnn-linux-x86_64-8.9.7.29_cuda12-archive/lib/libcudnn_cnn_train.so.8.9.7)
2025-04-18 07:05:38,535 p=25803 u=dmeta n=ansible | changed: [arteva1] => (item=/tmp/cudnn-linux-x86_64-8.9.7.29_cuda12-archive/lib/libcudnn_cnn_infer_static.a)
2025-04-18 07:05:39,785 p=25803 u=dmeta n=ansible | changed: [arteva1] => (item=/tmp/cudnn-linux-x86_64-8.9.7.29_cuda12-archive/lib/libcudnn_adv_train.so.8.9.7)
2025-04-18 07:05:41,022 p=25803 u=dmeta n=ansible | changed: [arteva1] => (item=/tmp/cudnn-linux-x86_64-8.9.7.29_cuda12-archive/lib/libcudnn_ops_train_static.a)
2025-04-18 07:05:43,451 p=25803 u=dmeta n=ansible | changed: [arteva1] => (item=/tmp/cudnn-linux-x86_64-8.9.7.29_cuda12-archive/lib/libcudnn_cnn_infer.so.8.9.7)
2025-04-18 07:05:44,400 p=25803 u=dmeta n=ansible | changed: [arteva1] => (item=/tmp/cudnn-linux-x86_64-8.9.7.29_cuda12-archive/lib/libcudnn.so.8.9.7)
2025-04-18 07:05:45,586 p=25803 u=dmeta n=ansible | changed: [arteva1] => (item=/tmp/cudnn-linux-x86_64-8.9.7.29_cuda12-archive/lib/libcudnn_adv_infer_static.a)
2025-04-18 07:05:46,882 p=25803 u=dmeta n=ansible | changed: [arteva1] => (item=/tmp/cudnn-linux-x86_64-8.9.7.29_cuda12-archive/lib/libcudnn_cnn_train_static.a)
2025-04-18 07:05:47,905 p=25803 u=dmeta n=ansible | changed: [arteva1] => (item=/tmp/cudnn-linux-x86_64-8.9.7.29_cuda12-archive/lib/libcudnn_ops_train.so.8.9.7)
2025-04-18 07:05:48,930 p=25803 u=dmeta n=ansible | changed: [arteva1] => (item=/tmp/cudnn-linux-x86_64-8.9.7.29_cuda12-archive/lib/libcudnn_ops_infer.so.8.9.7)
2025-04-18 07:05:50,141 p=25803 u=dmeta n=ansible | changed: [arteva1] => (item=/tmp/cudnn-linux-x86_64-8.9.7.29_cuda12-archive/lib/libcudnn_adv_train_static.a)
2025-04-18 07:05:51,329 p=25803 u=dmeta n=ansible | changed: [arteva1] => (item=/tmp/cudnn-linux-x86_64-8.9.7.29_cuda12-archive/lib/libcudnn_adv_infer.so.8.9.7)
2025-04-18 07:05:52,364 p=25803 u=dmeta n=ansible | TASK [install-nvidia : chmod ar] **************************************************************************************************************
2025-04-18 07:05:52,365 p=25803 u=dmeta n=ansible | [WARNING]: Consider using 'become', 'become_method', and 'become_user' rather than running sudo

2025-04-18 07:05:52,365 p=25803 u=dmeta n=ansible | changed: [arteva1]
2025-04-18 07:05:53,484 p=25803 u=dmeta n=ansible | TASK [install-nvidia : soft link] *************************************************************************************************************
2025-04-18 07:05:53,485 p=25803 u=dmeta n=ansible | changed: [arteva1] => (item={'src': 'libcudnn_adv_train.so.8.9.7', 'dest': 'libcudnn_adv_train.so.8'})
2025-04-18 07:05:54,336 p=25803 u=dmeta n=ansible | changed: [arteva1] => (item={'src': 'libcudnn_ops_infer.so.8.9.7', 'dest': 'libcudnn_ops_infer.so.8'})
2025-04-18 07:05:55,205 p=25803 u=dmeta n=ansible | changed: [arteva1] => (item={'src': 'libcudnn_cnn_train.so.8.9.7', 'dest': 'libcudnn_cnn_train.so.8'})
2025-04-18 07:05:56,086 p=25803 u=dmeta n=ansible | changed: [arteva1] => (item={'src': 'libcudnn_adv_infer.so.8.9.7', 'dest': 'libcudnn_adv_infer.so.8'})
2025-04-18 07:05:56,970 p=25803 u=dmeta n=ansible | changed: [arteva1] => (item={'src': 'libcudnn_ops_train.so.8.9.7', 'dest': 'libcudnn_ops_train.so.8'})
2025-04-18 07:05:57,818 p=25803 u=dmeta n=ansible | changed: [arteva1] => (item={'src': 'libcudnn_cnn_infer.so.8.9.7', 'dest': 'libcudnn_cnn_infer.so.8'})
2025-04-18 07:05:58,702 p=25803 u=dmeta n=ansible | failed: [arteva1] (item={'src': 'libcudnn.so.8.6.0', 'dest': 'libcudnn.so.8'}) => {"ansible_loop_var": "item", "changed": false, "item": {"dest": "libcudnn.so.8", "src": "libcudnn.so.8.6.0"}, "msg": "src file does not exist, use \"force=yes\" if you really want to create the link: /usr/local/cuda/lib64/libcudnn.so.8.6.0", "path": "/usr/local/cuda/lib64/libcudnn.so.8", "src": "/usr/local/cuda/lib64/libcudnn.so.8.6.0"}
2025-04-18 07:05:59,579 p=25803 u=dmeta n=ansible | changed: [arteva1] => (item={'src': 'libcudnn_adv_train.so.8', 'dest': 'libcudnn_adv_train.so'})
2025-04-18 07:06:00,463 p=25803 u=dmeta n=ansible | changed: [arteva1] => (item={'src': 'libcudnn_ops_infer.so.8', 'dest': 'libcudnn_ops_infer.so'})
2025-04-18 07:06:01,465 p=25803 u=dmeta n=ansible | changed: [arteva1] => (item={'src': 'libcudnn_cnn_train.so.8', 'dest': 'libcudnn_cnn_train.so'})
2025-04-18 07:06:02,391 p=25803 u=dmeta n=ansible | changed: [arteva1] => (item={'src': 'libcudnn_adv_infer.so.8', 'dest': 'libcudnn_adv_infer.so'})
2025-04-18 07:06:03,305 p=25803 u=dmeta n=ansible | changed: [arteva1] => (item={'src': 'libcudnn_ops_train.so.8', 'dest': 'libcudnn_ops_train.so'})
2025-04-18 07:06:04,170 p=25803 u=dmeta n=ansible | changed: [arteva1] => (item={'src': 'libcudnn_cnn_infer.so.8', 'dest': 'libcudnn_cnn_infer.so'})
2025-04-18 07:06:05,006 p=25803 u=dmeta n=ansible | failed: [arteva1] (item={'src': 'libcudnn.so.8', 'dest': 'libcudnn.so'}) => {"ansible_loop_var": "item", "changed": false, "item": {"dest": "libcudnn.so", "src": "libcudnn.so.8"}, "msg": "src file does not exist, use \"force=yes\" if you really want to create the link: /usr/local/cuda/lib64/libcudnn.so.8", "path": "/usr/local/cuda/lib64/libcudnn.so", "src": "/usr/local/cuda/lib64/libcudnn.so.8"}
2025-04-18 07:06:05,867 p=25803 u=dmeta n=ansible | changed: [arteva1] => (item={'src': 'libcudnn_adv_train_static.a', 'dest': 'libcudnn_adv_train_static_v8.a'})
2025-04-18 07:06:06,711 p=25803 u=dmeta n=ansible | changed: [arteva1] => (item={'src': 'libcudnn_adv_infer_static.a', 'dest': 'libcudnn_adv_infer_static_v8.a'})
2025-04-18 07:06:07,518 p=25803 u=dmeta n=ansible | changed: [arteva1] => (item={'src': 'libcudnn_ops_train_static.a', 'dest': 'libcudnn_ops_train_static_v8.a'})
2025-04-18 07:06:08,409 p=25803 u=dmeta n=ansible | changed: [arteva1] => (item={'src': 'libcudnn_ops_infer_static.a', 'dest': 'libcudnn_ops_infer_static_v8.a'})
2025-04-18 07:06:09,263 p=25803 u=dmeta n=ansible | changed: [arteva1] => (item={'src': 'libcudnn_cnn_train_static.a', 'dest': 'libcudnn_cnn_train_static_v8.a'})
2025-04-18 07:06:10,183 p=25803 u=dmeta n=ansible | changed: [arteva1] => (item={'src': 'libcudnn_cnn_infer_static.a', 'dest': 'libcudnn_cnn_infer_static_v8.a'})
2025-04-18 07:06:10,195 p=25803 u=dmeta n=ansible | PLAY RECAP ************************************************************************************************************************************
2025-04-18 07:06:10,196 p=25803 u=dmeta n=ansible | arteva1                    : ok=7    changed=4    unreachable=0    failed=1    skipped=0    rescued=0    ignored=0   
2025-04-18 07:15:10,803 p=26600 u=dmeta n=ansible | PLAY [Upgrade local RPM] **********************************************************************************************************************
2025-04-18 07:15:10,847 p=26600 u=dmeta n=ansible | TASK [upgrade-local-rpm : Read rpm update list file] ******************************************************************************************
2025-04-18 07:15:10,847 p=26600 u=dmeta n=ansible | ok: [arteva1]
2025-04-18 07:15:10,868 p=26600 u=dmeta n=ansible | TASK [upgrade-local-rpm : display csv files] **************************************************************************************************
2025-04-18 07:15:10,869 p=26600 u=dmeta n=ansible | ok: [arteva1] => {
    "msg": [
        "MariaDB-client-11.4.5-1.el9.x86_64.rpm",
        "MariaDB-client-compat-11.4.5-1.el9.noarch.rpm",
        "MariaDB-common-11.4.5-1.el9.x86_64.rpm",
        "MariaDB-server-11.4.5-1.el9.x86_64.rpm",
        "MariaDB-shared-11.4.5-1.el9.x86_64.rpm",
        "perl-File-Copy-2.34-481.el9.noarch.rpm",
        "perl-Sys-Hostname-1.23-481.el9.x86_64.rpm",
        "galera-4-26.4.21-1.el9.x86_64.rpm",
        "boost-program-options-1.75.0-8.el9.x86_64.rpm"
    ]
}
2025-04-18 07:15:10,887 p=26600 u=dmeta n=ansible | TASK [upgrade-local-rpm : create list var] ****************************************************************************************************
2025-04-18 07:15:10,887 p=26600 u=dmeta n=ansible | ok: [arteva1]
2025-04-18 07:15:10,921 p=26600 u=dmeta n=ansible | TASK [upgrade-local-rpm : put the rpm name in list] *******************************************************************************************
2025-04-18 07:15:10,921 p=26600 u=dmeta n=ansible | ok: [arteva1] => (item=MariaDB-client-11.4.5-1.el9.x86_64.rpm)
2025-04-18 07:15:10,925 p=26600 u=dmeta n=ansible | ok: [arteva1] => (item=MariaDB-client-compat-11.4.5-1.el9.noarch.rpm)
2025-04-18 07:15:10,929 p=26600 u=dmeta n=ansible | ok: [arteva1] => (item=MariaDB-common-11.4.5-1.el9.x86_64.rpm)
2025-04-18 07:15:10,937 p=26600 u=dmeta n=ansible | ok: [arteva1] => (item=MariaDB-server-11.4.5-1.el9.x86_64.rpm)
2025-04-18 07:15:10,941 p=26600 u=dmeta n=ansible | ok: [arteva1] => (item=MariaDB-shared-11.4.5-1.el9.x86_64.rpm)
2025-04-18 07:15:10,945 p=26600 u=dmeta n=ansible | ok: [arteva1] => (item=perl-File-Copy-2.34-481.el9.noarch.rpm)
2025-04-18 07:15:10,950 p=26600 u=dmeta n=ansible | ok: [arteva1] => (item=perl-Sys-Hostname-1.23-481.el9.x86_64.rpm)
2025-04-18 07:15:10,954 p=26600 u=dmeta n=ansible | ok: [arteva1] => (item=galera-4-26.4.21-1.el9.x86_64.rpm)
2025-04-18 07:15:10,958 p=26600 u=dmeta n=ansible | ok: [arteva1] => (item=boost-program-options-1.75.0-8.el9.x86_64.rpm)
2025-04-18 07:15:10,983 p=26600 u=dmeta n=ansible | TASK [upgrade-local-rpm : display csv files] **************************************************************************************************
2025-04-18 07:15:10,984 p=26600 u=dmeta n=ansible | ok: [arteva1] => {
    "msg": [
        "/tmp/rpm/MariaDB-client-11.4.5-1.el9.x86_64.rpm",
        "/tmp/rpm/MariaDB-client-compat-11.4.5-1.el9.noarch.rpm",
        "/tmp/rpm/MariaDB-common-11.4.5-1.el9.x86_64.rpm",
        "/tmp/rpm/MariaDB-server-11.4.5-1.el9.x86_64.rpm",
        "/tmp/rpm/MariaDB-shared-11.4.5-1.el9.x86_64.rpm",
        "/tmp/rpm/perl-File-Copy-2.34-481.el9.noarch.rpm",
        "/tmp/rpm/perl-Sys-Hostname-1.23-481.el9.x86_64.rpm",
        "/tmp/rpm/galera-4-26.4.21-1.el9.x86_64.rpm",
        "/tmp/rpm/boost-program-options-1.75.0-8.el9.x86_64.rpm"
    ]
}
2025-04-18 07:15:21,076 p=26600 u=dmeta n=ansible | TASK [upgrade-local-rpm : upgrade rpm] ********************************************************************************************************
2025-04-18 07:15:21,076 p=26600 u=dmeta n=ansible | [WARNING]: Platform linux on host arteva1 is using the discovered Python interpreter at /usr/bin/python, but future installation of another
Python interpreter could change the meaning of that path. See
https://docs.ansible.com/ansible/2.10/reference_appendices/interpreter_discovery.html for more information.

2025-04-18 07:15:21,076 p=26600 u=dmeta n=ansible | changed: [arteva1]
2025-04-18 07:15:21,081 p=26600 u=dmeta n=ansible | PLAY RECAP ************************************************************************************************************************************
2025-04-18 07:15:21,081 p=26600 u=dmeta n=ansible | arteva1                    : ok=6    changed=1    unreachable=0    failed=0    skipped=0    rescued=0    ignored=0   
2025-04-18 07:17:15,169 p=26745 u=dmeta n=ansible | PLAY [configure mysql] ************************************************************************************************************************
2025-04-18 07:17:17,267 p=26745 u=dmeta n=ansible | TASK [Gathering Facts] ************************************************************************************************************************
2025-04-18 07:17:17,271 p=26745 u=dmeta n=ansible | [WARNING]: Platform linux on host arteva1 is using the discovered Python interpreter at /usr/bin/python, but future installation of another
Python interpreter could change the meaning of that path. See
https://docs.ansible.com/ansible/2.10/reference_appendices/interpreter_discovery.html for more information.

2025-04-18 07:17:17,271 p=26745 u=dmeta n=ansible | ok: [arteva1]
2025-04-18 07:17:18,386 p=26745 u=dmeta n=ansible | TASK [config-mysql : create mysql dir] ********************************************************************************************************
2025-04-18 07:17:18,387 p=26745 u=dmeta n=ansible | changed: [arteva1]
2025-04-18 07:17:19,552 p=26745 u=dmeta n=ansible | TASK [config-mysql : chown data dir] **********************************************************************************************************
2025-04-18 07:17:19,553 p=26745 u=dmeta n=ansible | changed: [arteva1]
2025-04-18 07:17:21,085 p=26745 u=dmeta n=ansible | TASK [config-mysql : stop mysql] **************************************************************************************************************
2025-04-18 07:17:21,086 p=26745 u=dmeta n=ansible | ok: [arteva1]
2025-04-18 07:17:22,569 p=26745 u=dmeta n=ansible | TASK [config-mysql : copy mysql] **************************************************************************************************************
2025-04-18 07:17:22,570 p=26745 u=dmeta n=ansible | changed: [arteva1]
2025-04-18 07:17:24,907 p=26745 u=dmeta n=ansible | TASK [config-mysql : update my.cnf] ***********************************************************************************************************
2025-04-18 07:17:24,908 p=26745 u=dmeta n=ansible | changed: [arteva1] => (item=my.cnf)
2025-04-18 07:17:26,990 p=26745 u=dmeta n=ansible | TASK [config-mysql : start mysql] *************************************************************************************************************
2025-04-18 07:17:26,990 p=26745 u=dmeta n=ansible | changed: [arteva1]
2025-04-18 07:17:28,080 p=26745 u=dmeta n=ansible | TASK [config-mysql : config firewall port] ****************************************************************************************************
2025-04-18 07:17:28,081 p=26745 u=dmeta n=ansible | changed: [arteva1] => (item=3306/tcp)
2025-04-18 07:17:29,252 p=26745 u=dmeta n=ansible | TASK [config-mysql : reload firewalld] ********************************************************************************************************
2025-04-18 07:17:29,253 p=26745 u=dmeta n=ansible | changed: [arteva1]
2025-04-18 07:17:29,523 p=26745 u=dmeta n=ansible | TASK [config-mysql : upload db script] ********************************************************************************************************
2025-04-18 07:17:29,524 p=26745 u=dmeta n=ansible | An exception occurred during task execution. To see the full traceback, use -vvv. The error was: If you are using a module and expect the file to exist on the remote, see the remote_src option
2025-04-18 07:17:29,526 p=26745 u=dmeta n=ansible | failed: [arteva1] (item=db-script.tar) => {"ansible_loop_var": "item", "changed": false, "item": "db-script.tar", "msg": "Could not find or access '../file/db-script.tar'\nSearched in:\n\t/home/dmeta/ANSIBLE/arteva/rl9/01-dmeta-install-arteva/roles/config-mysql/files/../file/db-script.tar\n\t/home/dmeta/ANSIBLE/arteva/rl9/01-dmeta-install-arteva/roles/config-mysql/../file/db-script.tar\n\t/home/dmeta/ANSIBLE/arteva/rl9/01-dmeta-install-arteva/roles/config-mysql/tasks/files/../file/db-script.tar\n\t/home/dmeta/ANSIBLE/arteva/rl9/01-dmeta-install-arteva/roles/config-mysql/tasks/../file/db-script.tar\n\t/home/dmeta/ANSIBLE/arteva/rl9/01-dmeta-install-arteva/playbook/files/../file/db-script.tar\n\t/home/dmeta/ANSIBLE/arteva/rl9/01-dmeta-install-arteva/playbook/../file/db-script.tar on the Ansible Controller.\nIf you are using a module and expect the file to exist on the remote, see the remote_src option"}
2025-04-18 07:17:29,532 p=26745 u=dmeta n=ansible | PLAY RECAP ************************************************************************************************************************************
2025-04-18 07:17:29,533 p=26745 u=dmeta n=ansible | arteva1                    : ok=9    changed=7    unreachable=0    failed=1    skipped=0    rescued=0    ignored=0   
2025-04-18 07:23:12,169 p=27054 u=dmeta n=ansible | PLAY [configure mysql] ************************************************************************************************************************
2025-04-18 07:23:14,417 p=27054 u=dmeta n=ansible | TASK [Gathering Facts] ************************************************************************************************************************
2025-04-18 07:23:14,419 p=27054 u=dmeta n=ansible | [WARNING]: Platform linux on host arteva1 is using the discovered Python interpreter at /usr/bin/python, but future installation of another
Python interpreter could change the meaning of that path. See
https://docs.ansible.com/ansible/2.10/reference_appendices/interpreter_discovery.html for more information.

2025-04-18 07:23:14,419 p=27054 u=dmeta n=ansible | ok: [arteva1]
2025-04-18 07:23:16,627 p=27054 u=dmeta n=ansible | TASK [config-mysql : upload db script] ********************************************************************************************************
2025-04-18 07:23:16,628 p=27054 u=dmeta n=ansible | changed: [arteva1] => (item=db-script.tar)
2025-04-18 07:23:18,455 p=27054 u=dmeta n=ansible | TASK [config-mysql : create db] ***************************************************************************************************************
2025-04-18 07:23:18,456 p=27054 u=dmeta n=ansible | changed: [arteva1]
2025-04-18 07:23:19,497 p=27054 u=dmeta n=ansible | TASK [config-mysql : delete upload file] ******************************************************************************************************
2025-04-18 07:23:19,497 p=27054 u=dmeta n=ansible | changed: [arteva1]
2025-04-18 07:23:19,524 p=27054 u=dmeta n=ansible | PLAY RECAP ************************************************************************************************************************************
2025-04-18 07:23:19,525 p=27054 u=dmeta n=ansible | arteva1                    : ok=4    changed=3    unreachable=0    failed=0    skipped=0    rescued=0    ignored=0   
2025-04-18 07:23:38,442 p=27141 u=dmeta n=ansible | PLAY [configure mysql] ************************************************************************************************************************
2025-04-18 07:23:40,213 p=27141 u=dmeta n=ansible | TASK [Gathering Facts] ************************************************************************************************************************
2025-04-18 07:23:40,215 p=27141 u=dmeta n=ansible | [WARNING]: Platform linux on host arteva1 is using the discovered Python interpreter at /usr/bin/python, but future installation of another
Python interpreter could change the meaning of that path. See
https://docs.ansible.com/ansible/2.10/reference_appendices/interpreter_discovery.html for more information.

2025-04-18 07:23:40,215 p=27141 u=dmeta n=ansible | ok: [arteva1]
2025-04-18 07:23:41,330 p=27141 u=dmeta n=ansible | TASK [config-mysql : update root passwd] ******************************************************************************************************
2025-04-18 07:23:41,331 p=27141 u=dmeta n=ansible | changed: [arteva1]
2025-04-18 07:23:41,359 p=27141 u=dmeta n=ansible | PLAY RECAP ************************************************************************************************************************************
2025-04-18 07:23:41,363 p=27141 u=dmeta n=ansible | arteva1                    : ok=2    changed=1    unreachable=0    failed=0    skipped=0    rescued=0    ignored=0   
2025-04-18 07:28:48,573 p=27189 u=dmeta n=ansible | PLAY [Upgrade local RPM] **********************************************************************************************************************
2025-04-18 07:28:48,617 p=27189 u=dmeta n=ansible | TASK [upgrade-local-rpm : Read rpm update list file] ******************************************************************************************
2025-04-18 07:28:48,617 p=27189 u=dmeta n=ansible | ok: [arteva1]
2025-04-18 07:28:48,635 p=27189 u=dmeta n=ansible | TASK [upgrade-local-rpm : display csv files] **************************************************************************************************
2025-04-18 07:28:48,636 p=27189 u=dmeta n=ansible | ok: [arteva1] => {
    "msg": [
        "erlang-27.3.2-1.el9.x86_64.rpm",
        "rabbitmq-server-4.1.0-1.el8.noarch.rpm"
    ]
}
2025-04-18 07:28:48,654 p=27189 u=dmeta n=ansible | TASK [upgrade-local-rpm : create list var] ****************************************************************************************************
2025-04-18 07:28:48,654 p=27189 u=dmeta n=ansible | ok: [arteva1]
2025-04-18 07:28:48,682 p=27189 u=dmeta n=ansible | TASK [upgrade-local-rpm : put the rpm name in list] *******************************************************************************************
2025-04-18 07:28:48,683 p=27189 u=dmeta n=ansible | ok: [arteva1] => (item=erlang-27.3.2-1.el9.x86_64.rpm)
2025-04-18 07:28:48,684 p=27189 u=dmeta n=ansible | ok: [arteva1] => (item=rabbitmq-server-4.1.0-1.el8.noarch.rpm)
2025-04-18 07:28:48,703 p=27189 u=dmeta n=ansible | TASK [upgrade-local-rpm : display csv files] **************************************************************************************************
2025-04-18 07:28:48,703 p=27189 u=dmeta n=ansible | ok: [arteva1] => {
    "msg": [
        "/tmp/rpm/erlang-27.3.2-1.el9.x86_64.rpm",
        "/tmp/rpm/rabbitmq-server-4.1.0-1.el8.noarch.rpm"
    ]
}
2025-04-18 07:28:52,497 p=27189 u=dmeta n=ansible | TASK [upgrade-local-rpm : upgrade rpm] ********************************************************************************************************
2025-04-18 07:28:52,498 p=27189 u=dmeta n=ansible | [WARNING]: Platform linux on host arteva1 is using the discovered Python interpreter at /usr/bin/python, but future installation of another
Python interpreter could change the meaning of that path. See
https://docs.ansible.com/ansible/2.10/reference_appendices/interpreter_discovery.html for more information.

2025-04-18 07:28:52,498 p=27189 u=dmeta n=ansible | changed: [arteva1]
2025-04-18 07:28:52,507 p=27189 u=dmeta n=ansible | PLAY RECAP ************************************************************************************************************************************
2025-04-18 07:28:52,508 p=27189 u=dmeta n=ansible | arteva1                    : ok=6    changed=1    unreachable=0    failed=0    skipped=0    rescued=0    ignored=0   
2025-04-18 07:30:00,822 p=27230 u=dmeta n=ansible | PLAY [Upgrade local RPM] **********************************************************************************************************************
2025-04-18 07:30:00,890 p=27230 u=dmeta n=ansible | TASK [upgrade-local-rpm : Read rpm update list file] ******************************************************************************************
2025-04-18 07:30:00,892 p=27230 u=dmeta n=ansible | ok: [arteva1]
2025-04-18 07:30:00,920 p=27230 u=dmeta n=ansible | TASK [upgrade-local-rpm : display csv files] **************************************************************************************************
2025-04-18 07:30:00,921 p=27230 u=dmeta n=ansible | ok: [arteva1] => {
    "msg": [
        "java-11-openjdk-11.0.25.0.9-3.el9.x86_64.rpm ",
        "java-11-openjdk-devel-11.0.25.0.9-3.el9.x86_64.rpm",
        "java-11-openjdk-headless-11.0.25.0.9-3.el9.x86_64.rpm",
        "java-1.8.0-openjdk-devel-1.8.0.432.b06-3.el9.x86_64.rpm",
        "java-1.8.0-openjdk-headless-1.8.0.432.b06-3.el9.x86_64.rpm",
        "javapackages-filesystem-6.0.0-4.el9.noarch.rpm",
        "javapackages-tools-6.0.0-4.el9.noarch.rpm",
        "tzdata-java-2024b-2.el9.noarch.rpm",
        "copy-jdk-configs-4.0-3.el9.noarch",
        "lksctp-tools-1.0.19-3.el9_4.x86_64",
        "ttmkfdir-3.0.9-65.el9.x86_64",
        "xorg-x11-fonts-Type1-7.5-33.el9.noarch",
        "lua-5.4.4-4.el9.x86_64",
        "lua-posix-35.0-8.el9.x86_64",
        "mkfontscale-1.2.1-3.el9.x86_64"
    ]
}
2025-04-18 07:30:00,945 p=27230 u=dmeta n=ansible | TASK [upgrade-local-rpm : create list var] ****************************************************************************************************
2025-04-18 07:30:00,946 p=27230 u=dmeta n=ansible | ok: [arteva1]
2025-04-18 07:30:00,991 p=27230 u=dmeta n=ansible | TASK [upgrade-local-rpm : put the rpm name in list] *******************************************************************************************
2025-04-18 07:30:00,991 p=27230 u=dmeta n=ansible | ok: [arteva1] => (item=java-11-openjdk-11.0.25.0.9-3.el9.x86_64.rpm )
2025-04-18 07:30:00,999 p=27230 u=dmeta n=ansible | ok: [arteva1] => (item=java-11-openjdk-devel-11.0.25.0.9-3.el9.x86_64.rpm)
2025-04-18 07:30:01,006 p=27230 u=dmeta n=ansible | ok: [arteva1] => (item=java-11-openjdk-headless-11.0.25.0.9-3.el9.x86_64.rpm)
2025-04-18 07:30:01,011 p=27230 u=dmeta n=ansible | ok: [arteva1] => (item=java-1.8.0-openjdk-devel-1.8.0.432.b06-3.el9.x86_64.rpm)
2025-04-18 07:30:01,016 p=27230 u=dmeta n=ansible | ok: [arteva1] => (item=java-1.8.0-openjdk-headless-1.8.0.432.b06-3.el9.x86_64.rpm)
2025-04-18 07:30:01,023 p=27230 u=dmeta n=ansible | ok: [arteva1] => (item=javapackages-filesystem-6.0.0-4.el9.noarch.rpm)
2025-04-18 07:30:01,029 p=27230 u=dmeta n=ansible | ok: [arteva1] => (item=javapackages-tools-6.0.0-4.el9.noarch.rpm)
2025-04-18 07:30:01,034 p=27230 u=dmeta n=ansible | ok: [arteva1] => (item=tzdata-java-2024b-2.el9.noarch.rpm)
2025-04-18 07:30:01,040 p=27230 u=dmeta n=ansible | ok: [arteva1] => (item=copy-jdk-configs-4.0-3.el9.noarch)
2025-04-18 07:30:01,047 p=27230 u=dmeta n=ansible | ok: [arteva1] => (item=lksctp-tools-1.0.19-3.el9_4.x86_64)
2025-04-18 07:30:01,055 p=27230 u=dmeta n=ansible | ok: [arteva1] => (item=ttmkfdir-3.0.9-65.el9.x86_64)
2025-04-18 07:30:01,061 p=27230 u=dmeta n=ansible | ok: [arteva1] => (item=xorg-x11-fonts-Type1-7.5-33.el9.noarch)
2025-04-18 07:30:01,068 p=27230 u=dmeta n=ansible | ok: [arteva1] => (item=lua-5.4.4-4.el9.x86_64)
2025-04-18 07:30:01,073 p=27230 u=dmeta n=ansible | ok: [arteva1] => (item=lua-posix-35.0-8.el9.x86_64)
2025-04-18 07:30:01,079 p=27230 u=dmeta n=ansible | ok: [arteva1] => (item=mkfontscale-1.2.1-3.el9.x86_64)
2025-04-18 07:30:01,102 p=27230 u=dmeta n=ansible | TASK [upgrade-local-rpm : display csv files] **************************************************************************************************
2025-04-18 07:30:01,102 p=27230 u=dmeta n=ansible | ok: [arteva1] => {
    "msg": [
        "/tmp/rpm/java-11-openjdk-11.0.25.0.9-3.el9.x86_64.rpm ",
        "/tmp/rpm/java-11-openjdk-devel-11.0.25.0.9-3.el9.x86_64.rpm",
        "/tmp/rpm/java-11-openjdk-headless-11.0.25.0.9-3.el9.x86_64.rpm",
        "/tmp/rpm/java-1.8.0-openjdk-devel-1.8.0.432.b06-3.el9.x86_64.rpm",
        "/tmp/rpm/java-1.8.0-openjdk-headless-1.8.0.432.b06-3.el9.x86_64.rpm",
        "/tmp/rpm/javapackages-filesystem-6.0.0-4.el9.noarch.rpm",
        "/tmp/rpm/javapackages-tools-6.0.0-4.el9.noarch.rpm",
        "/tmp/rpm/tzdata-java-2024b-2.el9.noarch.rpm",
        "/tmp/rpm/copy-jdk-configs-4.0-3.el9.noarch",
        "/tmp/rpm/lksctp-tools-1.0.19-3.el9_4.x86_64",
        "/tmp/rpm/ttmkfdir-3.0.9-65.el9.x86_64",
        "/tmp/rpm/xorg-x11-fonts-Type1-7.5-33.el9.noarch",
        "/tmp/rpm/lua-5.4.4-4.el9.x86_64",
        "/tmp/rpm/lua-posix-35.0-8.el9.x86_64",
        "/tmp/rpm/mkfontscale-1.2.1-3.el9.x86_64"
    ]
}
2025-04-18 07:30:02,800 p=27230 u=dmeta n=ansible | TASK [upgrade-local-rpm : upgrade rpm] ********************************************************************************************************
2025-04-18 07:30:02,805 p=27230 u=dmeta n=ansible | [WARNING]: Platform linux on host arteva1 is using the discovered Python interpreter at /usr/bin/python, but future installation of another
Python interpreter could change the meaning of that path. See
https://docs.ansible.com/ansible/2.10/reference_appendices/interpreter_discovery.html for more information.

2025-04-18 07:30:02,806 p=27230 u=dmeta n=ansible | fatal: [arteva1]: FAILED! => {"ansible_facts": {"discovered_interpreter_python": "/usr/bin/python"}, "changed": false, "msg": "No group tmp/rpm/copy-jdk-configs-4.0-3.el9.noarch available.", "results": []}
2025-04-18 07:30:02,837 p=27230 u=dmeta n=ansible | PLAY RECAP ************************************************************************************************************************************
2025-04-18 07:30:02,838 p=27230 u=dmeta n=ansible | arteva1                    : ok=5    changed=0    unreachable=0    failed=1    skipped=0    rescued=0    ignored=0   
2025-04-18 07:31:46,897 p=27279 u=dmeta n=ansible | PLAY [Upgrade local RPM] **********************************************************************************************************************
2025-04-18 07:31:46,941 p=27279 u=dmeta n=ansible | TASK [upgrade-local-rpm : Read rpm update list file] ******************************************************************************************
2025-04-18 07:31:46,942 p=27279 u=dmeta n=ansible | ok: [arteva1]
2025-04-18 07:31:46,960 p=27279 u=dmeta n=ansible | TASK [upgrade-local-rpm : display csv files] **************************************************************************************************
2025-04-18 07:31:46,960 p=27279 u=dmeta n=ansible | ok: [arteva1] => {
    "msg": [
        "java-11-openjdk-11.0.25.0.9-3.el9.x86_64.rpm ",
        "java-11-openjdk-devel-11.0.25.0.9-3.el9.x86_64.rpm",
        "java-11-openjdk-headless-11.0.25.0.9-3.el9.x86_64.rpm",
        "java-1.8.0-openjdk-devel-1.8.0.432.b06-3.el9.x86_64.rpm",
        "java-1.8.0-openjdk-headless-1.8.0.432.b06-3.el9.x86_64.rpm",
        "javapackages-filesystem-6.0.0-4.el9.noarch.rpm",
        "javapackages-tools-6.0.0-4.el9.noarch.rpm",
        "tzdata-java-2024b-2.el9.noarch.rpm",
        "copy-jdk-configs-4.0-3.el9.noarch.rpm",
        "lksctp-tools-1.0.19-3.el9_4.x86_64.rpm",
        "ttmkfdir-3.0.9-65.el9.x86_64.rpm",
        "xorg-x11-fonts-Type1-7.5-33.el9.noarch.rpm",
        "lua-5.4.4-4.el9.x86_64.rpm",
        "lua-posix-35.0-8.el9.x86_64.rpm",
        "mkfontscale-1.2.1-3.el9.x86_64.rpm"
    ]
}
2025-04-18 07:31:46,977 p=27279 u=dmeta n=ansible | TASK [upgrade-local-rpm : create list var] ****************************************************************************************************
2025-04-18 07:31:46,977 p=27279 u=dmeta n=ansible | ok: [arteva1]
2025-04-18 07:31:47,000 p=27279 u=dmeta n=ansible | TASK [upgrade-local-rpm : put the rpm name in list] *******************************************************************************************
2025-04-18 07:31:47,000 p=27279 u=dmeta n=ansible | ok: [arteva1] => (item=java-11-openjdk-11.0.25.0.9-3.el9.x86_64.rpm )
2025-04-18 07:31:47,003 p=27279 u=dmeta n=ansible | ok: [arteva1] => (item=java-11-openjdk-devel-11.0.25.0.9-3.el9.x86_64.rpm)
2025-04-18 07:31:47,008 p=27279 u=dmeta n=ansible | ok: [arteva1] => (item=java-11-openjdk-headless-11.0.25.0.9-3.el9.x86_64.rpm)
2025-04-18 07:31:47,012 p=27279 u=dmeta n=ansible | ok: [arteva1] => (item=java-1.8.0-openjdk-devel-1.8.0.432.b06-3.el9.x86_64.rpm)
2025-04-18 07:31:47,017 p=27279 u=dmeta n=ansible | ok: [arteva1] => (item=java-1.8.0-openjdk-headless-1.8.0.432.b06-3.el9.x86_64.rpm)
2025-04-18 07:31:47,022 p=27279 u=dmeta n=ansible | ok: [arteva1] => (item=javapackages-filesystem-6.0.0-4.el9.noarch.rpm)
2025-04-18 07:31:47,026 p=27279 u=dmeta n=ansible | ok: [arteva1] => (item=javapackages-tools-6.0.0-4.el9.noarch.rpm)
2025-04-18 07:31:47,031 p=27279 u=dmeta n=ansible | ok: [arteva1] => (item=tzdata-java-2024b-2.el9.noarch.rpm)
2025-04-18 07:31:47,035 p=27279 u=dmeta n=ansible | ok: [arteva1] => (item=copy-jdk-configs-4.0-3.el9.noarch.rpm)
2025-04-18 07:31:47,040 p=27279 u=dmeta n=ansible | ok: [arteva1] => (item=lksctp-tools-1.0.19-3.el9_4.x86_64.rpm)
2025-04-18 07:31:47,045 p=27279 u=dmeta n=ansible | ok: [arteva1] => (item=ttmkfdir-3.0.9-65.el9.x86_64.rpm)
2025-04-18 07:31:47,049 p=27279 u=dmeta n=ansible | ok: [arteva1] => (item=xorg-x11-fonts-Type1-7.5-33.el9.noarch.rpm)
2025-04-18 07:31:47,053 p=27279 u=dmeta n=ansible | ok: [arteva1] => (item=lua-5.4.4-4.el9.x86_64.rpm)
2025-04-18 07:31:47,060 p=27279 u=dmeta n=ansible | ok: [arteva1] => (item=lua-posix-35.0-8.el9.x86_64.rpm)
2025-04-18 07:31:47,066 p=27279 u=dmeta n=ansible | ok: [arteva1] => (item=mkfontscale-1.2.1-3.el9.x86_64.rpm)
2025-04-18 07:31:47,085 p=27279 u=dmeta n=ansible | TASK [upgrade-local-rpm : display csv files] **************************************************************************************************
2025-04-18 07:31:47,085 p=27279 u=dmeta n=ansible | ok: [arteva1] => {
    "msg": [
        "/tmp/rpm/java-11-openjdk-11.0.25.0.9-3.el9.x86_64.rpm ",
        "/tmp/rpm/java-11-openjdk-devel-11.0.25.0.9-3.el9.x86_64.rpm",
        "/tmp/rpm/java-11-openjdk-headless-11.0.25.0.9-3.el9.x86_64.rpm",
        "/tmp/rpm/java-1.8.0-openjdk-devel-1.8.0.432.b06-3.el9.x86_64.rpm",
        "/tmp/rpm/java-1.8.0-openjdk-headless-1.8.0.432.b06-3.el9.x86_64.rpm",
        "/tmp/rpm/javapackages-filesystem-6.0.0-4.el9.noarch.rpm",
        "/tmp/rpm/javapackages-tools-6.0.0-4.el9.noarch.rpm",
        "/tmp/rpm/tzdata-java-2024b-2.el9.noarch.rpm",
        "/tmp/rpm/copy-jdk-configs-4.0-3.el9.noarch.rpm",
        "/tmp/rpm/lksctp-tools-1.0.19-3.el9_4.x86_64.rpm",
        "/tmp/rpm/ttmkfdir-3.0.9-65.el9.x86_64.rpm",
        "/tmp/rpm/xorg-x11-fonts-Type1-7.5-33.el9.noarch.rpm",
        "/tmp/rpm/lua-5.4.4-4.el9.x86_64.rpm",
        "/tmp/rpm/lua-posix-35.0-8.el9.x86_64.rpm",
        "/tmp/rpm/mkfontscale-1.2.1-3.el9.x86_64.rpm"
    ]
}
2025-04-18 07:31:48,447 p=27279 u=dmeta n=ansible | TASK [upgrade-local-rpm : upgrade rpm] ********************************************************************************************************
2025-04-18 07:31:48,449 p=27279 u=dmeta n=ansible | [WARNING]: Platform linux on host arteva1 is using the discovered Python interpreter at /usr/bin/python, but future installation of another
Python interpreter could change the meaning of that path. See
https://docs.ansible.com/ansible/2.10/reference_appendices/interpreter_discovery.html for more information.

2025-04-18 07:31:48,449 p=27279 u=dmeta n=ansible | fatal: [arteva1]: FAILED! => {"ansible_facts": {"discovered_interpreter_python": "/usr/bin/python"}, "changed": false, "failures": [], "msg": "Depsolve Error occured: \n Problem: conflicting requests\n  - nothing provides java-1.8.0-openjdk(x86-64) = 1:1.8.0.432.b06-3.el9 needed by java-1.8.0-openjdk-devel-1:1.8.0.432.b06-3.el9.x86_64 from @commandline", "rc": 1, "results": []}
2025-04-18 07:31:48,452 p=27279 u=dmeta n=ansible | PLAY RECAP ************************************************************************************************************************************
2025-04-18 07:31:48,452 p=27279 u=dmeta n=ansible | arteva1                    : ok=5    changed=0    unreachable=0    failed=1    skipped=0    rescued=0    ignored=0   
2025-04-18 07:35:31,863 p=27320 u=dmeta n=ansible |  [ERROR]: User interrupted execution

2025-04-18 07:35:36,142 p=27321 u=dmeta n=ansible | PLAY [Upgrade local RPM] **********************************************************************************************************************
2025-04-18 07:35:36,184 p=27321 u=dmeta n=ansible | TASK [upgrade-local-rpm : Read rpm update list file] ******************************************************************************************
2025-04-18 07:35:36,185 p=27321 u=dmeta n=ansible | ok: [arteva1]
2025-04-18 07:35:36,202 p=27321 u=dmeta n=ansible | TASK [upgrade-local-rpm : display csv files] **************************************************************************************************
2025-04-18 07:35:36,203 p=27321 u=dmeta n=ansible | ok: [arteva1] => {
    "msg": [
        "java-11-openjdk-11.0.25.0.9-3.el9.x86_64.rpm ",
        "java-11-openjdk-devel-11.0.25.0.9-3.el9.x86_64.rpm",
        "java-11-openjdk-headless-11.0.25.0.9-3.el9.x86_64.rpm",
        "java-1.8.0-openjdk-1.8.0.432.b06-3.el9.x86_64.rpm",
        "java-1.8.0-openjdk-devel-1.8.0.432.b06-3.el9.x86_64.rpm",
        "java-1.8.0-openjdk-headless-1.8.0.432.b06-3.el9.x86_64.rpm",
        "javapackages-filesystem-6.0.0-4.el9.noarch.rpm",
        "javapackages-tools-6.0.0-4.el9.noarch.rpm",
        "tzdata-java-2024b-2.el9.noarch.rpm",
        "copy-jdk-configs-4.0-3.el9.noarch.rpm",
        "lksctp-tools-1.0.19-3.el9_4.x86_64.rpm",
        "ttmkfdir-3.0.9-65.el9.x86_64.rpm",
        "xorg-x11-fonts-Type1-7.5-33.el9.noarch.rpm",
        "lua-5.4.4-4.el9.x86_64.rpm",
        "lua-posix-35.0-8.el9.x86_64.rpm",
        "mkfontscale-1.2.1-3.el9.x86_64.rpm"
    ]
}
2025-04-18 07:35:36,218 p=27321 u=dmeta n=ansible | TASK [upgrade-local-rpm : create list var] ****************************************************************************************************
2025-04-18 07:35:36,219 p=27321 u=dmeta n=ansible | ok: [arteva1]
2025-04-18 07:35:36,242 p=27321 u=dmeta n=ansible | TASK [upgrade-local-rpm : put the rpm name in list] *******************************************************************************************
2025-04-18 07:35:36,242 p=27321 u=dmeta n=ansible | ok: [arteva1] => (item=java-11-openjdk-11.0.25.0.9-3.el9.x86_64.rpm )
2025-04-18 07:35:36,247 p=27321 u=dmeta n=ansible | ok: [arteva1] => (item=java-11-openjdk-devel-11.0.25.0.9-3.el9.x86_64.rpm)
2025-04-18 07:35:36,251 p=27321 u=dmeta n=ansible | ok: [arteva1] => (item=java-11-openjdk-headless-11.0.25.0.9-3.el9.x86_64.rpm)
2025-04-18 07:35:36,255 p=27321 u=dmeta n=ansible | ok: [arteva1] => (item=java-1.8.0-openjdk-1.8.0.432.b06-3.el9.x86_64.rpm)
2025-04-18 07:35:36,259 p=27321 u=dmeta n=ansible | ok: [arteva1] => (item=java-1.8.0-openjdk-devel-1.8.0.432.b06-3.el9.x86_64.rpm)
2025-04-18 07:35:36,263 p=27321 u=dmeta n=ansible | ok: [arteva1] => (item=java-1.8.0-openjdk-headless-1.8.0.432.b06-3.el9.x86_64.rpm)
2025-04-18 07:35:36,267 p=27321 u=dmeta n=ansible | ok: [arteva1] => (item=javapackages-filesystem-6.0.0-4.el9.noarch.rpm)
2025-04-18 07:35:36,270 p=27321 u=dmeta n=ansible | ok: [arteva1] => (item=javapackages-tools-6.0.0-4.el9.noarch.rpm)
2025-04-18 07:35:36,275 p=27321 u=dmeta n=ansible | ok: [arteva1] => (item=tzdata-java-2024b-2.el9.noarch.rpm)
2025-04-18 07:35:36,279 p=27321 u=dmeta n=ansible | ok: [arteva1] => (item=copy-jdk-configs-4.0-3.el9.noarch.rpm)
2025-04-18 07:35:36,283 p=27321 u=dmeta n=ansible | ok: [arteva1] => (item=lksctp-tools-1.0.19-3.el9_4.x86_64.rpm)
2025-04-18 07:35:36,286 p=27321 u=dmeta n=ansible | ok: [arteva1] => (item=ttmkfdir-3.0.9-65.el9.x86_64.rpm)
2025-04-18 07:35:36,291 p=27321 u=dmeta n=ansible | ok: [arteva1] => (item=xorg-x11-fonts-Type1-7.5-33.el9.noarch.rpm)
2025-04-18 07:35:36,296 p=27321 u=dmeta n=ansible | ok: [arteva1] => (item=lua-5.4.4-4.el9.x86_64.rpm)
2025-04-18 07:35:36,300 p=27321 u=dmeta n=ansible | ok: [arteva1] => (item=lua-posix-35.0-8.el9.x86_64.rpm)
2025-04-18 07:35:36,303 p=27321 u=dmeta n=ansible | ok: [arteva1] => (item=mkfontscale-1.2.1-3.el9.x86_64.rpm)
2025-04-18 07:35:36,320 p=27321 u=dmeta n=ansible | TASK [upgrade-local-rpm : display csv files] **************************************************************************************************
2025-04-18 07:35:36,321 p=27321 u=dmeta n=ansible | ok: [arteva1] => {
    "msg": [
        "/tmp/rpm/java-11-openjdk-11.0.25.0.9-3.el9.x86_64.rpm ",
        "/tmp/rpm/java-11-openjdk-devel-11.0.25.0.9-3.el9.x86_64.rpm",
        "/tmp/rpm/java-11-openjdk-headless-11.0.25.0.9-3.el9.x86_64.rpm",
        "/tmp/rpm/java-1.8.0-openjdk-1.8.0.432.b06-3.el9.x86_64.rpm",
        "/tmp/rpm/java-1.8.0-openjdk-devel-1.8.0.432.b06-3.el9.x86_64.rpm",
        "/tmp/rpm/java-1.8.0-openjdk-headless-1.8.0.432.b06-3.el9.x86_64.rpm",
        "/tmp/rpm/javapackages-filesystem-6.0.0-4.el9.noarch.rpm",
        "/tmp/rpm/javapackages-tools-6.0.0-4.el9.noarch.rpm",
        "/tmp/rpm/tzdata-java-2024b-2.el9.noarch.rpm",
        "/tmp/rpm/copy-jdk-configs-4.0-3.el9.noarch.rpm",
        "/tmp/rpm/lksctp-tools-1.0.19-3.el9_4.x86_64.rpm",
        "/tmp/rpm/ttmkfdir-3.0.9-65.el9.x86_64.rpm",
        "/tmp/rpm/xorg-x11-fonts-Type1-7.5-33.el9.noarch.rpm",
        "/tmp/rpm/lua-5.4.4-4.el9.x86_64.rpm",
        "/tmp/rpm/lua-posix-35.0-8.el9.x86_64.rpm",
        "/tmp/rpm/mkfontscale-1.2.1-3.el9.x86_64.rpm"
    ]
}
2025-04-18 07:35:40,235 p=27321 u=dmeta n=ansible | TASK [upgrade-local-rpm : upgrade rpm] ********************************************************************************************************
2025-04-18 07:35:40,236 p=27321 u=dmeta n=ansible | [WARNING]: Platform linux on host arteva1 is using the discovered Python interpreter at /usr/bin/python, but future installation of another
Python interpreter could change the meaning of that path. See
https://docs.ansible.com/ansible/2.10/reference_appendices/interpreter_discovery.html for more information.

2025-04-18 07:35:40,236 p=27321 u=dmeta n=ansible | changed: [arteva1]
2025-04-18 07:35:40,247 p=27321 u=dmeta n=ansible | PLAY RECAP ************************************************************************************************************************************
2025-04-18 07:35:40,247 p=27321 u=dmeta n=ansible | arteva1                    : ok=6    changed=1    unreachable=0    failed=0    skipped=0    rescued=0    ignored=0   
2025-04-18 07:36:43,837 p=27358 u=dmeta n=ansible | PLAY [install arteva service] *****************************************************************************************************************
2025-04-18 07:36:45,490 p=27358 u=dmeta n=ansible | TASK [Gathering Facts] ************************************************************************************************************************
2025-04-18 07:36:45,500 p=27358 u=dmeta n=ansible | [WARNING]: Platform linux on host arteva1 is using the discovered Python interpreter at /usr/bin/python, but future installation of another
Python interpreter could change the meaning of that path. See
https://docs.ansible.com/ansible/2.10/reference_appendices/interpreter_discovery.html for more information.

2025-04-18 07:36:45,501 p=27358 u=dmeta n=ansible | ok: [arteva1]
2025-04-18 07:36:46,341 p=27358 u=dmeta n=ansible | TASK [config-alternatives : Correct java version selected] ************************************************************************************
2025-04-18 07:36:46,342 p=27358 u=dmeta n=ansible | changed: [arteva1] => (item=2,java)
2025-04-18 07:36:46,371 p=27358 u=dmeta n=ansible | PLAY RECAP ************************************************************************************************************************************
2025-04-18 07:36:46,372 p=27358 u=dmeta n=ansible | arteva1                    : ok=2    changed=1    unreachable=0    failed=0    skipped=0    rescued=0    ignored=0   
2025-04-18 07:38:15,664 p=27434 u=dmeta n=ansible | PLAY [configure rabbitmq] *********************************************************************************************************************
2025-04-18 07:38:17,706 p=27434 u=dmeta n=ansible | TASK [Gathering Facts] ************************************************************************************************************************
2025-04-18 07:38:17,707 p=27434 u=dmeta n=ansible | [WARNING]: Platform linux on host arteva1 is using the discovered Python interpreter at /usr/bin/python, but future installation of another
Python interpreter could change the meaning of that path. See
https://docs.ansible.com/ansible/2.10/reference_appendices/interpreter_discovery.html for more information.

2025-04-18 07:38:17,707 p=27434 u=dmeta n=ansible | ok: [arteva1]
2025-04-18 07:38:20,491 p=27434 u=dmeta n=ansible | TASK [config-rabbitmq : UI enable] ************************************************************************************************************
2025-04-18 07:38:20,492 p=27434 u=dmeta n=ansible | changed: [arteva1]
2025-04-18 07:38:20,539 p=27434 u=dmeta n=ansible | TASK [config-rabbitmq : rabbitmq list] ********************************************************************************************************
2025-04-18 07:38:20,540 p=27434 u=dmeta n=ansible | ok: [arteva1] => {
    "msg": [
        "Enabling plugins on node rabbit@arteva01:",
        "rabbitmq_management",
        "The following plugins have been configured:",
        "  rabbitmq_management",
        "  rabbitmq_management_agent",
        "  rabbitmq_web_dispatch",
        "Applying plugin configuration to rabbit@arteva01...",
        "The following plugins have been enabled:",
        "  rabbitmq_management",
        "  rabbitmq_management_agent",
        "  rabbitmq_web_dispatch",
        "",
        "set 3 plugins.",
        "Offline change; changes will take effect at broker restart.",
        "Listing plugins with pattern \".*\" ...",
        " Configured: E = explicitly enabled; e = implicitly enabled",
        " | Status: [failed to contact rabbit@arteva01 - status not shown]",
        " |/",
        "[  ] rabbitmq_amqp1_0                  4.1.0",
        "[  ] rabbitmq_auth_backend_cache       4.1.0",
        "[  ] rabbitmq_auth_backend_http        4.1.0",
        "[  ] rabbitmq_auth_backend_ldap        4.1.0",
        "[  ] rabbitmq_auth_backend_oauth2      4.1.0",
        "[  ] rabbitmq_auth_mechanism_ssl       4.1.0",
        "[  ] rabbitmq_consistent_hash_exchange 4.1.0",
        "[  ] rabbitmq_event_exchange           4.1.0",
        "[  ] rabbitmq_federation               4.1.0",
        "[  ] rabbitmq_federation_management    4.1.0",
        "[  ] rabbitmq_federation_prometheus    4.1.0",
        "[  ] rabbitmq_jms_topic_exchange       4.1.0",
        "[E ] rabbitmq_management               4.1.0",
        "[e ] rabbitmq_management_agent         4.1.0",
        "[  ] rabbitmq_mqtt                     4.1.0",
        "[  ] rabbitmq_peer_discovery_aws       4.1.0",
        "[  ] rabbitmq_peer_discovery_common    4.1.0",
        "[  ] rabbitmq_peer_discovery_consul    4.1.0",
        "[  ] rabbitmq_peer_discovery_etcd      4.1.0",
        "[  ] rabbitmq_peer_discovery_k8s       4.1.0",
        "[  ] rabbitmq_prometheus               4.1.0",
        "[  ] rabbitmq_random_exchange          4.1.0",
        "[  ] rabbitmq_recent_history_exchange  4.1.0",
        "[  ] rabbitmq_sharding                 4.1.0",
        "[  ] rabbitmq_shovel                   4.1.0",
        "[  ] rabbitmq_shovel_management        4.1.0",
        "[  ] rabbitmq_shovel_prometheus        4.1.0",
        "[  ] rabbitmq_stomp                    4.1.0",
        "[  ] rabbitmq_stream                   4.1.0",
        "[  ] rabbitmq_stream_management        4.1.0",
        "[  ] rabbitmq_top                      4.1.0",
        "[  ] rabbitmq_tracing                  4.1.0",
        "[  ] rabbitmq_trust_store              4.1.0",
        "[e ] rabbitmq_web_dispatch             4.1.0",
        "[  ] rabbitmq_web_mqtt                 4.1.0",
        "[  ] rabbitmq_web_mqtt_examples        4.1.0",
        "[  ] rabbitmq_web_stomp                4.1.0",
        "[  ] rabbitmq_web_stomp_examples       4.1.0"
    ]
}
2025-04-18 07:38:23,993 p=27434 u=dmeta n=ansible | TASK [config-rabbitmq : start rabbitmq] *******************************************************************************************************
2025-04-18 07:38:23,993 p=27434 u=dmeta n=ansible | changed: [arteva1]
2025-04-18 07:38:24,723 p=27434 u=dmeta n=ansible | TASK [config-rabbitmq : Download rabbitmqadmin tool] ******************************************************************************************
2025-04-18 07:38:24,724 p=27434 u=dmeta n=ansible | changed: [arteva1]
2025-04-18 07:38:29,244 p=27434 u=dmeta n=ansible | TASK [config-rabbitmq : create user] **********************************************************************************************************
2025-04-18 07:38:29,245 p=27434 u=dmeta n=ansible | changed: [arteva1]
2025-04-18 07:38:30,745 p=27434 u=dmeta n=ansible | TASK [config-rabbitmq : verify user] **********************************************************************************************************
2025-04-18 07:38:30,746 p=27434 u=dmeta n=ansible | changed: [arteva1]
2025-04-18 07:38:30,823 p=27434 u=dmeta n=ansible | TASK [config-rabbitmq : rabbitmq user] ********************************************************************************************************
2025-04-18 07:38:30,824 p=27434 u=dmeta n=ansible | ok: [arteva1] => {
    "msg": [
        "Listing users ...",
        "user\ttags",
        "guest\t[administrator]",
        "ai_engine_svc\t[administrator]",
        "dmeta\t[administrator]"
    ]
}
2025-04-18 07:38:31,654 p=27434 u=dmeta n=ansible | TASK [config-rabbitmq : create queue] *********************************************************************************************************
2025-04-18 07:38:31,654 p=27434 u=dmeta n=ansible | changed: [arteva1]
2025-04-18 07:38:32,408 p=27434 u=dmeta n=ansible | TASK [config-rabbitmq : verify queue] *********************************************************************************************************
2025-04-18 07:38:32,409 p=27434 u=dmeta n=ansible | changed: [arteva1]
2025-04-18 07:38:32,460 p=27434 u=dmeta n=ansible | TASK [config-rabbitmq : queue list] ***********************************************************************************************************
2025-04-18 07:38:32,461 p=27434 u=dmeta n=ansible | ok: [arteva1] => {
    "msg": [
        "+----------+----------+",
        "|   name   | messages |",
        "+----------+----------+",
        "| config   |          |",
        "| event    |          |",
        "| geofence |          |",
        "| monitor  |          |",
        "+----------+----------+"
    ]
}
2025-04-18 07:38:33,286 p=27434 u=dmeta n=ansible | TASK [config-rabbitmq : create exchange] ******************************************************************************************************
2025-04-18 07:38:33,286 p=27434 u=dmeta n=ansible | changed: [arteva1]
2025-04-18 07:38:34,498 p=27434 u=dmeta n=ansible | TASK [config-rabbitmq : verify exchange] ******************************************************************************************************
2025-04-18 07:38:34,501 p=27434 u=dmeta n=ansible | changed: [arteva1]
2025-04-18 07:38:34,545 p=27434 u=dmeta n=ansible | TASK [config-rabbitmq : exchange list] ********************************************************************************************************
2025-04-18 07:38:34,547 p=27434 u=dmeta n=ansible | ok: [arteva1] => {
    "msg": [
        "Listing exchanges for vhost / ...",
        "name\ttype",
        "amq.direct\tdirect",
        "geofence_exc\tdirect",
        "config_exc\tdirect",
        "amq.rabbitmq.trace\ttopic",
        "amq.match\theaders",
        "monitor_exc\tdirect",
        "amq.fanout\tfanout",
        "amq.topic\ttopic",
        "event_exc\tdirect",
        "amq.headers\theaders",
        "\tdirect"
    ]
}
2025-04-18 07:38:35,624 p=27434 u=dmeta n=ansible | TASK [config-rabbitmq : bind exchange and queue] **********************************************************************************************
2025-04-18 07:38:35,625 p=27434 u=dmeta n=ansible | changed: [arteva1]
2025-04-18 07:38:36,887 p=27434 u=dmeta n=ansible | TASK [config-rabbitmq : verify bind] **********************************************************************************************************
2025-04-18 07:38:36,888 p=27434 u=dmeta n=ansible | changed: [arteva1]
2025-04-18 07:38:36,945 p=27434 u=dmeta n=ansible | TASK [config-rabbitmq : bind list] ************************************************************************************************************
2025-04-18 07:38:36,947 p=27434 u=dmeta n=ansible | ok: [arteva1] => {
    "msg": [
        "Listing bindings for vhost /...",
        "source_name\tsource_kind\tdestination_name\tdestination_kind\trouting_key\targuments",
        "\texchange\tmonitor\tqueue\tmonitor\t[]",
        "\texchange\tevent\tqueue\tevent\t[]",
        "\texchange\tconfig\tqueue\tconfig\t[]",
        "\texchange\tgeofence\tqueue\tgeofence\t[]",
        "config_exc\texchange\tconfig\tqueue\t\t[]",
        "event_exc\texchange\tevent\tqueue\t\t[]",
        "geofence_exc\texchange\tgeofence\tqueue\t\t[]",
        "monitor_exc\texchange\tmonitor\tqueue\t\t[]"
    ]
}
2025-04-18 07:38:37,893 p=27434 u=dmeta n=ansible | TASK [config-rabbitmq : config firewall port] *************************************************************************************************
2025-04-18 07:38:37,894 p=27434 u=dmeta n=ansible | changed: [arteva1] => (item=5672/tcp)
2025-04-18 07:38:38,625 p=27434 u=dmeta n=ansible | changed: [arteva1] => (item=15672/tcp)
2025-04-18 07:38:39,484 p=27434 u=dmeta n=ansible | TASK [config-rabbitmq : reload firewalld] *****************************************************************************************************
2025-04-18 07:38:39,485 p=27434 u=dmeta n=ansible | changed: [arteva1]
2025-04-18 07:38:39,506 p=27434 u=dmeta n=ansible | PLAY RECAP ************************************************************************************************************************************
2025-04-18 07:38:39,507 p=27434 u=dmeta n=ansible | arteva1                    : ok=19   changed=13   unreachable=0    failed=0    skipped=0    rescued=0    ignored=0   
2025-04-18 07:40:30,786 p=27693 u=dmeta n=ansible |  [ERROR]: User interrupted execution

2025-04-18 07:41:55,534 p=27762 u=dmeta n=ansible | PLAY [install pm2 node] ***********************************************************************************************************************
2025-04-18 07:41:57,418 p=27762 u=dmeta n=ansible | TASK [Gathering Facts] ************************************************************************************************************************
2025-04-18 07:41:57,419 p=27762 u=dmeta n=ansible | [WARNING]: Platform linux on host arteva1 is using the discovered Python interpreter at /usr/bin/python, but future installation of another
Python interpreter could change the meaning of that path. See
https://docs.ansible.com/ansible/2.10/reference_appendices/interpreter_discovery.html for more information.

2025-04-18 07:41:57,419 p=27762 u=dmeta n=ansible | ok: [arteva1]
2025-04-18 07:42:00,659 p=27762 u=dmeta n=ansible | TASK [install-pm : upload pm2 node files] *****************************************************************************************************
2025-04-18 07:42:00,660 p=27762 u=dmeta n=ansible | changed: [arteva1] => (item=pm2.tar.gz)
2025-04-18 07:42:05,288 p=27762 u=dmeta n=ansible | changed: [arteva1] => (item=node-v10.24.0-linux-x64.tar.gz)
2025-04-18 07:42:06,152 p=27762 u=dmeta n=ansible | TASK [install-pm : soft link] *****************************************************************************************************************
2025-04-18 07:42:06,152 p=27762 u=dmeta n=ansible | changed: [arteva1] => (item={'src': '/apps/node-v10.24.0-linux-x64/bin/node', 'dest': '/usr/sbin/node'})
2025-04-18 07:42:06,737 p=27762 u=dmeta n=ansible | changed: [arteva1] => (item={'src': '/apps/pm2-5.4.2/bin/pm2', 'dest': '/usr/sbin/pm2'})
2025-04-18 07:42:07,343 p=27762 u=dmeta n=ansible | TASK [install-pm : soft link] *****************************************************************************************************************
2025-04-18 07:42:07,344 p=27762 u=dmeta n=ansible | changed: [arteva1] => (item={'src': '/apps/node-v10.24.0-linux-x64', 'dest': '/apps/pm2-5.4.2/node'})
2025-04-18 07:42:07,384 p=27762 u=dmeta n=ansible | PLAY RECAP ************************************************************************************************************************************
2025-04-18 07:42:07,385 p=27762 u=dmeta n=ansible | arteva1                    : ok=4    changed=3    unreachable=0    failed=0    skipped=1    rescued=0    ignored=0   
2025-04-18 07:46:29,956 p=27960 u=dmeta n=ansible | PLAY [install arteva service] *****************************************************************************************************************
2025-04-18 07:46:31,590 p=27960 u=dmeta n=ansible | TASK [Gathering Facts] ************************************************************************************************************************
2025-04-18 07:46:31,593 p=27960 u=dmeta n=ansible | [WARNING]: Platform linux on host arteva1 is using the discovered Python interpreter at /usr/bin/python, but future installation of another
Python interpreter could change the meaning of that path. See
https://docs.ansible.com/ansible/2.10/reference_appendices/interpreter_discovery.html for more information.

2025-04-18 07:46:31,593 p=27960 u=dmeta n=ansible | ok: [arteva1]
2025-04-18 07:46:32,558 p=27960 u=dmeta n=ansible | TASK [install-service : add group] ************************************************************************************************************
2025-04-18 07:46:32,559 p=27960 u=dmeta n=ansible | changed: [arteva1]
2025-04-18 07:46:33,751 p=27960 u=dmeta n=ansible | TASK [install-service : add the user] *********************************************************************************************************
2025-04-18 07:46:33,752 p=27960 u=dmeta n=ansible | changed: [arteva1]
2025-04-18 07:46:34,629 p=27960 u=dmeta n=ansible | TASK [install-service : add the user] *********************************************************************************************************
2025-04-18 07:46:34,629 p=27960 u=dmeta n=ansible | changed: [arteva1]
2025-04-18 07:46:48,265 p=27960 u=dmeta n=ansible | TASK [install-service : upload arteva backend files] ******************************************************************************************
2025-04-18 07:46:48,266 p=27960 u=dmeta n=ansible | changed: [arteva1] => (item=arteva.tar)
2025-04-18 07:46:49,194 p=27960 u=dmeta n=ansible | TASK [install-service : soft link] ************************************************************************************************************
2025-04-18 07:46:49,194 p=27960 u=dmeta n=ansible | changed: [arteva1] => (item={'src': '/apps/arteva/wars/D-Meta-LabIntelligent-AI-Video-Analytics-Backend_1.0.12.war', 'dest': '/apps/arteva/webapps/arteva.war'})
2025-04-18 07:46:52,490 p=27960 u=dmeta n=ansible | TASK [install-service : upload arteva backend files] ******************************************************************************************
2025-04-18 07:46:52,491 p=27960 u=dmeta n=ansible | changed: [arteva1] => (item=apache-tomcat-9.0.97.tar.gz)
2025-04-18 07:46:53,151 p=27960 u=dmeta n=ansible | TASK [install-service : create tomcat directory] **********************************************************************************************
2025-04-18 07:46:53,151 p=27960 u=dmeta n=ansible | changed: [arteva1]
2025-04-18 07:46:54,030 p=27960 u=dmeta n=ansible | TASK [install-service : move tomcat] **********************************************************************************************************
2025-04-18 07:46:54,030 p=27960 u=dmeta n=ansible | changed: [arteva1]
2025-04-18 07:46:54,622 p=27960 u=dmeta n=ansible | TASK [install-service : delete] ***************************************************************************************************************
2025-04-18 07:46:54,623 p=27960 u=dmeta n=ansible | changed: [arteva1]
2025-04-18 07:46:55,416 p=27960 u=dmeta n=ansible | TASK [install-service : update profile] *******************************************************************************************************
2025-04-18 07:46:55,417 p=27960 u=dmeta n=ansible | changed: [arteva1] => (item={'regexp': '^JAVA_HOME=', 'line': 'export JAVA_HOME=/usr/lib/jvm/java'})
2025-04-18 07:46:55,971 p=27960 u=dmeta n=ansible | changed: [arteva1] => (item={'regexp': '^CATALINA_HOME=', 'line': 'CATALINA_HOME=/apps/tomcat'})
2025-04-18 07:46:56,547 p=27960 u=dmeta n=ansible | changed: [arteva1] => (item={'regexp': '^PATH=', 'line': 'PATH=$PATH:$JAVA_HOME/bin:/bin:/sbin'})
2025-04-18 07:46:57,791 p=27960 u=dmeta n=ansible | changed: [arteva1] => (item={'regexp': '^CLASSPATH=', 'line': 'CLASSPATH=$JAVA_HOME/jre/lib:$JAVA_HOME/lib/tools.jar:$CATALINA_HOME/lib-jsp-api.jar:$CATALINA_HOME/lib/servlet-api.jar'})
2025-04-18 07:46:59,027 p=27960 u=dmeta n=ansible | changed: [arteva1] => (item={'regexp': '^export CUDA_VISIBLE_DEVICES=', 'line': 'export CUDA_VISIBLE_DEVICES=0'})
2025-04-18 07:47:00,010 p=27960 u=dmeta n=ansible | changed: [arteva1] => (item={'regexp': '^export CUDA_MPS_PIPE_DIRECTORY=', 'line': 'export CUDA_MPS_PIPE_DIRECTORY=/tmp/nvidia-mps'})
2025-04-18 07:47:00,959 p=27960 u=dmeta n=ansible | changed: [arteva1] => (item={'regexp': '^export CUDA_MPS_LOG_DIRECTORY=', 'line': 'export CUDA_MPS_LOG_DIRECTORY=/tmp/nvidia-log'})
2025-04-18 07:47:01,908 p=27960 u=dmeta n=ansible | TASK [install-service : apply config] *********************************************************************************************************
2025-04-18 07:47:01,909 p=27960 u=dmeta n=ansible | changed: [arteva1]
2025-04-18 07:47:03,224 p=27960 u=dmeta n=ansible | TASK [install-service : update bashrc] ********************************************************************************************************
2025-04-18 07:47:03,224 p=27960 u=dmeta n=ansible | changed: [arteva1]
2025-04-18 07:47:03,948 p=27960 u=dmeta n=ansible | TASK [install-service : bashrc] ***************************************************************************************************************
2025-04-18 07:47:03,949 p=27960 u=dmeta n=ansible | changed: [arteva1]
2025-04-18 07:47:05,187 p=27960 u=dmeta n=ansible | TASK [install-service : upload server.xml] ****************************************************************************************************
2025-04-18 07:47:05,188 p=27960 u=dmeta n=ansible | changed: [arteva1] => (item=server.xml)
2025-04-18 07:47:06,397 p=27960 u=dmeta n=ansible | TASK [install-service : upload tomcat.service] ************************************************************************************************
2025-04-18 07:47:06,398 p=27960 u=dmeta n=ansible | changed: [arteva1] => (item=tomcat.service)
2025-04-18 07:47:07,024 p=27960 u=dmeta n=ansible | TASK [install-service : chown tomcat] *********************************************************************************************************
2025-04-18 07:47:07,025 p=27960 u=dmeta n=ansible | ok: [arteva1]
2025-04-18 07:47:08,284 p=27960 u=dmeta n=ansible | TASK [install-service : systemd reread] *******************************************************************************************************
2025-04-18 07:47:08,286 p=27960 u=dmeta n=ansible | ok: [arteva1]
2025-04-18 07:47:09,144 p=27960 u=dmeta n=ansible | TASK [install-service : systemd enable tomcat] ************************************************************************************************
2025-04-18 07:47:09,145 p=27960 u=dmeta n=ansible | changed: [arteva1]
2025-04-18 07:47:10,198 p=27960 u=dmeta n=ansible | TASK [install-service : config firewall port] *************************************************************************************************
2025-04-18 07:47:10,199 p=27960 u=dmeta n=ansible | changed: [arteva1] => (item=8000/tcp)
2025-04-18 07:47:11,130 p=27960 u=dmeta n=ansible | TASK [install-service : reload firewalld] *****************************************************************************************************
2025-04-18 07:47:11,131 p=27960 u=dmeta n=ansible | changed: [arteva1]
2025-04-18 07:47:12,138 p=27960 u=dmeta n=ansible | TASK [install-service : systemd stop tomcat] **************************************************************************************************
2025-04-18 07:47:12,138 p=27960 u=dmeta n=ansible | changed: [arteva1]
2025-04-18 07:47:13,003 p=27960 u=dmeta n=ansible | TASK [install-service : upload arteva backend files] ******************************************************************************************
2025-04-18 07:47:13,004 p=27960 u=dmeta n=ansible | changed: [arteva1] => (item=/apps/arteva/webapps/arteva/WEB-INF/classes/log4j2.xml)
2025-04-18 07:47:13,598 p=27960 u=dmeta n=ansible | changed: [arteva1] => (item=/apps/arteva/webapps/arteva/WEB-INF/classes/dmeta/egovProps/globals.properties)
2025-04-18 07:47:14,381 p=27960 u=dmeta n=ansible | changed: [arteva1] => (item=/apps/arteva/webapps/arteva/WEB-INF/classes/dmeta/spring/com/context-properties.xml)
2025-04-18 07:47:15,304 p=27960 u=dmeta n=ansible | TASK [install-service : systemd stop tomcat] **************************************************************************************************
2025-04-18 07:47:15,305 p=27960 u=dmeta n=ansible | changed: [arteva1]
2025-04-18 07:47:16,179 p=27960 u=dmeta n=ansible | TASK [install-service : Allow tomcat directory] ***********************************************************************************************
2025-04-18 07:47:16,180 p=27960 u=dmeta n=ansible | changed: [arteva1]
2025-04-18 07:47:16,209 p=27960 u=dmeta n=ansible | PLAY RECAP ************************************************************************************************************************************
2025-04-18 07:47:16,209 p=27960 u=dmeta n=ansible | arteva1                    : ok=25   changed=22   unreachable=0    failed=0    skipped=2    rescued=0    ignored=0   
2025-04-18 08:05:05,561 p=28555 u=dmeta n=ansible | PLAY [install arteva service] *****************************************************************************************************************
2025-04-18 08:05:07,568 p=28555 u=dmeta n=ansible | TASK [Gathering Facts] ************************************************************************************************************************
2025-04-18 08:05:07,570 p=28555 u=dmeta n=ansible | [WARNING]: Platform linux on host arteva1 is using the discovered Python interpreter at /usr/bin/python, but future installation of another
Python interpreter could change the meaning of that path. See
https://docs.ansible.com/ansible/2.10/reference_appendices/interpreter_discovery.html for more information.

2025-04-18 08:05:07,570 p=28555 u=dmeta n=ansible | ok: [arteva1]
2025-04-18 08:05:25,838 p=28555 u=dmeta n=ansible | TASK [install-ai-engine : upload ai engine files] *********************************************************************************************
2025-04-18 08:05:25,839 p=28555 u=dmeta n=ansible | changed: [arteva1] => (item=Intelligent-AI-Video-Analytics-AI-Enginge-1.0.12.tar.gz)
2025-04-18 08:05:26,506 p=28555 u=dmeta n=ansible | TASK [install-ai-engine : copy ai engine] *****************************************************************************************************
2025-04-18 08:05:26,506 p=28555 u=dmeta n=ansible | changed: [arteva1]
2025-04-18 08:05:27,234 p=28555 u=dmeta n=ansible | TASK [install-ai-engine : delete upload file] *************************************************************************************************
2025-04-18 08:05:27,235 p=28555 u=dmeta n=ansible | changed: [arteva1]
2025-04-18 08:05:27,985 p=28555 u=dmeta n=ansible | TASK [install-ai-engine : create ai directory] ************************************************************************************************
2025-04-18 08:05:27,986 p=28555 u=dmeta n=ansible | changed: [arteva1]
2025-04-18 08:20:23,433 p=28555 u=dmeta n=ansible | TASK [install-ai-engine : upload arteva backend files] ****************************************************************************************
2025-04-18 08:20:23,439 p=28555 u=dmeta n=ansible | changed: [arteva1] => (item=ai_env.tar.gz)
2025-04-18 08:20:25,648 p=28555 u=dmeta n=ansible | TASK [install-ai-engine : untar dotenvx_file] *************************************************************************************************
2025-04-18 08:20:25,648 p=28555 u=dmeta n=ansible | changed: [arteva1] => (item=dotenvx.tar.gz)
2025-04-18 08:20:26,397 p=28555 u=dmeta n=ansible | TASK [install-ai-engine : move dotenvx] *******************************************************************************************************
2025-04-18 08:20:26,397 p=28555 u=dmeta n=ansible | changed: [arteva1] => (item=dotenvx)
2025-04-18 08:20:27,197 p=28555 u=dmeta n=ansible | TASK [install-ai-engine : update run arteva script] *******************************************************************************************
2025-04-18 08:20:27,198 p=28555 u=dmeta n=ansible | changed: [arteva1] => (item={'regexp': '^source ', 'line': 'source /home/tomcat/.bashrc'})
2025-04-18 08:20:28,000 p=28555 u=dmeta n=ansible | TASK [install-ai-engine : update run arteva script] *******************************************************************************************
2025-04-18 08:20:28,001 p=28555 u=dmeta n=ansible | changed: [arteva1] => (item=/apps/arteva/ai_engine/run_arteva.sh)
2025-04-18 08:20:28,630 p=28555 u=dmeta n=ansible | TASK [install-ai-engine : create nvidia-mps directory] ****************************************************************************************
2025-04-18 08:20:28,631 p=28555 u=dmeta n=ansible | changed: [arteva1] => (item=nvidia-mps)
2025-04-18 08:20:29,467 p=28555 u=dmeta n=ansible | changed: [arteva1] => (item=nvidia-log)
2025-04-18 08:20:30,512 p=28555 u=dmeta n=ansible | TASK [install-ai-engine : source profile] *****************************************************************************************************
2025-04-18 08:20:30,517 p=28555 u=dmeta n=ansible | changed: [arteva1]
2025-04-18 08:20:33,077 p=28555 u=dmeta n=ansible | TASK [install-ai-engine : source profile] *****************************************************************************************************
2025-04-18 08:20:33,077 p=28555 u=dmeta n=ansible | changed: [arteva1] => (item=conda-unpack && pip3 install -e .)
2025-04-18 08:20:33,079 p=28555 u=dmeta n=ansible | [WARNING]: Module remote_tmp /home/tomcat/.ansible/tmp did not exist and was created with a mode of 0700, this may cause issues when running
as another user. To avoid this, create the remote_tmp dir with the correct permissions manually

2025-04-18 08:20:33,654 p=28555 u=dmeta n=ansible | TASK [install-ai-engine : update profile] *****************************************************************************************************
2025-04-18 08:20:33,655 p=28555 u=dmeta n=ansible | changed: [arteva1] => (item={'regexp': '^alias ar=', 'line': "alias ar='tail -f /apps/arteva/log/arteva_service.log'"})
2025-04-18 08:20:34,295 p=28555 u=dmeta n=ansible | changed: [arteva1] => (item={'regexp': '^alias ai=', 'line': "alias ai='tail -f /apps/arteva/ai_engine/log/ai_engine/ai_process.log'"})
2025-04-18 08:20:34,895 p=28555 u=dmeta n=ansible | changed: [arteva1] => (item={'regexp': '^alias pm=', 'line': "alias pm='tail -f /apps/arteva/ai_engine/log/process_manager/process_manager.log'"})
2025-04-18 08:20:35,510 p=28555 u=dmeta n=ansible | changed: [arteva1] => (item={'regexp': '^alias rt=', 'line': "alias rt='tail -f /apps/arteva/ai_engine/log/rtsp_process/rtsp_process.log'"})
2025-04-18 08:20:36,305 p=28555 u=dmeta n=ansible | changed: [arteva1] => (item={'regexp': '^alias db=', 'line': "alias db='mariadb -u dmeta -p dmeta_arteva'"})
2025-04-18 08:20:37,026 p=28555 u=dmeta n=ansible | TASK [install-ai-engine : apply config] *******************************************************************************************************
2025-04-18 08:20:37,026 p=28555 u=dmeta n=ansible | changed: [arteva1]
2025-04-18 08:20:37,057 p=28555 u=dmeta n=ansible | PLAY RECAP ************************************************************************************************************************************
2025-04-18 08:20:37,057 p=28555 u=dmeta n=ansible | arteva1                    : ok=15   changed=14   unreachable=0    failed=0    skipped=0    rescued=0    ignored=0   
2025-04-18 08:26:15,918 p=29182 u=dmeta n=ansible |  [ERROR]: User interrupted execution

2025-04-18 08:27:06,502 p=29184 u=dmeta n=ansible | PLAY [Upgrade local RPM] **********************************************************************************************************************
2025-04-18 08:27:06,549 p=29184 u=dmeta n=ansible | TASK [upgrade-local-rpm : Read rpm update list file] ******************************************************************************************
2025-04-18 08:27:06,550 p=29184 u=dmeta n=ansible | ok: [arteva1]
2025-04-18 08:27:06,565 p=29184 u=dmeta n=ansible | TASK [upgrade-local-rpm : display csv files] **************************************************************************************************
2025-04-18 08:27:06,566 p=29184 u=dmeta n=ansible | ok: [arteva1] => {
    "msg": [
        "openscap-1.3.10-2.el9_3.rocky.1.0.x86_64.rpm",
        "openscap-scanner-1.3.10-2.el9_3.rocky.1.0.x86_64.rpm",
        "scap-security-guide-0.1.74-1.el9_4.rocky.1.1.noarch.rpm",
        "gnutls-utils-3.8.3-4.el9_4.x86_64.rpm",
        "gnutls-dane-3.8.3-4.el9_4.x86_64.rpm",
        "fapolicyd-1.3.3-100.el9.x86_64.rpm",
        "usbguard-1.0.0-15.el9.x86_64.rpm",
        "protobuf-3.14.0-13.el9.x86_64.rpm",
        "libqb-2.0.8-1.el9.x86_64.rpm",
        "unbound-libs-1.16.2-3.el9_3.5.x86_64.rpm",
        "rpm-plugin-fapolicyd-4.16.1.3-34.el9.0.1.x86_64.rpm"
    ]
}
2025-04-18 08:27:06,583 p=29184 u=dmeta n=ansible | TASK [upgrade-local-rpm : create list var] ****************************************************************************************************
2025-04-18 08:27:06,584 p=29184 u=dmeta n=ansible | ok: [arteva1]
2025-04-18 08:27:06,605 p=29184 u=dmeta n=ansible | TASK [upgrade-local-rpm : put the rpm name in list] *******************************************************************************************
2025-04-18 08:27:06,605 p=29184 u=dmeta n=ansible | ok: [arteva1] => (item=openscap-1.3.10-2.el9_3.rocky.1.0.x86_64.rpm)
2025-04-18 08:27:06,609 p=29184 u=dmeta n=ansible | ok: [arteva1] => (item=openscap-scanner-1.3.10-2.el9_3.rocky.1.0.x86_64.rpm)
2025-04-18 08:27:06,614 p=29184 u=dmeta n=ansible | ok: [arteva1] => (item=scap-security-guide-0.1.74-1.el9_4.rocky.1.1.noarch.rpm)
2025-04-18 08:27:06,618 p=29184 u=dmeta n=ansible | ok: [arteva1] => (item=gnutls-utils-3.8.3-4.el9_4.x86_64.rpm)
2025-04-18 08:27:06,621 p=29184 u=dmeta n=ansible | ok: [arteva1] => (item=gnutls-dane-3.8.3-4.el9_4.x86_64.rpm)
2025-04-18 08:27:06,625 p=29184 u=dmeta n=ansible | ok: [arteva1] => (item=fapolicyd-1.3.3-100.el9.x86_64.rpm)
2025-04-18 08:27:06,628 p=29184 u=dmeta n=ansible | ok: [arteva1] => (item=usbguard-1.0.0-15.el9.x86_64.rpm)
2025-04-18 08:27:06,632 p=29184 u=dmeta n=ansible | ok: [arteva1] => (item=protobuf-3.14.0-13.el9.x86_64.rpm)
2025-04-18 08:27:06,635 p=29184 u=dmeta n=ansible | ok: [arteva1] => (item=libqb-2.0.8-1.el9.x86_64.rpm)
2025-04-18 08:27:06,639 p=29184 u=dmeta n=ansible | ok: [arteva1] => (item=unbound-libs-1.16.2-3.el9_3.5.x86_64.rpm)
2025-04-18 08:27:06,642 p=29184 u=dmeta n=ansible | ok: [arteva1] => (item=rpm-plugin-fapolicyd-4.16.1.3-34.el9.0.1.x86_64.rpm)
2025-04-18 08:27:06,659 p=29184 u=dmeta n=ansible | TASK [upgrade-local-rpm : display csv files] **************************************************************************************************
2025-04-18 08:27:06,660 p=29184 u=dmeta n=ansible | ok: [arteva1] => {
    "msg": [
        "/tmp/rpm/openscap-1.3.10-2.el9_3.rocky.1.0.x86_64.rpm",
        "/tmp/rpm/openscap-scanner-1.3.10-2.el9_3.rocky.1.0.x86_64.rpm",
        "/tmp/rpm/scap-security-guide-0.1.74-1.el9_4.rocky.1.1.noarch.rpm",
        "/tmp/rpm/gnutls-utils-3.8.3-4.el9_4.x86_64.rpm",
        "/tmp/rpm/gnutls-dane-3.8.3-4.el9_4.x86_64.rpm",
        "/tmp/rpm/fapolicyd-1.3.3-100.el9.x86_64.rpm",
        "/tmp/rpm/usbguard-1.0.0-15.el9.x86_64.rpm",
        "/tmp/rpm/protobuf-3.14.0-13.el9.x86_64.rpm",
        "/tmp/rpm/libqb-2.0.8-1.el9.x86_64.rpm",
        "/tmp/rpm/unbound-libs-1.16.2-3.el9_3.5.x86_64.rpm",
        "/tmp/rpm/rpm-plugin-fapolicyd-4.16.1.3-34.el9.0.1.x86_64.rpm"
    ]
}
2025-04-18 08:27:08,092 p=29184 u=dmeta n=ansible | TASK [upgrade-local-rpm : upgrade rpm] ********************************************************************************************************
2025-04-18 08:27:08,092 p=29184 u=dmeta n=ansible | An exception occurred during task execution. To see the full traceback, use -vvv. The error was: OSError: Could not open: /tmp/rpm/openscap-1.3.10-2.el9_3.rocky.1.0.x86_64.rpm /tmp/rpm/openscap-scanner-1.3.10-2.el9_3.rocky.1.0.x86_64.rpm /tmp/rpm/scap-security-guide-0.1.74-1.el9_4.rocky.1.1.noarch.rpm /tmp/rpm/gnutls-utils-3.8.3-4.el9_4.x86_64.rpm /tmp/rpm/gnutls-dane-3.8.3-4.el9_4.x86_64.rpm /tmp/rpm/fapolicyd-1.3.3-100.el9.x86_64.rpm /tmp/rpm/usbguard-1.0.0-15.el9.x86_64.rpm /tmp/rpm/protobuf-3.14.0-13.el9.x86_64.rpm /tmp/rpm/libqb-2.0.8-1.el9.x86_64.rpm /tmp/rpm/unbound-libs-1.16.2-3.el9_3.5.x86_64.rpm /tmp/rpm/rpm-plugin-fapolicyd-4.16.1.3-34.el9.0.1.x86_64.rpm
2025-04-18 08:27:08,093 p=29184 u=dmeta n=ansible | [WARNING]: Platform linux on host arteva1 is using the discovered Python interpreter at /usr/bin/python, but future installation of another
Python interpreter could change the meaning of that path. See
https://docs.ansible.com/ansible/2.10/reference_appendices/interpreter_discovery.html for more information.

2025-04-18 08:27:08,093 p=29184 u=dmeta n=ansible | fatal: [arteva1]: FAILED! => {"ansible_facts": {"discovered_interpreter_python": "/usr/bin/python"}, "changed": false, "module_stderr": "Shared connection to 192.168.132.183 closed.\r\n", "module_stdout": "Traceback (most recent call last):\r\n  File \"/home/dmeta/.ansible/tmp/ansible-tmp-1744964826.9236815-29197-248687152447863/AnsiballZ_dnf.py\", line 102, in <module>\r\n    _ansiballz_main()\r\n  File \"/home/dmeta/.ansible/tmp/ansible-tmp-1744964826.9236815-29197-248687152447863/AnsiballZ_dnf.py\", line 94, in _ansiballz_main\r\n    invoke_module(zipped_mod, temp_path, ANSIBALLZ_PARAMS)\r\n  File \"/home/dmeta/.ansible/tmp/ansible-tmp-1744964826.9236815-29197-248687152447863/AnsiballZ_dnf.py\", line 40, in invoke_module\r\n    runpy.run_module(mod_name='ansible.modules.dnf', init_globals=None, run_name='__main__', alter_sys=True)\r\n  File \"/usr/lib64/python3.9/runpy.py\", line 225, in run_module\r\n    return _run_module_code(code, init_globals, run_name, mod_spec)\r\n  File \"/usr/lib64/python3.9/runpy.py\", line 97, in _run_module_code\r\n    _run_code(code, mod_globals, init_globals,\r\n  File \"/usr/lib64/python3.9/runpy.py\", line 87, in _run_code\r\n    exec(code, run_globals)\r\n  File \"/tmp/ansible_dnf_payload_ozpfdzvr/ansible_dnf_payload.zip/ansible/modules/dnf.py\", line 1346, in <module>\r\n  File \"/tmp/ansible_dnf_payload_ozpfdzvr/ansible_dnf_payload.zip/ansible/modules/dnf.py\", line 1335, in main\r\n  File \"/tmp/ansible_dnf_payload_ozpfdzvr/ansible_dnf_payload.zip/ansible/modules/dnf.py\", line 1310, in run\r\n  File \"/tmp/ansible_dnf_payload_ozpfdzvr/ansible_dnf_payload.zip/ansible/modules/dnf.py\", line 958, in ensure\r\n  File \"/tmp/ansible_dnf_payload_ozpfdzvr/ansible_dnf_payload.zip/ansible/modules/dnf.py\", line 858, in _install_remote_rpms\r\n  File \"/usr/lib/python3.9/site-packages/dnf/base.py\", line 1343, in add_remote_rpms\r\n    raise IOError(_(\"Could not open: {}\").format(' '.join(pkgs_error)))\r\nOSError: Could not open: /tmp/rpm/openscap-1.3.10-2.el9_3.rocky.1.0.x86_64.rpm /tmp/rpm/openscap-scanner-1.3.10-2.el9_3.rocky.1.0.x86_64.rpm /tmp/rpm/scap-security-guide-0.1.74-1.el9_4.rocky.1.1.noarch.rpm /tmp/rpm/gnutls-utils-3.8.3-4.el9_4.x86_64.rpm /tmp/rpm/gnutls-dane-3.8.3-4.el9_4.x86_64.rpm /tmp/rpm/fapolicyd-1.3.3-100.el9.x86_64.rpm /tmp/rpm/usbguard-1.0.0-15.el9.x86_64.rpm /tmp/rpm/protobuf-3.14.0-13.el9.x86_64.rpm /tmp/rpm/libqb-2.0.8-1.el9.x86_64.rpm /tmp/rpm/unbound-libs-1.16.2-3.el9_3.5.x86_64.rpm /tmp/rpm/rpm-plugin-fapolicyd-4.16.1.3-34.el9.0.1.x86_64.rpm\r\n", "msg": "MODULE FAILURE\nSee stdout/stderr for the exact error", "rc": 1}
2025-04-18 08:27:08,098 p=29184 u=dmeta n=ansible | PLAY RECAP ************************************************************************************************************************************
2025-04-18 08:27:08,098 p=29184 u=dmeta n=ansible | arteva1                    : ok=5    changed=0    unreachable=0    failed=1    skipped=0    rescued=0    ignored=0   
2025-04-18 08:30:49,762 p=29234 u=dmeta n=ansible | PLAY [Upgrade local RPM] **********************************************************************************************************************
2025-04-18 08:30:49,804 p=29234 u=dmeta n=ansible | TASK [upgrade-local-rpm : Read rpm update list file] ******************************************************************************************
2025-04-18 08:30:49,805 p=29234 u=dmeta n=ansible | ok: [arteva1]
2025-04-18 08:30:49,821 p=29234 u=dmeta n=ansible | TASK [upgrade-local-rpm : display csv files] **************************************************************************************************
2025-04-18 08:30:49,822 p=29234 u=dmeta n=ansible | ok: [arteva1] => {
    "msg": [
        "openscap-1.3.10-2.el9_3.rocky.1.0.x86_64.rpm",
        "openscap-scanner-1.3.10-2.el9_3.rocky.1.0.x86_64.rpm",
        "scap-security-guide-0.1.74-1.el9_4.rocky.1.1.noarch.rpm",
        "gnutls-utils-3.8.3-4.el9_4.x86_64.rpm",
        "gnutls-dane-3.8.3-4.el9_4.x86_64.rpm",
        "fapolicyd-1.3.3-100.el9.x86_64.rpm",
        "usbguard-1.0.0-15.el9.x86_64.rpm",
        "protobuf-3.14.0-13.el9.x86_64.rpm",
        "libqb-2.0.8-1.el9.x86_64.rpm",
        "unbound-libs-1.16.2-3.el9_3.5.x86_64.rpm",
        "rpm-plugin-fapolicyd-4.16.1.3-34.el9.0.1.x86_64.rpm"
    ]
}
2025-04-18 08:30:49,837 p=29234 u=dmeta n=ansible | TASK [upgrade-local-rpm : create list var] ****************************************************************************************************
2025-04-18 08:30:49,837 p=29234 u=dmeta n=ansible | ok: [arteva1]
2025-04-18 08:30:49,858 p=29234 u=dmeta n=ansible | TASK [upgrade-local-rpm : put the rpm name in list] *******************************************************************************************
2025-04-18 08:30:49,859 p=29234 u=dmeta n=ansible | ok: [arteva1] => (item=openscap-1.3.10-2.el9_3.rocky.1.0.x86_64.rpm)
2025-04-18 08:30:49,863 p=29234 u=dmeta n=ansible | ok: [arteva1] => (item=openscap-scanner-1.3.10-2.el9_3.rocky.1.0.x86_64.rpm)
2025-04-18 08:30:49,868 p=29234 u=dmeta n=ansible | ok: [arteva1] => (item=scap-security-guide-0.1.74-1.el9_4.rocky.1.1.noarch.rpm)
2025-04-18 08:30:49,870 p=29234 u=dmeta n=ansible | ok: [arteva1] => (item=gnutls-utils-3.8.3-4.el9_4.x86_64.rpm)
2025-04-18 08:30:49,875 p=29234 u=dmeta n=ansible | ok: [arteva1] => (item=gnutls-dane-3.8.3-4.el9_4.x86_64.rpm)
2025-04-18 08:30:49,879 p=29234 u=dmeta n=ansible | ok: [arteva1] => (item=fapolicyd-1.3.3-100.el9.x86_64.rpm)
2025-04-18 08:30:49,883 p=29234 u=dmeta n=ansible | ok: [arteva1] => (item=usbguard-1.0.0-15.el9.x86_64.rpm)
2025-04-18 08:30:49,888 p=29234 u=dmeta n=ansible | ok: [arteva1] => (item=protobuf-3.14.0-13.el9.x86_64.rpm)
2025-04-18 08:30:49,891 p=29234 u=dmeta n=ansible | ok: [arteva1] => (item=libqb-2.0.8-1.el9.x86_64.rpm)
2025-04-18 08:30:49,895 p=29234 u=dmeta n=ansible | ok: [arteva1] => (item=unbound-libs-1.16.2-3.el9_3.5.x86_64.rpm)
2025-04-18 08:30:49,899 p=29234 u=dmeta n=ansible | ok: [arteva1] => (item=rpm-plugin-fapolicyd-4.16.1.3-34.el9.0.1.x86_64.rpm)
2025-04-18 08:30:49,915 p=29234 u=dmeta n=ansible | TASK [upgrade-local-rpm : display csv files] **************************************************************************************************
2025-04-18 08:30:49,916 p=29234 u=dmeta n=ansible | ok: [arteva1] => {
    "msg": [
        "/tmp/rpm/openscap-1.3.10-2.el9_3.rocky.1.0.x86_64.rpm",
        "/tmp/rpm/openscap-scanner-1.3.10-2.el9_3.rocky.1.0.x86_64.rpm",
        "/tmp/rpm/scap-security-guide-0.1.74-1.el9_4.rocky.1.1.noarch.rpm",
        "/tmp/rpm/gnutls-utils-3.8.3-4.el9_4.x86_64.rpm",
        "/tmp/rpm/gnutls-dane-3.8.3-4.el9_4.x86_64.rpm",
        "/tmp/rpm/fapolicyd-1.3.3-100.el9.x86_64.rpm",
        "/tmp/rpm/usbguard-1.0.0-15.el9.x86_64.rpm",
        "/tmp/rpm/protobuf-3.14.0-13.el9.x86_64.rpm",
        "/tmp/rpm/libqb-2.0.8-1.el9.x86_64.rpm",
        "/tmp/rpm/unbound-libs-1.16.2-3.el9_3.5.x86_64.rpm",
        "/tmp/rpm/rpm-plugin-fapolicyd-4.16.1.3-34.el9.0.1.x86_64.rpm"
    ]
}
2025-04-18 08:30:51,521 p=29234 u=dmeta n=ansible | TASK [upgrade-local-rpm : upgrade rpm] ********************************************************************************************************
2025-04-18 08:30:51,521 p=29234 u=dmeta n=ansible | An exception occurred during task execution. To see the full traceback, use -vvv. The error was: OSError: Could not open: /tmp/rpm/openscap-1.3.10-2.el9_3.rocky.1.0.x86_64.rpm /tmp/rpm/gnutls-utils-3.8.3-4.el9_4.x86_64.rpm /tmp/rpm/gnutls-dane-3.8.3-4.el9_4.x86_64.rpm /tmp/rpm/fapolicyd-1.3.3-100.el9.x86_64.rpm /tmp/rpm/usbguard-1.0.0-15.el9.x86_64.rpm /tmp/rpm/protobuf-3.14.0-13.el9.x86_64.rpm /tmp/rpm/libqb-2.0.8-1.el9.x86_64.rpm /tmp/rpm/unbound-libs-1.16.2-3.el9_3.5.x86_64.rpm /tmp/rpm/rpm-plugin-fapolicyd-4.16.1.3-34.el9.0.1.x86_64.rpm
2025-04-18 08:30:51,522 p=29234 u=dmeta n=ansible | [WARNING]: Platform linux on host arteva1 is using the discovered Python interpreter at /usr/bin/python, but future installation of another
Python interpreter could change the meaning of that path. See
https://docs.ansible.com/ansible/2.10/reference_appendices/interpreter_discovery.html for more information.

2025-04-18 08:30:51,522 p=29234 u=dmeta n=ansible | fatal: [arteva1]: FAILED! => {"ansible_facts": {"discovered_interpreter_python": "/usr/bin/python"}, "changed": false, "module_stderr": "Shared connection to 192.168.132.183 closed.\r\n", "module_stdout": "Traceback (most recent call last):\r\n  File \"/home/dmeta/.ansible/tmp/ansible-tmp-1744965050.245029-29248-51801218910058/AnsiballZ_dnf.py\", line 102, in <module>\r\n    _ansiballz_main()\r\n  File \"/home/dmeta/.ansible/tmp/ansible-tmp-1744965050.245029-29248-51801218910058/AnsiballZ_dnf.py\", line 94, in _ansiballz_main\r\n    invoke_module(zipped_mod, temp_path, ANSIBALLZ_PARAMS)\r\n  File \"/home/dmeta/.ansible/tmp/ansible-tmp-1744965050.245029-29248-51801218910058/AnsiballZ_dnf.py\", line 40, in invoke_module\r\n    runpy.run_module(mod_name='ansible.modules.dnf', init_globals=None, run_name='__main__', alter_sys=True)\r\n  File \"/usr/lib64/python3.9/runpy.py\", line 225, in run_module\r\n    return _run_module_code(code, init_globals, run_name, mod_spec)\r\n  File \"/usr/lib64/python3.9/runpy.py\", line 97, in _run_module_code\r\n    _run_code(code, mod_globals, init_globals,\r\n  File \"/usr/lib64/python3.9/runpy.py\", line 87, in _run_code\r\n    exec(code, run_globals)\r\n  File \"/tmp/ansible_dnf_payload_mn10d7cb/ansible_dnf_payload.zip/ansible/modules/dnf.py\", line 1346, in <module>\r\n  File \"/tmp/ansible_dnf_payload_mn10d7cb/ansible_dnf_payload.zip/ansible/modules/dnf.py\", line 1335, in main\r\n  File \"/tmp/ansible_dnf_payload_mn10d7cb/ansible_dnf_payload.zip/ansible/modules/dnf.py\", line 1310, in run\r\n  File \"/tmp/ansible_dnf_payload_mn10d7cb/ansible_dnf_payload.zip/ansible/modules/dnf.py\", line 958, in ensure\r\n  File \"/tmp/ansible_dnf_payload_mn10d7cb/ansible_dnf_payload.zip/ansible/modules/dnf.py\", line 858, in _install_remote_rpms\r\n  File \"/usr/lib/python3.9/site-packages/dnf/base.py\", line 1343, in add_remote_rpms\r\n    raise IOError(_(\"Could not open: {}\").format(' '.join(pkgs_error)))\r\nOSError: Could not open: /tmp/rpm/openscap-1.3.10-2.el9_3.rocky.1.0.x86_64.rpm /tmp/rpm/gnutls-utils-3.8.3-4.el9_4.x86_64.rpm /tmp/rpm/gnutls-dane-3.8.3-4.el9_4.x86_64.rpm /tmp/rpm/fapolicyd-1.3.3-100.el9.x86_64.rpm /tmp/rpm/usbguard-1.0.0-15.el9.x86_64.rpm /tmp/rpm/protobuf-3.14.0-13.el9.x86_64.rpm /tmp/rpm/libqb-2.0.8-1.el9.x86_64.rpm /tmp/rpm/unbound-libs-1.16.2-3.el9_3.5.x86_64.rpm /tmp/rpm/rpm-plugin-fapolicyd-4.16.1.3-34.el9.0.1.x86_64.rpm\r\n", "msg": "MODULE FAILURE\nSee stdout/stderr for the exact error", "rc": 1}
2025-04-18 08:30:51,523 p=29234 u=dmeta n=ansible | PLAY RECAP ************************************************************************************************************************************
2025-04-18 08:30:51,523 p=29234 u=dmeta n=ansible | arteva1                    : ok=5    changed=0    unreachable=0    failed=1    skipped=0    rescued=0    ignored=0   
2025-04-18 08:34:39,025 p=29274 u=dmeta n=ansible | PLAY [Upgrade local RPM] **********************************************************************************************************************
2025-04-18 08:34:39,072 p=29274 u=dmeta n=ansible | TASK [upgrade-local-rpm : Read rpm update list file] ******************************************************************************************
2025-04-18 08:34:39,073 p=29274 u=dmeta n=ansible | ok: [arteva1]
2025-04-18 08:34:39,089 p=29274 u=dmeta n=ansible | TASK [upgrade-local-rpm : display csv files] **************************************************************************************************
2025-04-18 08:34:39,089 p=29274 u=dmeta n=ansible | ok: [arteva1] => {
    "msg": [
        "openscap-1.3.10-2.el9_3.rocky.1.0.x86_64.rpm",
        "openscap-scanner-1.3.10-2.el9_3.rocky.1.0.x86_64.rpm",
        "scap-security-guide-0.1.74-1.el9_4.rocky.1.1.noarch.rpm",
        "gnutls-utils-3.8.3-4.el9_4.x86_64.rpm",
        "gnutls-dane-3.8.3-4.el9_4.x86_64.rpm",
        "fapolicyd-1.3.3-100.el9.x86_64.rpm",
        "usbguard-1.0.0-15.el9.x86_64.rpm",
        "protobuf-3.14.0-13.el9.x86_64.rpm",
        "libqb-2.0.8-1.el9.x86_64.rpm",
        "unbound-libs-1.16.2-3.el9_3.5.x86_64.rpm",
        "rpm-plugin-fapolicyd-4.16.1.3-34.el9.0.1.x86_64.rpm"
    ]
}
2025-04-18 08:34:39,105 p=29274 u=dmeta n=ansible | TASK [upgrade-local-rpm : create list var] ****************************************************************************************************
2025-04-18 08:34:39,106 p=29274 u=dmeta n=ansible | ok: [arteva1]
2025-04-18 08:34:39,126 p=29274 u=dmeta n=ansible | TASK [upgrade-local-rpm : put the rpm name in list] *******************************************************************************************
2025-04-18 08:34:39,126 p=29274 u=dmeta n=ansible | ok: [arteva1] => (item=openscap-1.3.10-2.el9_3.rocky.1.0.x86_64.rpm)
2025-04-18 08:34:39,131 p=29274 u=dmeta n=ansible | ok: [arteva1] => (item=openscap-scanner-1.3.10-2.el9_3.rocky.1.0.x86_64.rpm)
2025-04-18 08:34:39,135 p=29274 u=dmeta n=ansible | ok: [arteva1] => (item=scap-security-guide-0.1.74-1.el9_4.rocky.1.1.noarch.rpm)
2025-04-18 08:34:39,141 p=29274 u=dmeta n=ansible | ok: [arteva1] => (item=gnutls-utils-3.8.3-4.el9_4.x86_64.rpm)
2025-04-18 08:34:39,144 p=29274 u=dmeta n=ansible | ok: [arteva1] => (item=gnutls-dane-3.8.3-4.el9_4.x86_64.rpm)
2025-04-18 08:34:39,148 p=29274 u=dmeta n=ansible | ok: [arteva1] => (item=fapolicyd-1.3.3-100.el9.x86_64.rpm)
2025-04-18 08:34:39,151 p=29274 u=dmeta n=ansible | ok: [arteva1] => (item=usbguard-1.0.0-15.el9.x86_64.rpm)
2025-04-18 08:34:39,155 p=29274 u=dmeta n=ansible | ok: [arteva1] => (item=protobuf-3.14.0-13.el9.x86_64.rpm)
2025-04-18 08:34:39,158 p=29274 u=dmeta n=ansible | ok: [arteva1] => (item=libqb-2.0.8-1.el9.x86_64.rpm)
2025-04-18 08:34:39,162 p=29274 u=dmeta n=ansible | ok: [arteva1] => (item=unbound-libs-1.16.2-3.el9_3.5.x86_64.rpm)
2025-04-18 08:34:39,166 p=29274 u=dmeta n=ansible | ok: [arteva1] => (item=rpm-plugin-fapolicyd-4.16.1.3-34.el9.0.1.x86_64.rpm)
2025-04-18 08:34:39,184 p=29274 u=dmeta n=ansible | TASK [upgrade-local-rpm : display csv files] **************************************************************************************************
2025-04-18 08:34:39,185 p=29274 u=dmeta n=ansible | ok: [arteva1] => {
    "msg": [
        "/tmp/rpm/openscap-1.3.10-2.el9_3.rocky.1.0.x86_64.rpm",
        "/tmp/rpm/openscap-scanner-1.3.10-2.el9_3.rocky.1.0.x86_64.rpm",
        "/tmp/rpm/scap-security-guide-0.1.74-1.el9_4.rocky.1.1.noarch.rpm",
        "/tmp/rpm/gnutls-utils-3.8.3-4.el9_4.x86_64.rpm",
        "/tmp/rpm/gnutls-dane-3.8.3-4.el9_4.x86_64.rpm",
        "/tmp/rpm/fapolicyd-1.3.3-100.el9.x86_64.rpm",
        "/tmp/rpm/usbguard-1.0.0-15.el9.x86_64.rpm",
        "/tmp/rpm/protobuf-3.14.0-13.el9.x86_64.rpm",
        "/tmp/rpm/libqb-2.0.8-1.el9.x86_64.rpm",
        "/tmp/rpm/unbound-libs-1.16.2-3.el9_3.5.x86_64.rpm",
        "/tmp/rpm/rpm-plugin-fapolicyd-4.16.1.3-34.el9.0.1.x86_64.rpm"
    ]
}
2025-04-18 08:34:40,596 p=29274 u=dmeta n=ansible | TASK [upgrade-local-rpm : upgrade rpm] ********************************************************************************************************
2025-04-18 08:34:40,597 p=29274 u=dmeta n=ansible | An exception occurred during task execution. To see the full traceback, use -vvv. The error was: OSError: Could not open: /tmp/rpm/openscap-1.3.10-2.el9_3.rocky.1.0.x86_64.rpm
2025-04-18 08:34:40,598 p=29274 u=dmeta n=ansible | [WARNING]: Platform linux on host arteva1 is using the discovered Python interpreter at /usr/bin/python, but future installation of another
Python interpreter could change the meaning of that path. See
https://docs.ansible.com/ansible/2.10/reference_appendices/interpreter_discovery.html for more information.

2025-04-18 08:34:40,598 p=29274 u=dmeta n=ansible | fatal: [arteva1]: FAILED! => {"ansible_facts": {"discovered_interpreter_python": "/usr/bin/python"}, "changed": false, "module_stderr": "Shared connection to 192.168.132.183 closed.\r\n", "module_stdout": "Traceback (most recent call last):\r\n  File \"/home/dmeta/.ansible/tmp/ansible-tmp-1744965279.51974-29288-147818069385050/AnsiballZ_dnf.py\", line 102, in <module>\r\n    _ansiballz_main()\r\n  File \"/home/dmeta/.ansible/tmp/ansible-tmp-1744965279.51974-29288-147818069385050/AnsiballZ_dnf.py\", line 94, in _ansiballz_main\r\n    invoke_module(zipped_mod, temp_path, ANSIBALLZ_PARAMS)\r\n  File \"/home/dmeta/.ansible/tmp/ansible-tmp-1744965279.51974-29288-147818069385050/AnsiballZ_dnf.py\", line 40, in invoke_module\r\n    runpy.run_module(mod_name='ansible.modules.dnf', init_globals=None, run_name='__main__', alter_sys=True)\r\n  File \"/usr/lib64/python3.9/runpy.py\", line 225, in run_module\r\n    return _run_module_code(code, init_globals, run_name, mod_spec)\r\n  File \"/usr/lib64/python3.9/runpy.py\", line 97, in _run_module_code\r\n    _run_code(code, mod_globals, init_globals,\r\n  File \"/usr/lib64/python3.9/runpy.py\", line 87, in _run_code\r\n    exec(code, run_globals)\r\n  File \"/tmp/ansible_dnf_payload_ktnylcjz/ansible_dnf_payload.zip/ansible/modules/dnf.py\", line 1346, in <module>\r\n  File \"/tmp/ansible_dnf_payload_ktnylcjz/ansible_dnf_payload.zip/ansible/modules/dnf.py\", line 1335, in main\r\n  File \"/tmp/ansible_dnf_payload_ktnylcjz/ansible_dnf_payload.zip/ansible/modules/dnf.py\", line 1310, in run\r\n  File \"/tmp/ansible_dnf_payload_ktnylcjz/ansible_dnf_payload.zip/ansible/modules/dnf.py\", line 958, in ensure\r\n  File \"/tmp/ansible_dnf_payload_ktnylcjz/ansible_dnf_payload.zip/ansible/modules/dnf.py\", line 858, in _install_remote_rpms\r\n  File \"/usr/lib/python3.9/site-packages/dnf/base.py\", line 1343, in add_remote_rpms\r\n    raise IOError(_(\"Could not open: {}\").format(' '.join(pkgs_error)))\r\nOSError: Could not open: /tmp/rpm/openscap-1.3.10-2.el9_3.rocky.1.0.x86_64.rpm\r\n", "msg": "MODULE FAILURE\nSee stdout/stderr for the exact error", "rc": 1}
2025-04-18 08:34:40,599 p=29274 u=dmeta n=ansible | PLAY RECAP ************************************************************************************************************************************
2025-04-18 08:34:40,599 p=29274 u=dmeta n=ansible | arteva1                    : ok=5    changed=0    unreachable=0    failed=1    skipped=0    rescued=0    ignored=0   
2025-04-18 08:40:58,829 p=29316 u=dmeta n=ansible | PLAY [Upgrade local RPM] **********************************************************************************************************************
2025-04-18 08:40:58,877 p=29316 u=dmeta n=ansible | TASK [upgrade-local-rpm : Read rpm update list file] ******************************************************************************************
2025-04-18 08:40:58,877 p=29316 u=dmeta n=ansible | ok: [arteva1]
2025-04-18 08:40:58,893 p=29316 u=dmeta n=ansible | TASK [upgrade-local-rpm : display csv files] **************************************************************************************************
2025-04-18 08:40:58,893 p=29316 u=dmeta n=ansible | ok: [arteva1] => {
    "msg": [
        "openscap-1.3.10-2.el9_3.rocky.1.0.x86_64.rpm",
        "openscap-scanner-1.3.10-2.el9_3.rocky.1.0.x86_64.rpm",
        "scap-security-guide-0.1.74-1.el9_4.rocky.1.1.noarch.rpm",
        "gnutls-utils-3.8.3-4.el9_4.x86_64.rpm",
        "gnutls-dane-3.8.3-4.el9_4.x86_64.rpm",
        "fapolicyd-1.3.3-100.el9.x86_64.rpm",
        "usbguard-1.0.0-15.el9.x86_64.rpm",
        "protobuf-3.14.0-13.el9.x86_64.rpm",
        "libqb-2.0.8-1.el9.x86_64.rpm",
        "unbound-libs-1.16.2-3.el9_3.5.x86_64.rpm",
        "rpm-plugin-fapolicyd-4.16.1.3-34.el9.0.1.x86_64.rpm"
    ]
}
2025-04-18 08:40:58,915 p=29316 u=dmeta n=ansible | TASK [upgrade-local-rpm : create list var] ****************************************************************************************************
2025-04-18 08:40:58,916 p=29316 u=dmeta n=ansible | ok: [arteva1]
2025-04-18 08:40:58,941 p=29316 u=dmeta n=ansible | TASK [upgrade-local-rpm : put the rpm name in list] *******************************************************************************************
2025-04-18 08:40:58,941 p=29316 u=dmeta n=ansible | ok: [arteva1] => (item=openscap-1.3.10-2.el9_3.rocky.1.0.x86_64.rpm)
2025-04-18 08:40:58,942 p=29316 u=dmeta n=ansible | ok: [arteva1] => (item=openscap-scanner-1.3.10-2.el9_3.rocky.1.0.x86_64.rpm)
2025-04-18 08:40:58,947 p=29316 u=dmeta n=ansible | ok: [arteva1] => (item=scap-security-guide-0.1.74-1.el9_4.rocky.1.1.noarch.rpm)
2025-04-18 08:40:58,949 p=29316 u=dmeta n=ansible | ok: [arteva1] => (item=gnutls-utils-3.8.3-4.el9_4.x86_64.rpm)
2025-04-18 08:40:58,952 p=29316 u=dmeta n=ansible | ok: [arteva1] => (item=gnutls-dane-3.8.3-4.el9_4.x86_64.rpm)
2025-04-18 08:40:58,956 p=29316 u=dmeta n=ansible | ok: [arteva1] => (item=fapolicyd-1.3.3-100.el9.x86_64.rpm)
2025-04-18 08:40:58,961 p=29316 u=dmeta n=ansible | ok: [arteva1] => (item=usbguard-1.0.0-15.el9.x86_64.rpm)
2025-04-18 08:40:58,964 p=29316 u=dmeta n=ansible | ok: [arteva1] => (item=protobuf-3.14.0-13.el9.x86_64.rpm)
2025-04-18 08:40:58,968 p=29316 u=dmeta n=ansible | ok: [arteva1] => (item=libqb-2.0.8-1.el9.x86_64.rpm)
2025-04-18 08:40:58,971 p=29316 u=dmeta n=ansible | ok: [arteva1] => (item=unbound-libs-1.16.2-3.el9_3.5.x86_64.rpm)
2025-04-18 08:40:58,975 p=29316 u=dmeta n=ansible | ok: [arteva1] => (item=rpm-plugin-fapolicyd-4.16.1.3-34.el9.0.1.x86_64.rpm)
2025-04-18 08:40:58,999 p=29316 u=dmeta n=ansible | TASK [upgrade-local-rpm : display csv files] **************************************************************************************************
2025-04-18 08:40:59,000 p=29316 u=dmeta n=ansible | ok: [arteva1] => {
    "msg": [
        "/tmp/rpm/openscap-1.3.10-2.el9_3.rocky.1.0.x86_64.rpm",
        "/tmp/rpm/openscap-scanner-1.3.10-2.el9_3.rocky.1.0.x86_64.rpm",
        "/tmp/rpm/scap-security-guide-0.1.74-1.el9_4.rocky.1.1.noarch.rpm",
        "/tmp/rpm/gnutls-utils-3.8.3-4.el9_4.x86_64.rpm",
        "/tmp/rpm/gnutls-dane-3.8.3-4.el9_4.x86_64.rpm",
        "/tmp/rpm/fapolicyd-1.3.3-100.el9.x86_64.rpm",
        "/tmp/rpm/usbguard-1.0.0-15.el9.x86_64.rpm",
        "/tmp/rpm/protobuf-3.14.0-13.el9.x86_64.rpm",
        "/tmp/rpm/libqb-2.0.8-1.el9.x86_64.rpm",
        "/tmp/rpm/unbound-libs-1.16.2-3.el9_3.5.x86_64.rpm",
        "/tmp/rpm/rpm-plugin-fapolicyd-4.16.1.3-34.el9.0.1.x86_64.rpm"
    ]
}
2025-04-18 08:41:01,876 p=29316 u=dmeta n=ansible | TASK [upgrade-local-rpm : upgrade rpm] ********************************************************************************************************
2025-04-18 08:41:01,877 p=29316 u=dmeta n=ansible | [WARNING]: Platform linux on host arteva1 is using the discovered Python interpreter at /usr/bin/python, but future installation of another
Python interpreter could change the meaning of that path. See
https://docs.ansible.com/ansible/2.10/reference_appendices/interpreter_discovery.html for more information.

2025-04-18 08:41:01,877 p=29316 u=dmeta n=ansible | changed: [arteva1]
2025-04-18 08:41:01,885 p=29316 u=dmeta n=ansible | PLAY RECAP ************************************************************************************************************************************
2025-04-18 08:41:01,885 p=29316 u=dmeta n=ansible | arteva1                    : ok=6    changed=1    unreachable=0    failed=0    skipped=0    rescued=0    ignored=0   
2025-04-18 08:45:56,348 p=29366 u=dmeta n=ansible | PLAY [Upgrade local RPM] **********************************************************************************************************************
2025-04-18 08:45:57,522 p=29366 u=dmeta n=ansible | TASK [upgrade-local-rpm : delete rpm file to VM] **********************************************************************************************
2025-04-18 08:45:57,523 p=29366 u=dmeta n=ansible | [WARNING]: Platform linux on host arteva1 is using the discovered Python interpreter at /usr/bin/python, but future installation of another
Python interpreter could change the meaning of that path. See
https://docs.ansible.com/ansible/2.10/reference_appendices/interpreter_discovery.html for more information.

2025-04-18 08:45:57,523 p=29366 u=dmeta n=ansible | changed: [arteva1]
2025-04-18 08:45:58,252 p=29366 u=dmeta n=ansible | TASK [upgrade-local-rpm : Synchronize cached writes to persistent storage] ********************************************************************
2025-04-18 08:45:58,253 p=29366 u=dmeta n=ansible | changed: [arteva1]
2025-04-18 08:48:44,753 p=29366 u=dmeta n=ansible | TASK [upgrade-local-rpm : reboot the machine with delay 1] ************************************************************************************
2025-04-18 08:48:44,753 p=29366 u=dmeta n=ansible | changed: [arteva1]
2025-04-18 08:48:44,759 p=29366 u=dmeta n=ansible | PLAY RECAP ************************************************************************************************************************************
2025-04-18 08:48:44,759 p=29366 u=dmeta n=ansible | arteva1                    : ok=3    changed=3    unreachable=0    failed=0    skipped=0    rescued=0    ignored=0   
