2025-03-05 09:34:39,150 p=53081 u=dmeta n=ansible | PLAY [install arteva service] ***********************************************************************************
2025-03-05 09:34:41,166 p=53081 u=dmeta n=ansible | TASK [Gathering Facts] ******************************************************************************************
2025-03-05 09:34:41,167 p=53081 u=dmeta n=ansible | ok: [arteva1]
2025-03-05 09:34:41,930 p=53081 u=dmeta n=ansible | TASK [config-alternatives : Correct java version selected] ******************************************************
2025-03-05 09:34:41,930 p=53081 u=dmeta n=ansible | fatal: [arteva1]: FAILED! => {"changed": false, "msg": "Needed to install the alternative, but unable to do so as we are missing the link"}
2025-03-05 09:34:41,931 p=53081 u=dmeta n=ansible | PLAY RECAP ******************************************************************************************************
2025-03-05 09:34:41,931 p=53081 u=dmeta n=ansible | arteva1                    : ok=1    changed=0    unreachable=0    failed=1    skipped=0    rescued=0    ignored=0   
2025-03-05 09:38:51,556 p=53144 u=dmeta n=ansible | PLAY [install arteva service] ***********************************************************************************
2025-03-05 09:38:53,429 p=53144 u=dmeta n=ansible | TASK [Gathering Facts] ******************************************************************************************
2025-03-05 09:38:53,430 p=53144 u=dmeta n=ansible | ok: [arteva1]
2025-03-05 09:38:54,297 p=53144 u=dmeta n=ansible | TASK [config-alternatives : Correct java version selected] ******************************************************
2025-03-05 09:38:54,297 p=53144 u=dmeta n=ansible | fatal: [arteva1]: FAILED! => {"changed": false, "msg": "Specified path java-11-openjdk.x86_64 does not exist"}
2025-03-05 09:38:54,298 p=53144 u=dmeta n=ansible | PLAY RECAP ******************************************************************************************************
2025-03-05 09:38:54,299 p=53144 u=dmeta n=ansible | arteva1                    : ok=1    changed=0    unreachable=0    failed=1    skipped=0    rescued=0    ignored=0   
2025-03-05 10:36:50,958 p=53212 u=dmeta n=ansible | PLAY [install arteva service] ***********************************************************************************
2025-03-05 10:36:52,705 p=53212 u=dmeta n=ansible | TASK [Gathering Facts] ******************************************************************************************
2025-03-05 10:36:52,705 p=53212 u=dmeta n=ansible | ok: [arteva1]
2025-03-05 10:36:53,517 p=53212 u=dmeta n=ansible | TASK [config-alternatives : Correct java version selected] ******************************************************
2025-03-05 10:36:53,518 p=53212 u=dmeta n=ansible | fatal: [arteva1]: FAILED! => {"changed": false, "msg": "Unsupported parameters for (community.general.alternatives) module: family Supported parameters include: link, name, path, priority"}
2025-03-05 10:36:53,519 p=53212 u=dmeta n=ansible | PLAY RECAP ******************************************************************************************************
2025-03-05 10:36:53,519 p=53212 u=dmeta n=ansible | arteva1                    : ok=1    changed=0    unreachable=0    failed=1    skipped=0    rescued=0    ignored=0   
2025-03-05 10:42:14,899 p=53264 u=dmeta n=ansible | PLAY [install arteva service] ***********************************************************************************
2025-03-05 10:42:16,617 p=53264 u=dmeta n=ansible | TASK [Gathering Facts] ******************************************************************************************
2025-03-05 10:42:16,618 p=53264 u=dmeta n=ansible | ok: [arteva1]
2025-03-05 10:42:17,309 p=53264 u=dmeta n=ansible | TASK [config-alternatives : Correct java version selected] ******************************************************
2025-03-05 10:42:17,310 p=53264 u=dmeta n=ansible | fatal: [arteva1]: FAILED! => {"changed": false, "msg": "Needed to install the alternative, but unable to do so as we are missing the link"}
2025-03-05 10:42:17,311 p=53264 u=dmeta n=ansible | PLAY RECAP ******************************************************************************************************
2025-03-05 10:42:17,311 p=53264 u=dmeta n=ansible | arteva1                    : ok=1    changed=0    unreachable=0    failed=1    skipped=0    rescued=0    ignored=0   
2025-03-05 11:11:11,116 p=53608 u=dmeta n=ansible | PLAY [install arteva service] ***********************************************************************************
2025-03-05 11:11:12,892 p=53608 u=dmeta n=ansible | TASK [Gathering Facts] ******************************************************************************************
2025-03-05 11:11:12,892 p=53608 u=dmeta n=ansible | ok: [arteva1]
2025-03-05 11:11:13,596 p=53608 u=dmeta n=ansible | TASK [config-alternatives : Correct java version selected] ******************************************************
2025-03-05 11:11:13,596 p=53608 u=dmeta n=ansible | changed: [arteva1] => (item=2,java)
2025-03-05 11:11:13,606 p=53608 u=dmeta n=ansible | PLAY RECAP ******************************************************************************************************
2025-03-05 11:11:13,607 p=53608 u=dmeta n=ansible | arteva1                    : ok=2    changed=1    unreachable=0    failed=0    skipped=0    rescued=0    ignored=0   
2025-03-06 01:43:24,008 p=54289 u=dmeta n=ansible | PLAY [Configure timcedate] **************************************************************************************
2025-03-06 01:43:26,187 p=54289 u=dmeta n=ansible | TASK [Gathering Facts] ******************************************************************************************
2025-03-06 01:43:26,187 p=54289 u=dmeta n=ansible | ok: [arteva1]
2025-03-06 01:43:26,952 p=54289 u=dmeta n=ansible | TASK [config-selinux : change selinux] **************************************************************************
2025-03-06 01:43:26,952 p=54289 u=dmeta n=ansible | changed: [arteva1] => (item={'regexp': '^SELINUX=', 'line': 'SELINUX=enforcing'})
2025-03-06 01:43:26,962 p=54289 u=dmeta n=ansible | PLAY RECAP ******************************************************************************************************
2025-03-06 01:43:26,963 p=54289 u=dmeta n=ansible | arteva1                    : ok=2    changed=1    unreachable=0    failed=0    skipped=0    rescued=0    ignored=0   
2025-03-24 06:44:41,736 p=13862 u=dmeta n=ansible | PLAY [install arteva service] ********************************************************
2025-03-24 06:44:44,842 p=13862 u=dmeta n=ansible | TASK [Gathering Facts] ***************************************************************
2025-03-24 06:44:44,843 p=13862 u=dmeta n=ansible | fatal: [arteva1]: UNREACHABLE! => {"changed": false, "msg": "Failed to connect to the host via ssh: ssh: connect to host 192.168.132.183 port 22: No route to host", "unreachable": true}
2025-03-24 06:44:44,843 p=13862 u=dmeta n=ansible | PLAY RECAP ***************************************************************************
2025-03-24 06:44:44,843 p=13862 u=dmeta n=ansible | arteva1                    : ok=0    changed=0    unreachable=1    failed=0    skipped=0    rescued=0    ignored=0   
2025-03-24 07:49:57,360 p=2601 u=dmeta n=ansible |  [ERROR]: User interrupted execution

2025-03-24 07:50:01,121 p=2604 u=dmeta n=ansible | PLAY [install arteva service] ******************************************************
2025-03-24 07:51:01,189 p=2604 u=dmeta n=ansible | TASK [Gathering Facts] *************************************************************
2025-03-24 07:51:01,190 p=2604 u=dmeta n=ansible | fatal: [arteva1]: UNREACHABLE! => {"changed": false, "msg": "Failed to connect to the host via ssh: ssh: connect to host 192.168.132.183 port 22: Connection timed out", "unreachable": true}
2025-03-24 07:51:01,191 p=2604 u=dmeta n=ansible | PLAY RECAP *************************************************************************
2025-03-24 07:51:01,191 p=2604 u=dmeta n=ansible | arteva1                    : ok=0    changed=0    unreachable=1    failed=0    skipped=0    rescued=0    ignored=0   
2025-03-24 08:18:08,365 p=2609 u=dmeta n=ansible | PLAY [install arteva service] ****************************************************************
2025-03-24 08:18:08,669 p=2609 u=dmeta n=ansible | TASK [Gathering Facts] ***********************************************************************
2025-03-24 08:18:08,669 p=2609 u=dmeta n=ansible | fatal: [arteva1]: UNREACHABLE! => {"changed": false, "msg": "Failed to connect to the host via ssh: @@@@@@@@@@@@@@@@@@@@@@@@@@@@@@@@@@@@@@@@@@@@@@@@@@@@@@@@@@@\r\n@    WARNING: REMOTE HOST IDENTIFICATION HAS CHANGED!     @\r\n@@@@@@@@@@@@@@@@@@@@@@@@@@@@@@@@@@@@@@@@@@@@@@@@@@@@@@@@@@@\r\nIT IS POSSIBLE THAT SOMEONE IS DOING SOMETHING NASTY!\r\nSomeone could be eavesdropping on you right now (man-in-the-middle attack)!\r\nIt is also possible that a host key has just been changed.\r\nThe fingerprint for the ED25519 key sent by the remote host is\nSHA256:0Z4U3sGohZgDkqF1I9nQKnJ2z+p9bR9gleVlL4L5w88.\r\nPlease contact your system administrator.\r\nAdd correct host key in /home/dmeta/.ssh/known_hosts to get rid of this message.\r\nOffending ECDSA key in /home/dmeta/.ssh/known_hosts:3\r\n  remove with:\r\n  ssh-keygen -f \"/home/dmeta/.ssh/known_hosts\" -R \"192.168.132.183\"\r\nPassword authentication is disabled to avoid man-in-the-middle attacks.\r\nKeyboard-interactive authentication is disabled to avoid man-in-the-middle attacks.\r\nUpdateHostkeys is disabled because the host key is not trusted.\r\n******************************************************************\n* This system is for the use of authorized users only. Usage of  *\n* this system may be monitored and recorded by system personnel. *\n* Anyone using this system expressly consents to such monitoring *\n* and is advised that if such monitoring reveals possible        *\n* evidence of criminal activity, system personnel may provide    *\n* the evidence from such monitoring to law enforcement officials.*\n******************************************************************\ndmeta@192.168.132.183: Permission denied (publickey,password).", "unreachable": true}
2025-03-24 08:18:08,670 p=2609 u=dmeta n=ansible | PLAY RECAP ***********************************************************************************
2025-03-24 08:18:08,670 p=2609 u=dmeta n=ansible | arteva1                    : ok=0    changed=0    unreachable=1    failed=0    skipped=0    rescued=0    ignored=0   
2025-03-24 08:18:38,433 p=2749 u=dmeta n=ansible | PLAY [install arteva service] ****************************************************************
2025-03-24 08:18:40,991 p=2749 u=dmeta n=ansible | TASK [Gathering Facts] ***********************************************************************
2025-03-24 08:18:40,992 p=2749 u=dmeta n=ansible | ok: [arteva1]
2025-03-24 08:18:42,029 p=2749 u=dmeta n=ansible | TASK [upgrade-service : find backend wars] ***************************************************
2025-03-24 08:18:42,029 p=2749 u=dmeta n=ansible | ok: [arteva1]
2025-03-24 08:18:42,058 p=2749 u=dmeta n=ansible | PLAY RECAP ***********************************************************************************
2025-03-24 08:18:42,058 p=2749 u=dmeta n=ansible | arteva1                    : ok=2    changed=0    unreachable=0    failed=0    skipped=1    rescued=0    ignored=0   
2025-03-24 08:19:40,959 p=2882 u=dmeta n=ansible | PLAY [install arteva service] ****************************************************************************************************
2025-03-24 08:19:42,891 p=2882 u=dmeta n=ansible | TASK [Gathering Facts] ***********************************************************************************************************
2025-03-24 08:19:42,892 p=2882 u=dmeta n=ansible | ok: [arteva1]
2025-03-24 08:19:43,882 p=2882 u=dmeta n=ansible | TASK [upgrade-service : find backend wars] ***************************************************************************************
2025-03-24 08:19:43,882 p=2882 u=dmeta n=ansible | ok: [arteva1]
2025-03-24 08:19:43,908 p=2882 u=dmeta n=ansible | PLAY RECAP ***********************************************************************************************************************
2025-03-24 08:19:43,908 p=2882 u=dmeta n=ansible | arteva1                    : ok=2    changed=0    unreachable=0    failed=0    skipped=1    rescued=0    ignored=0   
2025-03-24 08:21:15,422 p=2948 u=dmeta n=ansible |  [ERROR]: User interrupted execution

2025-03-24 08:21:26,878 p=2949 u=dmeta n=ansible | PLAY [install arteva service] ****************************************************************************************************
2025-03-24 08:21:29,230 p=2949 u=dmeta n=ansible | TASK [Gathering Facts] ***********************************************************************************************************
2025-03-24 08:21:29,231 p=2949 u=dmeta n=ansible | ok: [arteva1]
2025-03-24 08:21:30,323 p=2949 u=dmeta n=ansible | TASK [upgrade-service : find backend wars] ***************************************************************************************
2025-03-24 08:21:30,323 p=2949 u=dmeta n=ansible | ok: [arteva1]
2025-03-24 08:21:30,342 p=2949 u=dmeta n=ansible | TASK [upgrade-service : display files] *******************************************************************************************
2025-03-24 08:21:30,343 p=2949 u=dmeta n=ansible | ok: [arteva1] => {
    "msg": []
}
2025-03-24 08:21:30,353 p=2949 u=dmeta n=ansible | PLAY RECAP ***********************************************************************************************************************
2025-03-24 08:21:30,353 p=2949 u=dmeta n=ansible | arteva1                    : ok=3    changed=0    unreachable=0    failed=0    skipped=0    rescued=0    ignored=0   
2025-03-24 08:22:44,628 p=3014 u=dmeta n=ansible | PLAY [install arteva service] ****************************************************************************************************
2025-03-24 08:22:46,948 p=3014 u=dmeta n=ansible | TASK [Gathering Facts] ***********************************************************************************************************
2025-03-24 08:22:46,948 p=3014 u=dmeta n=ansible | ok: [arteva1]
2025-03-24 08:22:47,964 p=3014 u=dmeta n=ansible | TASK [upgrade-service : find backend wars] ***************************************************************************************
2025-03-24 08:22:47,964 p=3014 u=dmeta n=ansible | ok: [arteva1]
2025-03-24 08:22:47,982 p=3014 u=dmeta n=ansible | TASK [upgrade-service : display files] *******************************************************************************************
2025-03-24 08:22:47,982 p=3014 u=dmeta n=ansible | ok: [arteva1] => {
    "msg": [
        "/apps/arteva/webapps/ROOT.war"
    ]
}
2025-03-24 08:22:47,993 p=3014 u=dmeta n=ansible | PLAY RECAP ***********************************************************************************************************************
2025-03-24 08:22:47,994 p=3014 u=dmeta n=ansible | arteva1                    : ok=3    changed=0    unreachable=0    failed=0    skipped=0    rescued=0    ignored=0   
2025-03-24 08:26:02,415 p=3137 u=dmeta n=ansible | PLAY [install arteva service] ****************************************************************************************************
2025-03-24 08:26:04,785 p=3137 u=dmeta n=ansible | TASK [Gathering Facts] ***********************************************************************************************************
2025-03-24 08:26:04,785 p=3137 u=dmeta n=ansible | ok: [arteva1]
2025-03-24 08:26:05,914 p=3137 u=dmeta n=ansible | TASK [upgrade-service : find backend wars] ***************************************************************************************
2025-03-24 08:26:05,914 p=3137 u=dmeta n=ansible | ok: [arteva1]
2025-03-24 08:26:05,932 p=3137 u=dmeta n=ansible | TASK [upgrade-service : display files] *******************************************************************************************
2025-03-24 08:26:05,932 p=3137 u=dmeta n=ansible | ok: [arteva1] => {
    "msg": [
        "/apps/arteva/wars/D-Meta-LabIntelligent-AI-Video-Analytics-Backend_1.0.12.war"
    ]
}
2025-03-24 08:26:06,904 p=3137 u=dmeta n=ansible | TASK [upgrade-service : find backend wars] ***************************************************************************************
2025-03-24 08:26:06,905 p=3137 u=dmeta n=ansible | ok: [arteva1]
2025-03-24 08:26:06,922 p=3137 u=dmeta n=ansible | TASK [upgrade-service : display files] *******************************************************************************************
2025-03-24 08:26:06,922 p=3137 u=dmeta n=ansible | ok: [arteva1] => {
    "msg": [
        "/apps/arteva/webapps/arteva.war"
    ]
}
2025-03-24 08:26:06,932 p=3137 u=dmeta n=ansible | PLAY RECAP ***********************************************************************************************************************
2025-03-24 08:26:06,932 p=3137 u=dmeta n=ansible | arteva1                    : ok=5    changed=0    unreachable=0    failed=0    skipped=0    rescued=0    ignored=0   
2025-03-24 08:27:43,701 p=3201 u=dmeta n=ansible | PLAY [install arteva service] ****************************************************************************************************
2025-03-24 08:27:46,046 p=3201 u=dmeta n=ansible | TASK [Gathering Facts] ***********************************************************************************************************
2025-03-24 08:27:46,047 p=3201 u=dmeta n=ansible | ok: [arteva1]
2025-03-24 08:27:47,098 p=3201 u=dmeta n=ansible | TASK [upgrade-service : find backend wars] ***************************************************************************************
2025-03-24 08:27:47,098 p=3201 u=dmeta n=ansible | ok: [arteva1]
2025-03-24 08:27:47,120 p=3201 u=dmeta n=ansible | TASK [upgrade-service : display files] *******************************************************************************************
2025-03-24 08:27:47,121 p=3201 u=dmeta n=ansible | ok: [arteva1] => {
    "msg": [
        "/apps/arteva/wars/D-Meta-LabIntelligent-AI-Video-Analytics-Backend_1.0.12.war"
    ]
}
2025-03-24 08:27:48,260 p=3201 u=dmeta n=ansible | TASK [upgrade-service : find backend wars] ***************************************************************************************
2025-03-24 08:27:48,260 p=3201 u=dmeta n=ansible | ok: [arteva1]
2025-03-24 08:27:48,278 p=3201 u=dmeta n=ansible | TASK [upgrade-service : display files] *******************************************************************************************
2025-03-24 08:27:48,278 p=3201 u=dmeta n=ansible | ok: [arteva1] => {
    "msg": [
        "/apps/arteva/webapps/arteva.war"
    ]
}
2025-03-24 08:27:48,288 p=3201 u=dmeta n=ansible | PLAY RECAP ***********************************************************************************************************************
2025-03-24 08:27:48,288 p=3201 u=dmeta n=ansible | arteva1                    : ok=5    changed=0    unreachable=0    failed=0    skipped=0    rescued=0    ignored=0   
2025-03-24 08:37:26,923 p=3309 u=dmeta n=ansible | ansible-playbook 2.10.17
  config file = /home/dmeta/ANSIBLE/arteva/03-dmeta-upgrad-arteva/playbook/ansible.cfg
  configured module search path = ['/home/dmeta/.ansible/plugins/modules', '/usr/share/ansible/plugins/modules']
  ansible python module location = /home/dmeta/.local/lib/python3.10/site-packages/ansible
  executable location = /home/dmeta/.local/bin/ansible-playbook
  python version = 3.10.12 (main, Feb  4 2025, 14:57:36) [GCC 11.4.0]
2025-03-24 08:37:26,923 p=3309 u=dmeta n=ansible | Using /home/dmeta/ANSIBLE/arteva/03-dmeta-upgrad-arteva/playbook/ansible.cfg as config file
2025-03-24 08:37:31,005 p=3309 u=dmeta n=ansible | host_list declined parsing /home/dmeta/ANSIBLE/arteva/03-dmeta-upgrad-arteva/inventory/arteva.ini as it did not pass its verify_file() method
2025-03-24 08:37:31,005 p=3309 u=dmeta n=ansible | script declined parsing /home/dmeta/ANSIBLE/arteva/03-dmeta-upgrad-arteva/inventory/arteva.ini as it did not pass its verify_file() method
2025-03-24 08:37:31,005 p=3309 u=dmeta n=ansible | auto declined parsing /home/dmeta/ANSIBLE/arteva/03-dmeta-upgrad-arteva/inventory/arteva.ini as it did not pass its verify_file() method
2025-03-24 08:37:31,005 p=3309 u=dmeta n=ansible | yaml declined parsing /home/dmeta/ANSIBLE/arteva/03-dmeta-upgrad-arteva/inventory/arteva.ini as it did not pass its verify_file() method
2025-03-24 08:37:31,006 p=3309 u=dmeta n=ansible | Parsed /home/dmeta/ANSIBLE/arteva/03-dmeta-upgrad-arteva/inventory/arteva.ini inventory source with ini plugin
2025-03-24 08:37:31,033 p=3309 u=dmeta n=ansible | statically imported: /home/dmeta/ANSIBLE/arteva/03-dmeta-upgrad-arteva/roles/alter-mysql/tasks/update-column.yml
2025-03-24 08:37:31,051 p=3309 u=dmeta n=ansible | redirecting (type: modules) ansible.builtin.mysql_db to community.mysql.mysql_db
2025-03-24 08:37:31,054 p=3309 u=dmeta n=ansible | statically imported: /home/dmeta/ANSIBLE/arteva/03-dmeta-upgrad-arteva/roles/alter-mysql/tasks/verify.yml
2025-03-24 08:37:31,057 p=3309 u=dmeta n=ansible | statically imported: /home/dmeta/ANSIBLE/arteva/03-dmeta-upgrad-arteva/roles/upgrade-service/tasks/check-service.yml
2025-03-24 08:37:31,058 p=3309 u=dmeta n=ansible | statically imported: /home/dmeta/ANSIBLE/arteva/03-dmeta-upgrad-arteva/roles/upgrade-service/tasks/stop-tomcat.yml
2025-03-24 08:37:31,060 p=3309 u=dmeta n=ansible | statically imported: /home/dmeta/ANSIBLE/arteva/03-dmeta-upgrad-arteva/roles/upgrade-service/tasks/upgrade-service.yml
2025-03-24 08:37:31,061 p=3309 u=dmeta n=ansible | statically imported: /home/dmeta/ANSIBLE/arteva/03-dmeta-upgrad-arteva/roles/upgrade-service/tasks/start-tomcat.yml
2025-03-24 08:37:31,062 p=3309 u=dmeta n=ansible | statically imported: /home/dmeta/ANSIBLE/arteva/03-dmeta-upgrad-arteva/roles/upgrade-service/tasks/restart-tomcat.yml
2025-03-24 08:37:31,063 p=3309 u=dmeta n=ansible | statically imported: /home/dmeta/ANSIBLE/arteva/03-dmeta-upgrad-arteva/roles/upgrade-service/tasks/verify.yml
2025-03-24 08:37:31,068 p=3309 u=dmeta n=ansible | Skipping callback 'default', as we already have a stdout callback.
2025-03-24 08:37:31,069 p=3309 u=dmeta n=ansible | Skipping callback 'minimal', as we already have a stdout callback.
2025-03-24 08:37:31,069 p=3309 u=dmeta n=ansible | Skipping callback 'oneline', as we already have a stdout callback.
2025-03-24 08:37:31,069 p=3309 u=dmeta n=ansible | PLAYBOOK: 01-arteva-upgrade-service.yml ******************************************************************************************
2025-03-24 08:37:31,069 p=3309 u=dmeta n=ansible | 1 plays in 01-arteva-upgrade-service.yml
2025-03-24 08:37:31,078 p=3309 u=dmeta n=ansible | PLAY [install arteva service] ****************************************************************************************************
2025-03-24 08:37:31,096 p=3312 u=dmeta n=ansible | <192.168.132.183> ESTABLISH SSH CONNECTION FOR USER: dmeta
2025-03-24 08:37:31,098 p=3312 u=dmeta n=ansible | <192.168.132.183> SSH: EXEC sshpass -d11 ssh -C -o ControlMaster=auto -o ControlPersist=60s -o StrictHostKeyChecking=no -o 'User="dmeta"' -o ConnectTimeout=60 -o ControlPath=/home/dmeta/.ansible/cp/b043375dca 192.168.132.183 '/bin/sh -c '"'"'echo ~dmeta && sleep 0'"'"''
2025-03-24 08:37:33,401 p=3312 u=dmeta n=ansible | <192.168.132.183> (5, b'', b'******************************************************************\n* This system is for the use of authorized users only. Usage of  *\n* this system may be monitored and recorded by system personnel. *\n* Anyone using this system expressly consents to such monitoring *\n* and is advised that if such monitoring reveals possible        *\n* evidence of criminal activity, system personnel may provide    *\n* the evidence from such monitoring to law enforcement officials.*\n******************************************************************\nPermission denied, please try again.\r\n')
2025-03-24 08:37:33,402 p=3309 u=dmeta n=ansible | TASK [Gathering Facts] ***********************************************************************************************************
2025-03-24 08:37:33,403 p=3309 u=dmeta n=ansible | fatal: [arteva1]: UNREACHABLE! => {
    "changed": false,
    "msg": "Invalid/incorrect password: ******************************************************************\n* This system is for the use of authorized users only. Usage of  *\n* this system may be monitored and recorded by system personnel. *\n* Anyone using this system expressly consents to such monitoring *\n* and is advised that if such monitoring reveals possible        *\n* evidence of criminal activity, system personnel may provide    *\n* the evidence from such monitoring to law enforcement officials.*\n******************************************************************\nPermission denied, please try again.",
    "unreachable": true
}
2025-03-24 08:37:33,404 p=3309 u=dmeta n=ansible | PLAY RECAP ***********************************************************************************************************************
2025-03-24 08:37:33,404 p=3309 u=dmeta n=ansible | arteva1                    : ok=0    changed=0    unreachable=1    failed=0    skipped=0    rescued=0    ignored=0   
2025-03-24 08:37:37,136 p=3318 u=dmeta n=ansible | ansible-playbook 2.10.17
  config file = /home/dmeta/ANSIBLE/arteva/03-dmeta-upgrad-arteva/playbook/ansible.cfg
  configured module search path = ['/home/dmeta/.ansible/plugins/modules', '/usr/share/ansible/plugins/modules']
  ansible python module location = /home/dmeta/.local/lib/python3.10/site-packages/ansible
  executable location = /home/dmeta/.local/bin/ansible-playbook
  python version = 3.10.12 (main, Feb  4 2025, 14:57:36) [GCC 11.4.0]
2025-03-24 08:37:37,136 p=3318 u=dmeta n=ansible | Using /home/dmeta/ANSIBLE/arteva/03-dmeta-upgrad-arteva/playbook/ansible.cfg as config file
2025-03-24 08:37:41,105 p=3318 u=dmeta n=ansible | host_list declined parsing /home/dmeta/ANSIBLE/arteva/03-dmeta-upgrad-arteva/inventory/arteva.ini as it did not pass its verify_file() method
2025-03-24 08:37:41,105 p=3318 u=dmeta n=ansible | script declined parsing /home/dmeta/ANSIBLE/arteva/03-dmeta-upgrad-arteva/inventory/arteva.ini as it did not pass its verify_file() method
2025-03-24 08:37:41,105 p=3318 u=dmeta n=ansible | auto declined parsing /home/dmeta/ANSIBLE/arteva/03-dmeta-upgrad-arteva/inventory/arteva.ini as it did not pass its verify_file() method
2025-03-24 08:37:41,105 p=3318 u=dmeta n=ansible | yaml declined parsing /home/dmeta/ANSIBLE/arteva/03-dmeta-upgrad-arteva/inventory/arteva.ini as it did not pass its verify_file() method
2025-03-24 08:37:41,106 p=3318 u=dmeta n=ansible | Parsed /home/dmeta/ANSIBLE/arteva/03-dmeta-upgrad-arteva/inventory/arteva.ini inventory source with ini plugin
2025-03-24 08:37:41,136 p=3318 u=dmeta n=ansible | statically imported: /home/dmeta/ANSIBLE/arteva/03-dmeta-upgrad-arteva/roles/alter-mysql/tasks/update-column.yml
2025-03-24 08:37:41,153 p=3318 u=dmeta n=ansible | redirecting (type: modules) ansible.builtin.mysql_db to community.mysql.mysql_db
2025-03-24 08:37:41,155 p=3318 u=dmeta n=ansible | statically imported: /home/dmeta/ANSIBLE/arteva/03-dmeta-upgrad-arteva/roles/alter-mysql/tasks/verify.yml
2025-03-24 08:37:41,158 p=3318 u=dmeta n=ansible | statically imported: /home/dmeta/ANSIBLE/arteva/03-dmeta-upgrad-arteva/roles/upgrade-service/tasks/check-service.yml
2025-03-24 08:37:41,160 p=3318 u=dmeta n=ansible | statically imported: /home/dmeta/ANSIBLE/arteva/03-dmeta-upgrad-arteva/roles/upgrade-service/tasks/stop-tomcat.yml
2025-03-24 08:37:41,161 p=3318 u=dmeta n=ansible | statically imported: /home/dmeta/ANSIBLE/arteva/03-dmeta-upgrad-arteva/roles/upgrade-service/tasks/upgrade-service.yml
2025-03-24 08:37:41,162 p=3318 u=dmeta n=ansible | statically imported: /home/dmeta/ANSIBLE/arteva/03-dmeta-upgrad-arteva/roles/upgrade-service/tasks/start-tomcat.yml
2025-03-24 08:37:41,163 p=3318 u=dmeta n=ansible | statically imported: /home/dmeta/ANSIBLE/arteva/03-dmeta-upgrad-arteva/roles/upgrade-service/tasks/restart-tomcat.yml
2025-03-24 08:37:41,165 p=3318 u=dmeta n=ansible | statically imported: /home/dmeta/ANSIBLE/arteva/03-dmeta-upgrad-arteva/roles/upgrade-service/tasks/verify.yml
2025-03-24 08:37:41,169 p=3318 u=dmeta n=ansible | Skipping callback 'default', as we already have a stdout callback.
2025-03-24 08:37:41,169 p=3318 u=dmeta n=ansible | Skipping callback 'minimal', as we already have a stdout callback.
2025-03-24 08:37:41,169 p=3318 u=dmeta n=ansible | Skipping callback 'oneline', as we already have a stdout callback.
2025-03-24 08:37:41,169 p=3318 u=dmeta n=ansible | PLAYBOOK: 01-arteva-upgrade-service.yml ******************************************************************************************
2025-03-24 08:37:41,169 p=3318 u=dmeta n=ansible | 1 plays in 01-arteva-upgrade-service.yml
2025-03-24 08:37:41,177 p=3318 u=dmeta n=ansible | PLAY [install arteva service] ****************************************************************************************************
2025-03-24 08:37:41,196 p=3321 u=dmeta n=ansible | <192.168.132.183> ESTABLISH SSH CONNECTION FOR USER: dmeta
2025-03-24 08:37:41,199 p=3321 u=dmeta n=ansible | <192.168.132.183> SSH: EXEC sshpass -d11 ssh -C -o ControlMaster=auto -o ControlPersist=60s -o StrictHostKeyChecking=no -o 'User="dmeta"' -o ConnectTimeout=60 -o ControlPath=/home/dmeta/.ansible/cp/b043375dca 192.168.132.183 '/bin/sh -c '"'"'echo ~dmeta && sleep 0'"'"''
2025-03-24 08:37:41,624 p=3321 u=dmeta n=ansible | <192.168.132.183> (0, b'/home/dmeta\n', b'******************************************************************\n* This system is for the use of authorized users only. Usage of  *\n* this system may be monitored and recorded by system personnel. *\n* Anyone using this system expressly consents to such monitoring *\n* and is advised that if such monitoring reveals possible        *\n* evidence of criminal activity, system personnel may provide    *\n* the evidence from such monitoring to law enforcement officials.*\n******************************************************************\n')
2025-03-24 08:37:41,624 p=3321 u=dmeta n=ansible | <192.168.132.183> ESTABLISH SSH CONNECTION FOR USER: dmeta
2025-03-24 08:37:41,625 p=3321 u=dmeta n=ansible | <192.168.132.183> SSH: EXEC sshpass -d11 ssh -C -o ControlMaster=auto -o ControlPersist=60s -o StrictHostKeyChecking=no -o 'User="dmeta"' -o ConnectTimeout=60 -o ControlPath=/home/dmeta/.ansible/cp/b043375dca 192.168.132.183 '/bin/sh -c '"'"'( umask 77 && mkdir -p "` echo /home/dmeta/.ansible/tmp `"&& mkdir "` echo /home/dmeta/.ansible/tmp/ansible-tmp-1742805461.6248424-3321-11011410370664 `" && echo ansible-tmp-1742805461.6248424-3321-11011410370664="` echo /home/dmeta/.ansible/tmp/ansible-tmp-1742805461.6248424-3321-11011410370664 `" ) && sleep 0'"'"''
2025-03-24 08:37:41,741 p=3321 u=dmeta n=ansible | <192.168.132.183> (0, b'ansible-tmp-1742805461.6248424-3321-11011410370664=/home/dmeta/.ansible/tmp/ansible-tmp-1742805461.6248424-3321-11011410370664\n', b'')
2025-03-24 08:37:41,856 p=3321 u=dmeta n=ansible | <arteva1> Attempting python interpreter discovery
2025-03-24 08:37:41,856 p=3321 u=dmeta n=ansible | <192.168.132.183> ESTABLISH SSH CONNECTION FOR USER: dmeta
2025-03-24 08:37:41,857 p=3321 u=dmeta n=ansible | <192.168.132.183> SSH: EXEC sshpass -d11 ssh -C -o ControlMaster=auto -o ControlPersist=60s -o StrictHostKeyChecking=no -o 'User="dmeta"' -o ConnectTimeout=60 -o ControlPath=/home/dmeta/.ansible/cp/b043375dca 192.168.132.183 '/bin/sh -c '"'"'echo PLATFORM; uname; echo FOUND; command -v '"'"'"'"'"'"'"'"'/usr/bin/python'"'"'"'"'"'"'"'"'; command -v '"'"'"'"'"'"'"'"'python3.7'"'"'"'"'"'"'"'"'; command -v '"'"'"'"'"'"'"'"'python3.6'"'"'"'"'"'"'"'"'; command -v '"'"'"'"'"'"'"'"'python3.5'"'"'"'"'"'"'"'"'; command -v '"'"'"'"'"'"'"'"'python2.7'"'"'"'"'"'"'"'"'; command -v '"'"'"'"'"'"'"'"'python2.6'"'"'"'"'"'"'"'"'; command -v '"'"'"'"'"'"'"'"'/usr/libexec/platform-python'"'"'"'"'"'"'"'"'; command -v '"'"'"'"'"'"'"'"'/usr/bin/python3'"'"'"'"'"'"'"'"'; command -v '"'"'"'"'"'"'"'"'python'"'"'"'"'"'"'"'"'; echo ENDFOUND && sleep 0'"'"''
2025-03-24 08:37:41,930 p=3321 u=dmeta n=ansible | <192.168.132.183> (0, b'PLATFORM\nLinux\nFOUND\n/usr/bin/python\n/usr/bin/python3.6\n/usr/libexec/platform-python\n/usr/bin/python3\n/usr/bin/python\nENDFOUND\n', b'')
2025-03-24 08:37:41,931 p=3321 u=dmeta n=ansible | <192.168.132.183> ESTABLISH SSH CONNECTION FOR USER: dmeta
2025-03-24 08:37:41,931 p=3321 u=dmeta n=ansible | <192.168.132.183> SSH: EXEC sshpass -d11 ssh -C -o ControlMaster=auto -o ControlPersist=60s -o StrictHostKeyChecking=no -o 'User="dmeta"' -o ConnectTimeout=60 -o ControlPath=/home/dmeta/.ansible/cp/b043375dca 192.168.132.183 '/bin/sh -c '"'"'/usr/bin/python && sleep 0'"'"''
2025-03-24 08:37:42,097 p=3321 u=dmeta n=ansible | <192.168.132.183> (0, b'{"platform_dist_result": ["centos", "8.10", "Green Obsidian"], "osrelease_content": "NAME=\\"Rocky Linux\\"\\nVERSION=\\"8.10 (Green Obsidian)\\"\\nID=\\"rocky\\"\\nID_LIKE=\\"rhel centos fedora\\"\\nVERSION_ID=\\"8.10\\"\\nPLATFORM_ID=\\"platform:el8\\"\\nPRETTY_NAME=\\"Rocky Linux 8.10 (Green Obsidian)\\"\\nANSI_COLOR=\\"0;32\\"\\nLOGO=\\"fedora-logo-icon\\"\\nCPE_NAME=\\"cpe:/o:rocky:rocky:8:GA\\"\\nHOME_URL=\\"https://rockylinux.org/\\"\\nBUG_REPORT_URL=\\"https://bugs.rockylinux.org/\\"\\nSUPPORT_END=\\"2029-05-31\\"\\nROCKY_SUPPORT_PRODUCT=\\"Rocky-Linux-8\\"\\nROCKY_SUPPORT_PRODUCT_VERSION=\\"8.10\\"\\nREDHAT_SUPPORT_PRODUCT=\\"Rocky Linux\\"\\nREDHAT_SUPPORT_PRODUCT_VERSION=\\"8.10\\"\\n"}\n', b'')
2025-03-24 08:37:42,098 p=3321 u=dmeta n=ansible | Using module file /home/dmeta/.local/lib/python3.10/site-packages/ansible/modules/setup.py
2025-03-24 08:37:42,099 p=3321 u=dmeta n=ansible | <192.168.132.183> PUT /home/dmeta/.ansible/tmp/ansible-local-3318nqqhzu88/tmpeuohqhke TO /home/dmeta/.ansible/tmp/ansible-tmp-1742805461.6248424-3321-11011410370664/AnsiballZ_setup.py
2025-03-24 08:37:42,100 p=3321 u=dmeta n=ansible | <192.168.132.183> SSH: EXEC sshpass -d11 sftp -o BatchMode=no -b - -C -o ControlMaster=auto -o ControlPersist=60s -o StrictHostKeyChecking=no -o 'User="dmeta"' -o ConnectTimeout=60 -o ControlPath=/home/dmeta/.ansible/cp/b043375dca '[192.168.132.183]'
2025-03-24 08:37:42,363 p=3321 u=dmeta n=ansible | <192.168.132.183> (0, b'sftp> put /home/dmeta/.ansible/tmp/ansible-local-3318nqqhzu88/tmpeuohqhke /home/dmeta/.ansible/tmp/ansible-tmp-1742805461.6248424-3321-11011410370664/AnsiballZ_setup.py\n', b'')
2025-03-24 08:37:42,363 p=3321 u=dmeta n=ansible | <192.168.132.183> ESTABLISH SSH CONNECTION FOR USER: dmeta
2025-03-24 08:37:42,364 p=3321 u=dmeta n=ansible | <192.168.132.183> SSH: EXEC sshpass -d11 ssh -C -o ControlMaster=auto -o ControlPersist=60s -o StrictHostKeyChecking=no -o 'User="dmeta"' -o ConnectTimeout=60 -o ControlPath=/home/dmeta/.ansible/cp/b043375dca 192.168.132.183 '/bin/sh -c '"'"'chmod u+x /home/dmeta/.ansible/tmp/ansible-tmp-1742805461.6248424-3321-11011410370664/ /home/dmeta/.ansible/tmp/ansible-tmp-1742805461.6248424-3321-11011410370664/AnsiballZ_setup.py && sleep 0'"'"''
2025-03-24 08:37:42,503 p=3321 u=dmeta n=ansible | <192.168.132.183> (0, b'', b'')
2025-03-24 08:37:42,503 p=3321 u=dmeta n=ansible | <192.168.132.183> ESTABLISH SSH CONNECTION FOR USER: dmeta
2025-03-24 08:37:42,504 p=3321 u=dmeta n=ansible | <192.168.132.183> SSH: EXEC sshpass -d11 ssh -C -o ControlMaster=auto -o ControlPersist=60s -o StrictHostKeyChecking=no -o 'User="dmeta"' -o ConnectTimeout=60 -o ControlPath=/home/dmeta/.ansible/cp/b043375dca -tt 192.168.132.183 '/bin/sh -c '"'"'sudo -H -S -n  -u root /bin/sh -c '"'"'"'"'"'"'"'"'echo BECOME-SUCCESS-wwikjvkfgqwxoauirecuuzpfjprnfgpu ; /usr/bin/python /home/dmeta/.ansible/tmp/ansible-tmp-1742805461.6248424-3321-11011410370664/AnsiballZ_setup.py'"'"'"'"'"'"'"'"' && sleep 0'"'"''
2025-03-24 08:37:42,651 p=3321 u=dmeta n=ansible | Escalation succeeded
2025-03-24 08:37:43,305 p=3321 u=dmeta n=ansible | <192.168.132.183> (0, b'\r\n{"ansible_facts": {"ansible_lsb": {}, "ansible_fips": false, "ansible_system": "Linux", "ansible_kernel": "4.18.0-553.27.1.el8_10.x86_64", "ansible_kernel_version": "#1 SMP Wed Nov 6 14:29:02 UTC 2024", "ansible_machine": "x86_64", "ansible_python_version": "3.6.8", "ansible_fqdn": "arteva01", "ansible_hostname": "arteva01", "ansible_nodename": "arteva01", "ansible_domain": "", "ansible_userspace_bits": "64", "ansible_architecture": "x86_64", "ansible_userspace_architecture": "x86_64", "ansible_machine_id": "55c58bd5fe1848aabdc0d3a8e06fa156", "ansible_cmdline": {"BOOT_IMAGE": "(hd0,gpt2)/vmlinuz-4.18.0-553.27.1.el8_10.x86_64", "root": "/dev/mapper/rl-root", "ro": true, "crashkernel": "auto", "resume": "/dev/mapper/rl-swap", "rd.lvm.lv": "rl/swap", "rhgb": true, "quiet": true, "modprobe.blacklist": "nouveau", "rd.driver.blacklist": "nouveau", "page_poison": "1", "slub_debug": "P", "audit": "1", "audit_backlog_limit": "8192", "pti": "on"}, "ansible_proc_cmdline": {"BOOT_IMAGE": "(hd0,gpt2)/vmlinuz-4.18.0-553.27.1.el8_10.x86_64", "root": "/dev/mapper/rl-root", "ro": true, "crashkernel": "auto", "resume": "/dev/mapper/rl-swap", "rd.lvm.lv": ["rl/root", "rl/swap"], "rhgb": true, "quiet": true, "modprobe.blacklist": "nouveau", "rd.driver.blacklist": "nouveau", "page_poison": "1", "slub_debug": "P", "audit": "1", "audit_backlog_limit": "8192", "pti": "on"}, "ansible_env": {"LS_COLORS": "rs=0:di=01;34:ln=01;36:mh=00:pi=40;33:so=01;35:do=01;35:bd=40;33;01:cd=40;33;01:or=40;31;01:mi=01;05;37;41:su=37;41:sg=30;43:ca=30;41:tw=30;42:ow=34;42:st=37;44:ex=01;32:*.tar=01;31:*.tgz=01;31:*.arc=01;31:*.arj=01;31:*.taz=01;31:*.lha=01;31:*.lz4=01;31:*.lzh=01;31:*.lzma=01;31:*.tlz=01;31:*.txz=01;31:*.tzo=01;31:*.t7z=01;31:*.zip=01;31:*.z=01;31:*.dz=01;31:*.gz=01;31:*.lrz=01;31:*.lz=01;31:*.lzo=01;31:*.xz=01;31:*.zst=01;31:*.tzst=01;31:*.bz2=01;31:*.bz=01;31:*.tbz=01;31:*.tbz2=01;31:*.tz=01;31:*.deb=01;31:*.rpm=01;31:*.jar=01;31:*.war=01;31:*.ear=01;31:*.sar=01;31:*.rar=01;31:*.alz=01;31:*.ace=01;31:*.zoo=01;31:*.cpio=01;31:*.7z=01;31:*.rz=01;31:*.cab=01;31:*.wim=01;31:*.swm=01;31:*.dwm=01;31:*.esd=01;31:*.jpg=01;35:*.jpeg=01;35:*.mjpg=01;35:*.mjpeg=01;35:*.gif=01;35:*.bmp=01;35:*.pbm=01;35:*.pgm=01;35:*.ppm=01;35:*.tga=01;35:*.xbm=01;35:*.xpm=01;35:*.tif=01;35:*.tiff=01;35:*.png=01;35:*.svg=01;35:*.svgz=01;35:*.mng=01;35:*.pcx=01;35:*.mov=01;35:*.mpg=01;35:*.mpeg=01;35:*.m2v=01;35:*.mkv=01;35:*.webm=01;35:*.ogm=01;35:*.mp4=01;35:*.m4v=01;35:*.mp4v=01;35:*.vob=01;35:*.qt=01;35:*.nuv=01;35:*.wmv=01;35:*.asf=01;35:*.rm=01;35:*.rmvb=01;35:*.flc=01;35:*.avi=01;35:*.fli=01;35:*.flv=01;35:*.gl=01;35:*.dl=01;35:*.xcf=01;35:*.xwd=01;35:*.yuv=01;35:*.cgm=01;35:*.emf=01;35:*.ogv=01;35:*.ogx=01;35:*.aac=01;36:*.au=01;36:*.flac=01;36:*.m4a=01;36:*.mid=01;36:*.midi=01;36:*.mka=01;36:*.mp3=01;36:*.mpc=01;36:*.ogg=01;36:*.ra=01;36:*.wav=01;36:*.oga=01;36:*.opus=01;36:*.spx=01;36:*.xspf=01;36:", "LANG": "en_US.UTF-8", "SUDO_GID": "1000", "SUDO_COMMAND": "/bin/sh -c echo BECOME-SUCCESS-wwikjvkfgqwxoauirecuuzpfjprnfgpu ; /usr/bin/python /home/dmeta/.ansible/tmp/ansible-tmp-1742805461.6248424-3321-11011410370664/AnsiballZ_setup.py", "USER": "root", "PWD": "/home/dmeta", "HOME": "/root", "SUDO_USER": "dmeta", "SUDO_UID": "1000", "MAIL": "/var/mail/root", "SHELL": "/bin/bash", "TERM": "xterm", "SHLVL": "1", "LOGNAME": "root", "PATH": "/sbin:/bin:/usr/sbin:/usr/bin", "_": "/usr/bin/python"}, "ansible_is_chroot": false, "ansible_system_capabilities_enforced": "False", "ansible_system_capabilities": [], "ansible_user_id": "root", "ansible_user_uid": 0, "ansible_user_gid": 0, "ansible_user_gecos": "root", "ansible_user_dir": "/root", "ansible_user_shell": "/bin/bash", "ansible_real_user_id": 0, "ansible_effective_user_id": 0, "ansible_real_group_id": 0, "ansible_effective_group_id": 0, "ansible_distribution": "Rocky", "ansible_distribution_release": "Green Obsidian", "ansible_distribution_version": "8.10", "ansible_distribution_major_version": "8", "ansible_distribution_file_path": "/etc/redhat-release", "ansible_distribution_file_variety": "RedHat", "ansible_distribution_file_parsed": true, "ansible_os_family": "Rocky", "ansible_virtualization_type": "kvm", "ansible_virtualization_role": "host", "ansible_ssh_host_key_rsa_public": "AAAAB3NzaC1yc2EAAAADAQABAAABgQC/R4Dkae1INMDAHVtabRWRETgf7N7rw7mBpFyYQBE3kbAmUClJ1JwbYk5qBGrBVDHs8kbNw65IPjMd4NQvgkRY30ll2yhQoQ5BiiFBUurYlQNz/4aF6vxSNQdtHZx7mWJoATcKWrzVOzluLRw3toWPqDWZ1HnrWzvADibyhkFF6HWsdQgU+vspWhFhbNbzQO0QZK0Z2yd/h2PT5WtY4wZS1YO95WJtSueLd5gAp7w/2mEQOdHLRGkJd+LXwHmCOOtMM3Xrv3uDMmamQ5nAwr1Apo+TL/cWqAEnhrR7IZv3Pc4+YSnQlh2JZmt2v4UISJGuJwMYXhj1J+8gPuj5hBvPWy0q5SW9H0DstoHfYjaMiGZ+UW1E8kf0Qf06AtB97Jv4v9Qi5AABBBBohYZ5oZfbs3VA82uHN2Ifk9x47Vm/H+Jvo3TGdIHX6RlhUTR6N5Lb1AQykk8FNE7btfgl08Uz9EfYcJk4SVIp6FuULySAcumwGJEI3eKe4mpUzFQ8p8E=", "ansible_ssh_host_key_rsa_public_keytype": "ssh-rsa", "ansible_ssh_host_key_ecdsa_public": "AAAAE2VjZHNhLXNoYTItbmlzdHAyNTYAAAAIbmlzdHAyNTYAAABBBB+Wf0WITnY43dA/PD+Z+kiyRe+dsMIDlEHUKVRjFRPZzKHwG8vk06E6LhORmbty3z2lfqSLh6WaM9VkVuxSBA4=", "ansible_ssh_host_key_ecdsa_public_keytype": "ecdsa-sha2-nistp256", "ansible_ssh_host_key_ed25519_public": "AAAAC3NzaC1lZDI1NTE5AAAAIBjKzn2DXXbYUh1GWfxsnEtdo6jGRkeFeQHfA97ekFnC", "ansible_ssh_host_key_ed25519_public_keytype": "ssh-ed25519", "ansible_fibre_channel_wwn": [], "ansible_selinux_python_present": true, "ansible_selinux": {"status": "enabled", "policyvers": 33, "config_mode": "permissive", "mode": "permissive", "type": "targeted"}, "ansible_dns": {}, "ansible_apparmor": {"status": "disabled"}, "ansible_date_time": {"year": "2025", "month": "03", "weekday": "Monday", "weekday_number": "1", "weeknumber": "12", "day": "24", "hour": "17", "minute": "37", "second": "46", "epoch": "1742805466", "date": "2025-03-24", "time": "17:37:46", "iso8601_micro": "2025-03-24T08:37:46.024833Z", "iso8601": "2025-03-24T08:37:46Z", "iso8601_basic": "20250324T173746024833", "iso8601_basic_short": "20250324T173746", "tz": "KST", "tz_offset": "+0900"}, "ansible_local": {}, "ansible_hostnqn": "nqn.2014-08.org.nvmexpress:uuid:4c4c4544-004a-4c10-8031-c6c04f443434", "ansible_python": {"version": {"major": 3, "minor": 6, "micro": 8, "releaselevel": "final", "serial": 0}, "version_info": [3, 6, 8, "final", 0], "executable": "/usr/bin/python", "has_sslcontext": true, "type": "cpython"}, "ansible_processor": ["0", "GenuineIntel", "Intel(R) Xeon(R) Gold 6426Y", "1", "GenuineIntel", "Intel(R) Xeon(R) Gold 6426Y", "2", "GenuineIntel", "Intel(R) Xeon(R) Gold 6426Y", "3", "GenuineIntel", "Intel(R) Xeon(R) Gold 6426Y", "4", "GenuineIntel", "Intel(R) Xeon(R) Gold 6426Y", "5", "GenuineIntel", "Intel(R) Xeon(R) Gold 6426Y", "6", "GenuineIntel", "Intel(R) Xeon(R) Gold 6426Y", "7", "GenuineIntel", "Intel(R) Xeon(R) Gold 6426Y", "8", "GenuineIntel", "Intel(R) Xeon(R) Gold 6426Y", "9", "GenuineIntel", "Intel(R) Xeon(R) Gold 6426Y", "10", "GenuineIntel", "Intel(R) Xeon(R) Gold 6426Y", "11", "GenuineIntel", "Intel(R) Xeon(R) Gold 6426Y", "12", "GenuineIntel", "Intel(R) Xeon(R) Gold 6426Y", "13", "GenuineIntel", "Intel(R) Xeon(R) Gold 6426Y", "14", "GenuineIntel", "Intel(R) Xeon(R) Gold 6426Y", "15", "GenuineIntel", "Intel(R) Xeon(R) Gold 6426Y", "16", "GenuineIntel", "Intel(R) Xeon(R) Gold 6426Y", "17", "GenuineIntel", "Intel(R) Xeon(R) Gold 6426Y", "18", "GenuineIntel", "Intel(R) Xeon(R) Gold 6426Y", "19", "GenuineIntel", "Intel(R) Xeon(R) Gold 6426Y", "20", "GenuineIntel", "Intel(R) Xeon(R) Gold 6426Y", "21", "GenuineIntel", "Intel(R) Xeon(R) Gold 6426Y", "22", "GenuineIntel", "Intel(R) Xeon(R) Gold 6426Y", "23", "GenuineIntel", "Intel(R) Xeon(R) Gold 6426Y", "24", "GenuineIntel", "Intel(R) Xeon(R) Gold 6426Y", "25", "GenuineIntel", "Intel(R) Xeon(R) Gold 6426Y", "26", "GenuineIntel", "Intel(R) Xeon(R) Gold 6426Y", "27", "GenuineIntel", "Intel(R) Xeon(R) Gold 6426Y", "28", "GenuineIntel", "Intel(R) Xeon(R) Gold 6426Y", "29", "GenuineIntel", "Intel(R) Xeon(R) Gold 6426Y", "30", "GenuineIntel", "Intel(R) Xeon(R) Gold 6426Y", "31", "GenuineIntel", "Intel(R) Xeon(R) Gold 6426Y", "32", "GenuineIntel", "Intel(R) Xeon(R) Gold 6426Y", "33", "GenuineIntel", "Intel(R) Xeon(R) Gold 6426Y", "34", "GenuineIntel", "Intel(R) Xeon(R) Gold 6426Y", "35", "GenuineIntel", "Intel(R) Xeon(R) Gold 6426Y", "36", "GenuineIntel", "Intel(R) Xeon(R) Gold 6426Y", "37", "GenuineIntel", "Intel(R) Xeon(R) Gold 6426Y", "38", "GenuineIntel", "Intel(R) Xeon(R) Gold 6426Y", "39", "GenuineIntel", "Intel(R) Xeon(R) Gold 6426Y", "40", "GenuineIntel", "Intel(R) Xeon(R) Gold 6426Y", "41", "GenuineIntel", "Intel(R) Xeon(R) Gold 6426Y", "42", "GenuineIntel", "Intel(R) Xeon(R) Gold 6426Y", "43", "GenuineIntel", "Intel(R) Xeon(R) Gold 6426Y", "44", "GenuineIntel", "Intel(R) Xeon(R) Gold 6426Y", "45", "GenuineIntel", "Intel(R) Xeon(R) Gold 6426Y", "46", "GenuineIntel", "Intel(R) Xeon(R) Gold 6426Y", "47", "GenuineIntel", "Intel(R) Xeon(R) Gold 6426Y", "48", "GenuineIntel", "Intel(R) Xeon(R) Gold 6426Y", "49", "GenuineIntel", "Intel(R) Xeon(R) Gold 6426Y", "50", "GenuineIntel", "Intel(R) Xeon(R) Gold 6426Y", "51", "GenuineIntel", "Intel(R) Xeon(R) Gold 6426Y", "52", "GenuineIntel", "Intel(R) Xeon(R) Gold 6426Y", "53", "GenuineIntel", "Intel(R) Xeon(R) Gold 6426Y", "54", "GenuineIntel", "Intel(R) Xeon(R) Gold 6426Y", "55", "GenuineIntel", "Intel(R) Xeon(R) Gold 6426Y", "56", "GenuineIntel", "Intel(R) Xeon(R) Gold 6426Y", "57", "GenuineIntel", "Intel(R) Xeon(R) Gold 6426Y", "58", "GenuineIntel", "Intel(R) Xeon(R) Gold 6426Y", "59", "GenuineIntel", "Intel(R) Xeon(R) Gold 6426Y", "60", "GenuineIntel", "Intel(R) Xeon(R) Gold 6426Y", "61", "GenuineIntel", "Intel(R) Xeon(R) Gold 6426Y", "62", "GenuineIntel", "Intel(R) Xeon(R) Gold 6426Y", "63", "GenuineIntel", "Intel(R) Xeon(R) Gold 6426Y"], "ansible_processor_count": 2, "ansible_processor_cores": 16, "ansible_processor_threads_per_core": 2, "ansible_processor_vcpus": 64, "ansible_processor_nproc": 64, "ansible_memtotal_mb": 127899, "ansible_memfree_mb": 56230, "ansible_swaptotal_mb": 8191, "ansible_swapfree_mb": 8191, "ansible_memory_mb": {"real": {"total": 127899, "used": 71669, "free": 56230}, "nocache": {"free": 115100, "used": 12799}, "swap": {"total": 8191, "free": 8191, "used": 0, "cached": 0}}, "ansible_bios_date": "05/13/2024", "ansible_bios_vendor": "Dell Inc.", "ansible_bios_version": "2.2.7", "ansible_board_asset_tag": "NA", "ansible_board_name": "0024FG", "ansible_board_serial": ".FJL1D44.CNIVC0045V1078.", "ansible_board_vendor": "Dell Inc.", "ansible_board_version": "A02", "ansible_chassis_asset_tag": "NA", "ansible_chassis_serial": "FJL1D44", "ansible_chassis_vendor": "Dell Inc.", "ansible_chassis_version": "NA", "ansible_form_factor": "Rack Mount Chassis", "ansible_product_name": "PowerEdge R760", "ansible_product_serial": "FJL1D44", "ansible_product_uuid": "4c4c4544-004a-4c10-8031-c6c04f443434", "ansible_product_version": "NA", "ansible_system_vendor": "Dell Inc.", "ansible_devices": {"dm-1": {"virtual": 1, "links": {"ids": ["dm-name-rl-swap", "dm-uuid-LVM-CeXrvMnn2w61ko92c0LWzfLDRDzpar3GSbF8xMk6X59BuyC96cwSgCaUJE1Jnq2Y"], "uuids": ["962ac972-e587-45eb-95a3-c96ea3806b4a"], "labels": [], "masters": []}, "vendor": null, "model": null, "sas_address": null, "sas_device_handle": null, "serial": "00b3f37c52bc27ab6700bcf37380e04e", "removable": "0", "support_discard": "0", "partitions": {}, "rotational": "0", "scheduler_mode": "", "sectors": "16777216", "sectorsize": "4096", "size": "8.00 GB", "host": "", "holders": []}, "dm-8": {"virtual": 1, "links": {"ids": ["dm-name-rl-var", "dm-uuid-LVM-CeXrvMnn2w61ko92c0LWzfLDRDzpar3GW9hkoPxv3ibXfIkj8gIraLjGumEVgn0w"], "uuids": ["79617299-89a5-4df5-aeb3-82ba776c98bb"], "labels": [], "masters": []}, "vendor": null, "model": null, "sas_address": null, "sas_device_handle": null, "serial": "00b3f37c52bc27ab6700bcf37380e04e", "removable": "0", "support_discard": "0", "partitions": {}, "rotational": "0", "scheduler_mode": "", "sectors": "10485760", "sectorsize": "4096", "size": "5.00 GB", "host": "", "holders": []}, "sdb": {"virtual": 1, "links": {"ids": ["scsi-36f4ee08073f3bc0067ab280dcb73ad59", "scsi-SDELL_RAID_0059ad73cb0d28ab6700bcf37380e04e", "wwn-0x6f4ee08073f3bc0067ab280dcb73ad59"], "uuids": [], "labels": [], "masters": []}, "vendor": "DELL", "model": "RAID", "sas_address": null, "sas_device_handle": null, "serial": "0059ad73cb0d28ab6700bcf37380e04e", "removable": "0", "support_discard": "0", "wwn": "0x6f4ee08073f3bc0067ab280dcb73ad59", "partitions": {"sdb1": {"links": {"ids": ["lvm-pv-uuid-s7eeCo-W8m4-DGRQ-nPSp-hIqg-V4XL-Kp2bd1", "scsi-36f4ee08073f3bc0067ab280dcb73ad59-part1", "scsi-SDELL_RAID_0059ad73cb0d28ab6700bcf37380e04e-part1", "wwn-0x6f4ee08073f3bc0067ab280dcb73ad59-part1"], "uuids": [], "labels": [], "masters": ["dm-3"]}, "start": "32768", "sectors": "936378368", "sectorsize": 512, "size": "446.50 GB", "uuid": null, "holders": ["rl-apps"]}}, "rotational": "0", "scheduler_mode": "mq-deadline", "sectors": "936640512", "sectorsize": "4096", "size": "446.62 GB", "host": "RAID bus controller: Broadcom / LSI Fusion-MPT 24GSAS/PCIe SAS40xx (rev 01)", "holders": []}, "dm-6": {"virtual": 1, "links": {"ids": ["dm-name-rl-var_log_audit", "dm-uuid-LVM-CeXrvMnn2w61ko92c0LWzfLDRDzpar3G6PGAB23hbmWnrcPendSnkX2SyFoEK2Vt"], "uuids": ["9f84d6b6-6be0-453a-aeab-93f5fa49bac6"], "labels": [], "masters": []}, "vendor": null, "model": null, "sas_address": null, "sas_device_handle": null, "serial": "00b3f37c52bc27ab6700bcf37380e04e", "removable": "0", "support_discard": "0", "partitions": {}, "rotational": "0", "scheduler_mode": "", "sectors": "10485760", "sectorsize": "4096", "size": "5.00 GB", "host": "", "holders": []}, "dm-4": {"virtual": 1, "links": {"ids": ["dm-name-rl-tmp", "dm-uuid-LVM-CeXrvMnn2w61ko92c0LWzfLDRDzpar3GOxbOjERvKUtcnVtXx8FLWbyVbzWVdchI"], "uuids": ["3e381302-d7e0-4ab2-b391-88f16158fbb8"], "labels": [], "masters": []}, "vendor": null, "model": null, "sas_address": null, "sas_device_handle": null, "serial": "00b3f37c52bc27ab6700bcf37380e04e", "removable": "0", "support_discard": "0", "partitions": {}, "rotational": "0", "scheduler_mode": "", "sectors": "20971520", "sectorsize": "4096", "size": "10.00 GB", "host": "", "holders": []}, "dm-2": {"virtual": 1, "links": {"ids": ["dm-name-rl-data", "dm-uuid-LVM-CeXrvMnn2w61ko92c0LWzfLDRDzpar3GxKJpPhpbYqkViwBmbaD09WikyEwsfYGl"], "uuids": ["7af93299-2d46-40c7-8b2a-fd0a22f86bac"], "labels": [], "masters": []}, "vendor": null, "model": null, "sas_address": null, "sas_device_handle": null, "serial": "00b3f37c52bc27ab6700bcf37380e04e", "removable": "0", "support_discard": "0", "partitions": {}, "rotational": "0", "scheduler_mode": "", "sectors": "419430400", "sectorsize": "4096", "size": "200.00 GB", "host": "", "holders": []}, "dm-0": {"virtual": 1, "links": {"ids": ["dm-name-rl-root", "dm-uuid-LVM-CeXrvMnn2w61ko92c0LWzfLDRDzpar3GOXnq2yj0SUGurmqXf3VUqySjvN4O9H4n"], "uuids": ["87fed84d-30bc-4be8-b5a1-e1938afd2e34"], "labels": [], "masters": []}, "vendor": null, "model": null, "sas_address": null, "sas_device_handle": null, "serial": "00b3f37c52bc27ab6700bcf37380e04e", "removable": "0", "support_discard": "0", "partitions": {}, "rotational": "0", "scheduler_mode": "", "sectors": "90112000", "sectorsize": "4096", "size": "42.97 GB", "host": "", "holders": []}, "dm-9": {"virtual": 1, "links": {"ids": ["dm-name-rl-home", "dm-uuid-LVM-CeXrvMnn2w61ko92c0LWzfLDRDzpar3GK0LMQLwe81WbWnMqqZTfnFb9SCJvCT5d"], "uuids": ["8c3ba351-2c34-4b21-83dc-cc13c6bb25e1"], "labels": [], "masters": []}, "vendor": null, "model": null, "sas_address": null, "sas_device_handle": null, "serial": "00b3f37c52bc27ab6700bcf37380e04e", "removable": "0", "support_discard": "0", "partitions": {}, "rotational": "0", "scheduler_mode": "", "sectors": "20971520", "sectorsize": "4096", "size": "10.00 GB", "host": "", "holders": []}, "dm-7": {"virtual": 1, "links": {"ids": ["dm-name-rl-var_log", "dm-uuid-LVM-CeXrvMnn2w61ko92c0LWzfLDRDzpar3Gz8Qd5lqD9u3qXfF2SHRBB2uelpz3Lw3w"], "uuids": ["2902febd-4f32-4c32-9e8a-19730d79425e"], "labels": [], "masters": []}, "vendor": null, "model": null, "sas_address": null, "sas_device_handle": null, "serial": "00b3f37c52bc27ab6700bcf37380e04e", "removable": "0", "support_discard": "0", "partitions": {}, "rotational": "0", "scheduler_mode": "", "sectors": "10485760", "sectorsize": "4096", "size": "5.00 GB", "host": "", "holders": []}, "sda": {"virtual": 1, "links": {"ids": ["scsi-36f4ee08073f3bc0067ab27bc527cf3b3", "scsi-SDELL_RAID_00b3f37c52bc27ab6700bcf37380e04e", "wwn-0x6f4ee08073f3bc0067ab27bc527cf3b3"], "uuids": [], "labels": [], "masters": []}, "vendor": "DELL", "model": "RAID", "sas_address": null, "sas_device_handle": null, "serial": "00b3f37c52bc27ab6700bcf37380e04e", "removable": "0", "support_discard": "0", "wwn": "0x6f4ee08073f3bc0067ab27bc527cf3b3", "partitions": {"sda2": {"links": {"ids": ["scsi-36f4ee08073f3bc0067ab27bc527cf3b3-part2", "scsi-SDELL_RAID_00b3f37c52bc27ab6700bcf37380e04e-part2", "wwn-0x6f4ee08073f3bc0067ab27bc527cf3b3-part2"], "uuids": ["48d742dc-3039-46b3-8e81-e7838075a52c"], "labels": [], "masters": []}, "start": "2129920", "sectors": "2097152", "sectorsize": 512, "size": "1.00 GB", "uuid": "48d742dc-3039-46b3-8e81-e7838075a52c", "holders": []}, "sda3": {"links": {"ids": ["lvm-pv-uuid-WdJDxH-LRij-Ut9j-sBYj-pDcr-cBtM-a5g9CB", "scsi-36f4ee08073f3bc0067ab27bc527cf3b3-part3", "scsi-SDELL_RAID_00b3f37c52bc27ab6700bcf37380e04e-part3", "wwn-0x6f4ee08073f3bc0067ab27bc527cf3b3-part3"], "uuids": [], "labels": [], "masters": ["dm-0", "dm-1", "dm-2", "dm-3", "dm-4", "dm-5", "dm-6", "dm-7", "dm-8", "dm-9"]}, "start": "4227072", "sectors": "932184064", "sectorsize": 512, "size": "444.50 GB", "uuid": null, "holders": ["rl-swap", "rl-var", "rl-var_log_audit", "rl-tmp", "rl-data", "rl-root", "rl-home", "rl-var_log", "rl-var_tmp", "rl-apps"]}, "sda1": {"links": {"ids": ["scsi-36f4ee08073f3bc0067ab27bc527cf3b3-part1", "scsi-SDELL_RAID_00b3f37c52bc27ab6700bcf37380e04e-part1", "wwn-0x6f4ee08073f3bc0067ab27bc527cf3b3-part1"], "uuids": ["8130-5BA9"], "labels": [], "masters": []}, "start": "32768", "sectors": "2097152", "sectorsize": 512, "size": "1.00 GB", "uuid": "8130-5BA9", "holders": []}}, "rotational": "0", "scheduler_mode": "mq-deadline", "sectors": "936640512", "sectorsize": "4096", "size": "446.62 GB", "host": "RAID bus controller: Broadcom / LSI Fusion-MPT 24GSAS/PCIe SAS40xx (rev 01)", "holders": []}, "dm-5": {"virtual": 1, "links": {"ids": ["dm-name-rl-var_tmp", "dm-uuid-LVM-CeXrvMnn2w61ko92c0LWzfLDRDzpar3G9savOieVk47QdEetHPRf1yOSpbZ4HVs4"], "uuids": ["e7820231-3454-4480-9e4e-c59bb36fca82"], "labels": [], "masters": []}, "vendor": null, "model": null, "sas_address": null, "sas_device_handle": null, "serial": "00b3f37c52bc27ab6700bcf37380e04e", "removable": "0", "support_discard": "0", "partitions": {}, "rotational": "0", "scheduler_mode": "", "sectors": "10485760", "sectorsize": "4096", "size": "5.00 GB", "host": "", "holders": []}, "dm-3": {"virtual": 1, "links": {"ids": ["dm-name-rl-apps", "dm-uuid-LVM-CeXrvMnn2w61ko92c0LWzfLDRDzpar3Goq1FAQlPLzX3vJK1KLJp8hZtMpt2u7Az"], "uuids": ["4773b14c-08d9-4e89-87fa-6c7e15846df9"], "labels": [], "masters": []}, "vendor": null, "model": null, "sas_address": null, "sas_device_handle": null, "removable": "0", "support_discard": "0", "partitions": {}, "rotational": "0", "scheduler_mode": "", "sectors": "1258291200", "sectorsize": "4096", "size": "600.00 GB", "host": "", "holders": []}}, "ansible_device_links": {"ids": {"dm-8": ["dm-name-rl-var", "dm-uuid-LVM-CeXrvMnn2w61ko92c0LWzfLDRDzpar3GW9hkoPxv3ibXfIkj8gIraLjGumEVgn0w"], "dm-6": ["dm-name-rl-var_log_audit", "dm-uuid-LVM-CeXrvMnn2w61ko92c0LWzfLDRDzpar3G6PGAB23hbmWnrcPendSnkX2SyFoEK2Vt"], "dm-5": ["dm-name-rl-var_tmp", "dm-uuid-LVM-CeXrvMnn2w61ko92c0LWzfLDRDzpar3G9savOieVk47QdEetHPRf1yOSpbZ4HVs4"], "dm-9": ["dm-name-rl-home", "dm-uuid-LVM-CeXrvMnn2w61ko92c0LWzfLDRDzpar3GK0LMQLwe81WbWnMqqZTfnFb9SCJvCT5d"], "dm-7": ["dm-name-rl-var_log", "dm-uuid-LVM-CeXrvMnn2w61ko92c0LWzfLDRDzpar3Gz8Qd5lqD9u3qXfF2SHRBB2uelpz3Lw3w"], "dm-4": ["dm-name-rl-tmp", "dm-uuid-LVM-CeXrvMnn2w61ko92c0LWzfLDRDzpar3GOxbOjERvKUtcnVtXx8FLWbyVbzWVdchI"], "dm-3": ["dm-name-rl-apps", "dm-uuid-LVM-CeXrvMnn2w61ko92c0LWzfLDRDzpar3Goq1FAQlPLzX3vJK1KLJp8hZtMpt2u7Az"], "dm-2": ["dm-name-rl-data", "dm-uuid-LVM-CeXrvMnn2w61ko92c0LWzfLDRDzpar3GxKJpPhpbYqkViwBmbaD09WikyEwsfYGl"], "sda2": ["scsi-36f4ee08073f3bc0067ab27bc527cf3b3-part2", "scsi-SDELL_RAID_00b3f37c52bc27ab6700bcf37380e04e-part2", "wwn-0x6f4ee08073f3bc0067ab27bc527cf3b3-part2"], "sda1": ["scsi-36f4ee08073f3bc0067ab27bc527cf3b3-part1", "scsi-SDELL_RAID_00b3f37c52bc27ab6700bcf37380e04e-part1", "wwn-0x6f4ee08073f3bc0067ab27bc527cf3b3-part1"], "sdb1": ["lvm-pv-uuid-s7eeCo-W8m4-DGRQ-nPSp-hIqg-V4XL-Kp2bd1", "scsi-36f4ee08073f3bc0067ab280dcb73ad59-part1", "scsi-SDELL_RAID_0059ad73cb0d28ab6700bcf37380e04e-part1", "wwn-0x6f4ee08073f3bc0067ab280dcb73ad59-part1"], "sdb": ["scsi-36f4ee08073f3bc0067ab280dcb73ad59", "scsi-SDELL_RAID_0059ad73cb0d28ab6700bcf37380e04e", "wwn-0x6f4ee08073f3bc0067ab280dcb73ad59"], "sda3": ["lvm-pv-uuid-WdJDxH-LRij-Ut9j-sBYj-pDcr-cBtM-a5g9CB", "scsi-36f4ee08073f3bc0067ab27bc527cf3b3-part3", "scsi-SDELL_RAID_00b3f37c52bc27ab6700bcf37380e04e-part3", "wwn-0x6f4ee08073f3bc0067ab27bc527cf3b3-part3"], "sda": ["scsi-36f4ee08073f3bc0067ab27bc527cf3b3", "scsi-SDELL_RAID_00b3f37c52bc27ab6700bcf37380e04e", "wwn-0x6f4ee08073f3bc0067ab27bc527cf3b3"], "dm-1": ["dm-name-rl-swap", "dm-uuid-LVM-CeXrvMnn2w61ko92c0LWzfLDRDzpar3GSbF8xMk6X59BuyC96cwSgCaUJE1Jnq2Y"], "dm-0": ["dm-name-rl-root", "dm-uuid-LVM-CeXrvMnn2w61ko92c0LWzfLDRDzpar3GOXnq2yj0SUGurmqXf3VUqySjvN4O9H4n"]}, "uuids": {"dm-8": ["79617299-89a5-4df5-aeb3-82ba776c98bb"], "dm-6": ["9f84d6b6-6be0-453a-aeab-93f5fa49bac6"], "dm-5": ["e7820231-3454-4480-9e4e-c59bb36fca82"], "dm-9": ["8c3ba351-2c34-4b21-83dc-cc13c6bb25e1"], "dm-7": ["2902febd-4f32-4c32-9e8a-19730d79425e"], "dm-4": ["3e381302-d7e0-4ab2-b391-88f16158fbb8"], "dm-3": ["4773b14c-08d9-4e89-87fa-6c7e15846df9"], "dm-2": ["7af93299-2d46-40c7-8b2a-fd0a22f86bac"], "dm-1": ["962ac972-e587-45eb-95a3-c96ea3806b4a"], "dm-0": ["87fed84d-30bc-4be8-b5a1-e1938afd2e34"], "sda1": ["8130-5BA9"], "sda2": ["48d742dc-3039-46b3-8e81-e7838075a52c"]}, "labels": {}, "masters": {"sda3": ["dm-0", "dm-1", "dm-2", "dm-3", "dm-4", "dm-5", "dm-6", "dm-7", "dm-8", "dm-9"], "sdb1": ["dm-3"]}}, "ansible_uptime_seconds": 1481027, "ansible_lvm": {"lvs": {"apps": {"size_g": "600.00", "vg": "rl"}, "data": {"size_g": "200.00", "vg": "rl"}, "home": {"size_g": "10.00", "vg": "rl"}, "root": {"size_g": "42.97", "vg": "rl"}, "swap": {"size_g": "8.00", "vg": "rl"}, "tmp": {"size_g": "10.00", "vg": "rl"}, "var": {"size_g": "5.00", "vg": "rl"}, "var_log": {"size_g": "5.00", "vg": "rl"}, "var_log_audit": {"size_g": "5.00", "vg": "rl"}, "var_tmp": {"size_g": "5.00", "vg": "rl"}}, "vgs": {"rl": {"size_g": "890.97", "free_g": "0", "num_lvs": "10", "num_pvs": "2"}}, "pvs": {"/dev/sda3": {"size_g": "444.48", "free_g": "0", "vg": "rl"}, "/dev/sdb1": {"size_g": "446.48", "free_g": "0", "vg": "rl"}}}, "ansible_mounts": [{"mount": "/", "device": "/dev/mapper/rl-root", "fstype": "ext4", "options": "rw,seclabel,relatime,stripe=4096", "size_total": 45089771520, "size_available": 25377120256, "block_size": 4096, "block_total": 11008245, "block_available": 6195586, "block_used": 4812659, "inode_total": 2818048, "inode_available": 2647222, "inode_used": 170826, "uuid": "87fed84d-30bc-4be8-b5a1-e1938afd2e34"}, {"mount": "/var", "device": "/dev/mapper/rl-var", "fstype": "ext4", "options": "rw,seclabel,nodev,relatime,stripe=4096", "size_total": 5196382208, "size_available": 3052126208, "block_size": 4096, "block_total": 1268648, "block_available": 745148, "block_used": 523500, "inode_total": 327680, "inode_available": 324815, "inode_used": 2865, "uuid": "79617299-89a5-4df5-aeb3-82ba776c98bb"}, {"mount": "/data", "device": "/dev/mapper/rl-data", "fstype": "ext4", "options": "rw,seclabel,nodev,relatime,stripe=4096", "size_total": 210241560576, "size_available": 198410956800, "block_size": 4096, "block_total": 51328506, "block_available": 48440175, "block_used": 2888331, "inode_total": 13107200, "inode_available": 13106620, "inode_used": 580, "uuid": "7af93299-2d46-40c7-8b2a-fd0a22f86bac"}, {"mount": "/tmp", "device": "/dev/mapper/rl-tmp", "fstype": "ext4", "options": "rw,seclabel,nosuid,nodev,noexec,relatime,stripe=4096", "size_total": 10464022528, "size_available": 9910050816, "block_size": 4096, "block_total": 2554693, "block_available": 2419446, "block_used": 135247, "inode_total": 655360, "inode_available": 655321, "inode_used": 39, "uuid": "3e381302-d7e0-4ab2-b391-88f16158fbb8"}, {"mount": "/boot", "device": "/dev/sda2", "fstype": "ext4", "options": "rw,seclabel,nosuid,nodev,relatime,stripe=4096", "size_total": 1020702720, "size_available": 609050624, "block_size": 4096, "block_total": 249195, "block_available": 148694, "block_used": 100501, "inode_total": 65536, "inode_available": 65500, "inode_used": 36, "uuid": "48d742dc-3039-46b3-8e81-e7838075a52c"}, {"mount": "/home", "device": "/dev/mapper/rl-home", "fstype": "ext4", "options": "rw,seclabel,nosuid,nodev,relatime,stripe=4096", "size_total": 10464022528, "size_available": 9372557312, "block_size": 4096, "block_total": 2554693, "block_available": 2288222, "block_used": 266471, "inode_total": 655360, "inode_available": 655017, "inode_used": 343, "uuid": "8c3ba351-2c34-4b21-83dc-cc13c6bb25e1"}, {"mount": "/apps", "device": "/dev/mapper/rl-apps", "fstype": "ext4", "options": "rw,seclabel,nodev,relatime,stripe=4096", "size_total": 632984600576, "size_available": 534499438592, "block_size": 4096, "block_total": 154537256, "block_available": 130493027, "block_used": 24044229, "inode_total": 39321600, "inode_available": 39108383, "inode_used": 213217, "uuid": "4773b14c-08d9-4e89-87fa-6c7e15846df9"}, {"mount": "/var/tmp", "device": "/dev/mapper/rl-var_tmp", "fstype": "ext4", "options": "rw,seclabel,nosuid,nodev,noexec,relatime,stripe=4096", "size_total": 5196382208, "size_available": 4911104000, "block_size": 4096, "block_total": 1268648, "block_available": 1199000, "block_used": 69648, "inode_total": 327680, "inode_available": 327659, "inode_used": 21, "uuid": "e7820231-3454-4480-9e4e-c59bb36fca82"}, {"mount": "/var/log", "device": "/dev/mapper/rl-var_log", "fstype": "ext4", "options": "rw,seclabel,nosuid,nodev,noexec,relatime,stripe=4096", "size_total": 5196382208, "size_available": 4586766336, "block_size": 4096, "block_total": 1268648, "block_available": 1119816, "block_used": 148832, "inode_total": 327680, "inode_available": 327589, "inode_used": 91, "uuid": "2902febd-4f32-4c32-9e8a-19730d79425e"}, {"mount": "/var/log/audit", "device": "/dev/mapper/rl-var_log_audit", "fstype": "ext4", "options": "rw,seclabel,nosuid,nodev,noexec,relatime,stripe=4096", "size_total": 5196382208, "size_available": 4870995968, "block_size": 4096, "block_total": 1268648, "block_available": 1189208, "block_used": 79440, "inode_total": 327680, "inode_available": 327664, "inode_used": 16, "uuid": "9f84d6b6-6be0-453a-aeab-93f5fa49bac6"}, {"mount": "/boot/efi", "device": "/dev/sda1", "fstype": "vfat", "options": "rw,nodev,relatime,fmask=0077,dmask=0077,codepage=437,iocharset=ascii,shortname=winnt,errors=remount-ro", "size_total": 1071513600, "size_available": 1065431040, "block_size": 4096, "block_total": 261600, "block_available": 260115, "block_used": 1485, "inode_total": 0, "inode_available": 0, "inode_used": 0, "uuid": "8130-5BA9"}], "ansible_interfaces": ["eno8303", "lo", "eno12409np1", "eno12399np0", "ens6f1", "ens6f2", "bond0", "ens6f3", "eno8403", "ens6f0"], "ansible_eno8303": {"device": "eno8303", "macaddress": "c4:cb:e1:cf:dc:32", "mtu": 1500, "active": false, "module": "tg3", "type": "ether", "pciid": "0000:01:00.0", "speed": -1, "promisc": false, "features": {"rx_checksumming": "on", "tx_checksumming": "on", "tx_checksum_ipv4": "on", "tx_checksum_ip_generic": "off [fixed]", "tx_checksum_ipv6": "on", "tx_checksum_fcoe_crc": "off [fixed]", "tx_checksum_sctp": "off [fixed]", "scatter_gather": "on", "tx_scatter_gather": "on", "tx_scatter_gather_fraglist": "off [fixed]", "tcp_segmentation_offload": "on", "tx_tcp_segmentation": "on", "tx_tcp_ecn_segmentation": "on", "tx_tcp_mangleid_segmentation": "off", "tx_tcp6_segmentation": "on", "generic_segmentation_offload": "on", "generic_receive_offload": "on", "large_receive_offload": "off [fixed]", "rx_vlan_offload": "on [fixed]", "tx_vlan_offload": "on [fixed]", "ntuple_filters": "off [fixed]", "receive_hashing": "off [fixed]", "highdma": "on", "rx_vlan_filter": "off [fixed]", "vlan_challenged": "off [fixed]", "tx_lockless": "off [fixed]", "netns_local": "off [fixed]", "tx_gso_robust": "off [fixed]", "tx_fcoe_segmentation": "off [fixed]", "tx_gre_segmentation": "off [fixed]", "tx_gre_csum_segmentation": "off [fixed]", "tx_ipxip4_segmentation": "off [fixed]", "tx_ipxip6_segmentation": "off [fixed]", "tx_udp_tnl_segmentation": "off [fixed]", "tx_udp_tnl_csum_segmentation": "off [fixed]", "tx_gso_partial": "off [fixed]", "tx_tunnel_remcsum_segmentation": "off [fixed]", "tx_sctp_segmentation": "off [fixed]", "tx_esp_segmentation": "off [fixed]", "tx_udp_segmentation": "off [fixed]", "tx_gso_list": "off [fixed]", "rx_udp_gro_forwarding": "off", "rx_gro_list": "off", "tls_hw_rx_offload": "off [fixed]", "fcoe_mtu": "off [fixed]", "tx_nocache_copy": "off", "loopback": "off [fixed]", "rx_fcs": "off [fixed]", "rx_all": "off [fixed]", "tx_vlan_stag_hw_insert": "off [fixed]", "rx_vlan_stag_hw_parse": "off [fixed]", "rx_vlan_stag_filter": "off [fixed]", "l2_fwd_offload": "off [fixed]", "hw_tc_offload": "off [fixed]", "esp_hw_offload": "off [fixed]", "esp_tx_csum_hw_offload": "off [fixed]", "rx_udp_tunnel_port_offload": "off [fixed]", "tls_hw_tx_offload": "off [fixed]", "rx_gro_hw": "off [fixed]", "tls_hw_record": "off [fixed]"}, "timestamping": [], "hw_timestamp_filters": [], "phc_index": 0}, "ansible_bond0": {"device": "bond0", "macaddress": "c4:cb:e1:cf:dc:32", "mtu": 1500, "active": true, "type": "bonding", "slaves": ["eno12399np0", "eno12409np1"], "mode": "802.3ad", "miimon": "100", "lacp_rate": "slow", "speed": 1000, "promisc": false, "ipv4": {"address": "192.168.132.183", "broadcast": "192.168.133.255", "netmask": "255.255.254.0", "network": "192.168.132.0"}, "ipv6": [{"address": "fe80::3388:3818:dc8:2c74", "prefix": "64", "scope": "link"}], "features": {"rx_checksumming": "off [fixed]", "tx_checksumming": "on", "tx_checksum_ipv4": "off [fixed]", "tx_checksum_ip_generic": "on", "tx_checksum_ipv6": "off [fixed]", "tx_checksum_fcoe_crc": "off [fixed]", "tx_checksum_sctp": "off [fixed]", "scatter_gather": "on", "tx_scatter_gather": "on", "tx_scatter_gather_fraglist": "off [requested on]", "tcp_segmentation_offload": "on", "tx_tcp_segmentation": "on", "tx_tcp_ecn_segmentation": "on", "tx_tcp_mangleid_segmentation": "on", "tx_tcp6_segmentation": "on", "generic_segmentation_offload": "on", "generic_receive_offload": "on", "large_receive_offload": "off", "rx_vlan_offload": "on", "tx_vlan_offload": "on [fixed]", "ntuple_filters": "off [fixed]", "receive_hashing": "off [fixed]", "highdma": "on", "rx_vlan_filter": "on", "vlan_challenged": "off [fixed]", "tx_lockless": "on [fixed]", "netns_local": "on [fixed]", "tx_gso_robust": "off [fixed]", "tx_fcoe_segmentation": "off [fixed]", "tx_gre_segmentation": "on", "tx_gre_csum_segmentation": "on", "tx_ipxip4_segmentation": "on", "tx_ipxip6_segmentation": "on", "tx_udp_tnl_segmentation": "on", "tx_udp_tnl_csum_segmentation": "on", "tx_gso_partial": "off [fixed]", "tx_tunnel_remcsum_segmentation": "off [fixed]", "tx_sctp_segmentation": "off [requested on]", "tx_esp_segmentation": "off", "tx_udp_segmentation": "off [requested on]", "tx_gso_list": "off [requested on]", "rx_udp_gro_forwarding": "off", "rx_gro_list": "off", "tls_hw_rx_offload": "off [fixed]", "fcoe_mtu": "off [fixed]", "tx_nocache_copy": "off", "loopback": "off [fixed]", "rx_fcs": "off [fixed]", "rx_all": "off [fixed]", "tx_vlan_stag_hw_insert": "on [fixed]", "rx_vlan_stag_hw_parse": "on", "rx_vlan_stag_filter": "on", "l2_fwd_offload": "off [fixed]", "hw_tc_offload": "off [fixed]", "esp_hw_offload": "off", "esp_tx_csum_hw_offload": "off", "rx_udp_tunnel_port_offload": "off [fixed]", "tls_hw_tx_offload": "off [fixed]", "rx_gro_hw": "off [fixed]", "tls_hw_record": "off [fixed]"}, "timestamping": [], "hw_timestamp_filters": []}, "ansible_lo": {"device": "lo", "mtu": 65536, "active": true, "type": "loopback", "promisc": false, "ipv4": {"address": "127.0.0.1", "broadcast": "", "netmask": "255.0.0.0", "network": "127.0.0.0"}, "ipv6": [{"address": "::1", "prefix": "128", "scope": "host"}], "features": {"rx_checksumming": "on [fixed]", "tx_checksumming": "on", "tx_checksum_ipv4": "off [fixed]", "tx_checksum_ip_generic": "on [fixed]", "tx_checksum_ipv6": "off [fixed]", "tx_checksum_fcoe_crc": "off [fixed]", "tx_checksum_sctp": "on [fixed]", "scatter_gather": "on", "tx_scatter_gather": "on [fixed]", "tx_scatter_gather_fraglist": "on [fixed]", "tcp_segmentation_offload": "on", "tx_tcp_segmentation": "on", "tx_tcp_ecn_segmentation": "on", "tx_tcp_mangleid_segmentation": "on", "tx_tcp6_segmentation": "on", "generic_segmentation_offload": "on", "generic_receive_offload": "on", "large_receive_offload": "off [fixed]", "rx_vlan_offload": "off [fixed]", "tx_vlan_offload": "off [fixed]", "ntuple_filters": "off [fixed]", "receive_hashing": "off [fixed]", "highdma": "on [fixed]", "rx_vlan_filter": "off [fixed]", "vlan_challenged": "on [fixed]", "tx_lockless": "on [fixed]", "netns_local": "on [fixed]", "tx_gso_robust": "off [fixed]", "tx_fcoe_segmentation": "off [fixed]", "tx_gre_segmentation": "off [fixed]", "tx_gre_csum_segmentation": "off [fixed]", "tx_ipxip4_segmentation": "off [fixed]", "tx_ipxip6_segmentation": "off [fixed]", "tx_udp_tnl_segmentation": "off [fixed]", "tx_udp_tnl_csum_segmentation": "off [fixed]", "tx_gso_partial": "off [fixed]", "tx_tunnel_remcsum_segmentation": "off [fixed]", "tx_sctp_segmentation": "on", "tx_esp_segmentation": "off [fixed]", "tx_udp_segmentation": "on", "tx_gso_list": "on", "rx_udp_gro_forwarding": "off", "rx_gro_list": "off", "tls_hw_rx_offload": "off [fixed]", "fcoe_mtu": "off [fixed]", "tx_nocache_copy": "off [fixed]", "loopback": "on [fixed]", "rx_fcs": "off [fixed]", "rx_all": "off [fixed]", "tx_vlan_stag_hw_insert": "off [fixed]", "rx_vlan_stag_hw_parse": "off [fixed]", "rx_vlan_stag_filter": "off [fixed]", "l2_fwd_offload": "off [fixed]", "hw_tc_offload": "off [fixed]", "esp_hw_offload": "off [fixed]", "esp_tx_csum_hw_offload": "off [fixed]", "rx_udp_tunnel_port_offload": "off [fixed]", "tls_hw_tx_offload": "off [fixed]", "rx_gro_hw": "off [fixed]", "tls_hw_record": "off [fixed]"}, "timestamping": [], "hw_timestamp_filters": []}, "ansible_ens6f2": {"device": "ens6f2", "macaddress": "d4:04:e6:fd:5b:22", "mtu": 1500, "active": false, "module": "tg3", "type": "ether", "pciid": "0000:8b:00.2", "speed": -1, "promisc": false, "features": {"rx_checksumming": "on", "tx_checksumming": "on", "tx_checksum_ipv4": "on", "tx_checksum_ip_generic": "off [fixed]", "tx_checksum_ipv6": "on", "tx_checksum_fcoe_crc": "off [fixed]", "tx_checksum_sctp": "off [fixed]", "scatter_gather": "on", "tx_scatter_gather": "on", "tx_scatter_gather_fraglist": "off [fixed]", "tcp_segmentation_offload": "on", "tx_tcp_segmentation": "on", "tx_tcp_ecn_segmentation": "on", "tx_tcp_mangleid_segmentation": "off", "tx_tcp6_segmentation": "on", "generic_segmentation_offload": "on", "generic_receive_offload": "on", "large_receive_offload": "off [fixed]", "rx_vlan_offload": "on [fixed]", "tx_vlan_offload": "on [fixed]", "ntuple_filters": "off [fixed]", "receive_hashing": "off [fixed]", "highdma": "on", "rx_vlan_filter": "off [fixed]", "vlan_challenged": "off [fixed]", "tx_lockless": "off [fixed]", "netns_local": "off [fixed]", "tx_gso_robust": "off [fixed]", "tx_fcoe_segmentation": "off [fixed]", "tx_gre_segmentation": "off [fixed]", "tx_gre_csum_segmentation": "off [fixed]", "tx_ipxip4_segmentation": "off [fixed]", "tx_ipxip6_segmentation": "off [fixed]", "tx_udp_tnl_segmentation": "off [fixed]", "tx_udp_tnl_csum_segmentation": "off [fixed]", "tx_gso_partial": "off [fixed]", "tx_tunnel_remcsum_segmentation": "off [fixed]", "tx_sctp_segmentation": "off [fixed]", "tx_esp_segmentation": "off [fixed]", "tx_udp_segmentation": "off [fixed]", "tx_gso_list": "off [fixed]", "rx_udp_gro_forwarding": "off", "rx_gro_list": "off", "tls_hw_rx_offload": "off [fixed]", "fcoe_mtu": "off [fixed]", "tx_nocache_copy": "off", "loopback": "off [fixed]", "rx_fcs": "off [fixed]", "rx_all": "off [fixed]", "tx_vlan_stag_hw_insert": "off [fixed]", "rx_vlan_stag_hw_parse": "off [fixed]", "rx_vlan_stag_filter": "off [fixed]", "l2_fwd_offload": "off [fixed]", "hw_tc_offload": "off [fixed]", "esp_hw_offload": "off [fixed]", "esp_tx_csum_hw_offload": "off [fixed]", "rx_udp_tunnel_port_offload": "off [fixed]", "tls_hw_tx_offload": "off [fixed]", "rx_gro_hw": "off [fixed]", "tls_hw_record": "off [fixed]"}, "timestamping": [], "hw_timestamp_filters": [], "phc_index": 4}, "ansible_ens6f0": {"device": "ens6f0", "macaddress": "d4:04:e6:fd:5b:20", "mtu": 1500, "active": false, "module": "tg3", "type": "ether", "pciid": "0000:8b:00.0", "speed": -1, "promisc": false, "features": {"rx_checksumming": "on", "tx_checksumming": "on", "tx_checksum_ipv4": "on", "tx_checksum_ip_generic": "off [fixed]", "tx_checksum_ipv6": "on", "tx_checksum_fcoe_crc": "off [fixed]", "tx_checksum_sctp": "off [fixed]", "scatter_gather": "on", "tx_scatter_gather": "on", "tx_scatter_gather_fraglist": "off [fixed]", "tcp_segmentation_offload": "on", "tx_tcp_segmentation": "on", "tx_tcp_ecn_segmentation": "on", "tx_tcp_mangleid_segmentation": "off", "tx_tcp6_segmentation": "on", "generic_segmentation_offload": "on", "generic_receive_offload": "on", "large_receive_offload": "off [fixed]", "rx_vlan_offload": "on [fixed]", "tx_vlan_offload": "on [fixed]", "ntuple_filters": "off [fixed]", "receive_hashing": "off [fixed]", "highdma": "on", "rx_vlan_filter": "off [fixed]", "vlan_challenged": "off [fixed]", "tx_lockless": "off [fixed]", "netns_local": "off [fixed]", "tx_gso_robust": "off [fixed]", "tx_fcoe_segmentation": "off [fixed]", "tx_gre_segmentation": "off [fixed]", "tx_gre_csum_segmentation": "off [fixed]", "tx_ipxip4_segmentation": "off [fixed]", "tx_ipxip6_segmentation": "off [fixed]", "tx_udp_tnl_segmentation": "off [fixed]", "tx_udp_tnl_csum_segmentation": "off [fixed]", "tx_gso_partial": "off [fixed]", "tx_tunnel_remcsum_segmentation": "off [fixed]", "tx_sctp_segmentation": "off [fixed]", "tx_esp_segmentation": "off [fixed]", "tx_udp_segmentation": "off [fixed]", "tx_gso_list": "off [fixed]", "rx_udp_gro_forwarding": "off", "rx_gro_list": "off", "tls_hw_rx_offload": "off [fixed]", "fcoe_mtu": "off [fixed]", "tx_nocache_copy": "off", "loopback": "off [fixed]", "rx_fcs": "off [fixed]", "rx_all": "off [fixed]", "tx_vlan_stag_hw_insert": "off [fixed]", "rx_vlan_stag_hw_parse": "off [fixed]", "rx_vlan_stag_filter": "off [fixed]", "l2_fwd_offload": "off [fixed]", "hw_tc_offload": "off [fixed]", "esp_hw_offload": "off [fixed]", "esp_tx_csum_hw_offload": "off [fixed]", "rx_udp_tunnel_port_offload": "off [fixed]", "tls_hw_tx_offload": "off [fixed]", "rx_gro_hw": "off [fixed]", "tls_hw_record": "off [fixed]"}, "timestamping": [], "hw_timestamp_filters": [], "phc_index": 2}, "ansible_eno12409np1": {"device": "eno12409np1", "macaddress": "c4:cb:e1:cf:dc:32", "mtu": 1500, "active": true, "module": "bnxt_en", "type": "ether", "perm_macaddress": "d4:04:e6:1f:87:61", "pciid": "0000:22:00.1", "speed": 1000, "promisc": false, "features": {"rx_checksumming": "on", "tx_checksumming": "on", "tx_checksum_ipv4": "on", "tx_checksum_ip_generic": "off [fixed]", "tx_checksum_ipv6": "on", "tx_checksum_fcoe_crc": "off [fixed]", "tx_checksum_sctp": "off [fixed]", "scatter_gather": "on", "tx_scatter_gather": "on", "tx_scatter_gather_fraglist": "off [fixed]", "tcp_segmentation_offload": "on", "tx_tcp_segmentation": "on", "tx_tcp_ecn_segmentation": "off [fixed]", "tx_tcp_mangleid_segmentation": "off", "tx_tcp6_segmentation": "on", "generic_segmentation_offload": "on", "generic_receive_offload": "on", "large_receive_offload": "off", "rx_vlan_offload": "on", "tx_vlan_offload": "on", "ntuple_filters": "on", "receive_hashing": "on", "highdma": "on [fixed]", "rx_vlan_filter": "off [fixed]", "vlan_challenged": "off [fixed]", "tx_lockless": "off [fixed]", "netns_local": "off [fixed]", "tx_gso_robust": "off [fixed]", "tx_fcoe_segmentation": "off [fixed]", "tx_gre_segmentation": "on", "tx_gre_csum_segmentation": "on", "tx_ipxip4_segmentation": "on", "tx_ipxip6_segmentation": "off [fixed]", "tx_udp_tnl_segmentation": "on", "tx_udp_tnl_csum_segmentation": "on", "tx_gso_partial": "on", "tx_tunnel_remcsum_segmentation": "off [fixed]", "tx_sctp_segmentation": "off [fixed]", "tx_esp_segmentation": "off [fixed]", "tx_udp_segmentation": "off [fixed]", "tx_gso_list": "off [fixed]", "rx_udp_gro_forwarding": "off", "rx_gro_list": "off", "tls_hw_rx_offload": "off [fixed]", "fcoe_mtu": "off [fixed]", "tx_nocache_copy": "off", "loopback": "off [fixed]", "rx_fcs": "off [fixed]", "rx_all": "off [fixed]", "tx_vlan_stag_hw_insert": "on", "rx_vlan_stag_hw_parse": "on", "rx_vlan_stag_filter": "off [fixed]", "l2_fwd_offload": "off [fixed]", "hw_tc_offload": "off", "esp_hw_offload": "off [fixed]", "esp_tx_csum_hw_offload": "off [fixed]", "rx_udp_tunnel_port_offload": "on", "tls_hw_tx_offload": "off [fixed]", "rx_gro_hw": "on", "tls_hw_record": "off [fixed]"}, "timestamping": [], "hw_timestamp_filters": []}, "ansible_eno8403": {"device": "eno8403", "macaddress": "c4:cb:e1:cf:dc:33", "mtu": 1500, "active": false, "module": "tg3", "type": "ether", "pciid": "0000:01:00.1", "speed": -1, "promisc": false, "features": {"rx_checksumming": "on", "tx_checksumming": "on", "tx_checksum_ipv4": "on", "tx_checksum_ip_generic": "off [fixed]", "tx_checksum_ipv6": "on", "tx_checksum_fcoe_crc": "off [fixed]", "tx_checksum_sctp": "off [fixed]", "scatter_gather": "on", "tx_scatter_gather": "on", "tx_scatter_gather_fraglist": "off [fixed]", "tcp_segmentation_offload": "on", "tx_tcp_segmentation": "on", "tx_tcp_ecn_segmentation": "on", "tx_tcp_mangleid_segmentation": "off", "tx_tcp6_segmentation": "on", "generic_segmentation_offload": "on", "generic_receive_offload": "on", "large_receive_offload": "off [fixed]", "rx_vlan_offload": "on [fixed]", "tx_vlan_offload": "on [fixed]", "ntuple_filters": "off [fixed]", "receive_hashing": "off [fixed]", "highdma": "on", "rx_vlan_filter": "off [fixed]", "vlan_challenged": "off [fixed]", "tx_lockless": "off [fixed]", "netns_local": "off [fixed]", "tx_gso_robust": "off [fixed]", "tx_fcoe_segmentation": "off [fixed]", "tx_gre_segmentation": "off [fixed]", "tx_gre_csum_segmentation": "off [fixed]", "tx_ipxip4_segmentation": "off [fixed]", "tx_ipxip6_segmentation": "off [fixed]", "tx_udp_tnl_segmentation": "off [fixed]", "tx_udp_tnl_csum_segmentation": "off [fixed]", "tx_gso_partial": "off [fixed]", "tx_tunnel_remcsum_segmentation": "off [fixed]", "tx_sctp_segmentation": "off [fixed]", "tx_esp_segmentation": "off [fixed]", "tx_udp_segmentation": "off [fixed]", "tx_gso_list": "off [fixed]", "rx_udp_gro_forwarding": "off", "rx_gro_list": "off", "tls_hw_rx_offload": "off [fixed]", "fcoe_mtu": "off [fixed]", "tx_nocache_copy": "off", "loopback": "off [fixed]", "rx_fcs": "off [fixed]", "rx_all": "off [fixed]", "tx_vlan_stag_hw_insert": "off [fixed]", "rx_vlan_stag_hw_parse": "off [fixed]", "rx_vlan_stag_filter": "off [fixed]", "l2_fwd_offload": "off [fixed]", "hw_tc_offload": "off [fixed]", "esp_hw_offload": "off [fixed]", "esp_tx_csum_hw_offload": "off [fixed]", "rx_udp_tunnel_port_offload": "off [fixed]", "tls_hw_tx_offload": "off [fixed]", "rx_gro_hw": "off [fixed]", "tls_hw_record": "off [fixed]"}, "timestamping": [], "hw_timestamp_filters": [], "phc_index": 1}, "ansible_eno12399np0": {"device": "eno12399np0", "macaddress": "c4:cb:e1:cf:dc:32", "mtu": 1500, "active": false, "module": "bnxt_en", "type": "ether", "perm_macaddress": "d4:04:e6:1f:87:60", "pciid": "0000:22:00.0", "speed": -1, "promisc": false, "features": {"rx_checksumming": "on", "tx_checksumming": "on", "tx_checksum_ipv4": "on", "tx_checksum_ip_generic": "off [fixed]", "tx_checksum_ipv6": "on", "tx_checksum_fcoe_crc": "off [fixed]", "tx_checksum_sctp": "off [fixed]", "scatter_gather": "on", "tx_scatter_gather": "on", "tx_scatter_gather_fraglist": "off [fixed]", "tcp_segmentation_offload": "on", "tx_tcp_segmentation": "on", "tx_tcp_ecn_segmentation": "off [fixed]", "tx_tcp_mangleid_segmentation": "off", "tx_tcp6_segmentation": "on", "generic_segmentation_offload": "on", "generic_receive_offload": "on", "large_receive_offload": "off", "rx_vlan_offload": "on", "tx_vlan_offload": "on", "ntuple_filters": "on", "receive_hashing": "on", "highdma": "on [fixed]", "rx_vlan_filter": "off [fixed]", "vlan_challenged": "off [fixed]", "tx_lockless": "off [fixed]", "netns_local": "off [fixed]", "tx_gso_robust": "off [fixed]", "tx_fcoe_segmentation": "off [fixed]", "tx_gre_segmentation": "on", "tx_gre_csum_segmentation": "on", "tx_ipxip4_segmentation": "on", "tx_ipxip6_segmentation": "off [fixed]", "tx_udp_tnl_segmentation": "on", "tx_udp_tnl_csum_segmentation": "on", "tx_gso_partial": "on", "tx_tunnel_remcsum_segmentation": "off [fixed]", "tx_sctp_segmentation": "off [fixed]", "tx_esp_segmentation": "off [fixed]", "tx_udp_segmentation": "off [fixed]", "tx_gso_list": "off [fixed]", "rx_udp_gro_forwarding": "off", "rx_gro_list": "off", "tls_hw_rx_offload": "off [fixed]", "fcoe_mtu": "off [fixed]", "tx_nocache_copy": "off", "loopback": "off [fixed]", "rx_fcs": "off [fixed]", "rx_all": "off [fixed]", "tx_vlan_stag_hw_insert": "on", "rx_vlan_stag_hw_parse": "on", "rx_vlan_stag_filter": "off [fixed]", "l2_fwd_offload": "off [fixed]", "hw_tc_offload": "off", "esp_hw_offload": "off [fixed]", "esp_tx_csum_hw_offload": "off [fixed]", "rx_udp_tunnel_port_offload": "on", "tls_hw_tx_offload": "off [fixed]", "rx_gro_hw": "on", "tls_hw_record": "off [fixed]"}, "timestamping": [], "hw_timestamp_filters": []}, "ansible_ens6f3": {"device": "ens6f3", "macaddress": "d4:04:e6:fd:5b:23", "mtu": 1500, "active": false, "module": "tg3", "type": "ether", "pciid": "0000:8b:00.3", "speed": -1, "promisc": false, "features": {"rx_checksumming": "on", "tx_checksumming": "on", "tx_checksum_ipv4": "on", "tx_checksum_ip_generic": "off [fixed]", "tx_checksum_ipv6": "on", "tx_checksum_fcoe_crc": "off [fixed]", "tx_checksum_sctp": "off [fixed]", "scatter_gather": "on", "tx_scatter_gather": "on", "tx_scatter_gather_fraglist": "off [fixed]", "tcp_segmentation_offload": "on", "tx_tcp_segmentation": "on", "tx_tcp_ecn_segmentation": "on", "tx_tcp_mangleid_segmentation": "off", "tx_tcp6_segmentation": "on", "generic_segmentation_offload": "on", "generic_receive_offload": "on", "large_receive_offload": "off [fixed]", "rx_vlan_offload": "on [fixed]", "tx_vlan_offload": "on [fixed]", "ntuple_filters": "off [fixed]", "receive_hashing": "off [fixed]", "highdma": "on", "rx_vlan_filter": "off [fixed]", "vlan_challenged": "off [fixed]", "tx_lockless": "off [fixed]", "netns_local": "off [fixed]", "tx_gso_robust": "off [fixed]", "tx_fcoe_segmentation": "off [fixed]", "tx_gre_segmentation": "off [fixed]", "tx_gre_csum_segmentation": "off [fixed]", "tx_ipxip4_segmentation": "off [fixed]", "tx_ipxip6_segmentation": "off [fixed]", "tx_udp_tnl_segmentation": "off [fixed]", "tx_udp_tnl_csum_segmentation": "off [fixed]", "tx_gso_partial": "off [fixed]", "tx_tunnel_remcsum_segmentation": "off [fixed]", "tx_sctp_segmentation": "off [fixed]", "tx_esp_segmentation": "off [fixed]", "tx_udp_segmentation": "off [fixed]", "tx_gso_list": "off [fixed]", "rx_udp_gro_forwarding": "off", "rx_gro_list": "off", "tls_hw_rx_offload": "off [fixed]", "fcoe_mtu": "off [fixed]", "tx_nocache_copy": "off", "loopback": "off [fixed]", "rx_fcs": "off [fixed]", "rx_all": "off [fixed]", "tx_vlan_stag_hw_insert": "off [fixed]", "rx_vlan_stag_hw_parse": "off [fixed]", "rx_vlan_stag_filter": "off [fixed]", "l2_fwd_offload": "off [fixed]", "hw_tc_offload": "off [fixed]", "esp_hw_offload": "off [fixed]", "esp_tx_csum_hw_offload": "off [fixed]", "rx_udp_tunnel_port_offload": "off [fixed]", "tls_hw_tx_offload": "off [fixed]", "rx_gro_hw": "off [fixed]", "tls_hw_record": "off [fixed]"}, "timestamping": [], "hw_timestamp_filters": [], "phc_index": 5}, "ansible_ens6f1": {"device": "ens6f1", "macaddress": "d4:04:e6:fd:5b:21", "mtu": 1500, "active": false, "module": "tg3", "type": "ether", "pciid": "0000:8b:00.1", "speed": -1, "promisc": false, "features": {"rx_checksumming": "on", "tx_checksumming": "on", "tx_checksum_ipv4": "on", "tx_checksum_ip_generic": "off [fixed]", "tx_checksum_ipv6": "on", "tx_checksum_fcoe_crc": "off [fixed]", "tx_checksum_sctp": "off [fixed]", "scatter_gather": "on", "tx_scatter_gather": "on", "tx_scatter_gather_fraglist": "off [fixed]", "tcp_segmentation_offload": "on", "tx_tcp_segmentation": "on", "tx_tcp_ecn_segmentation": "on", "tx_tcp_mangleid_segmentation": "off", "tx_tcp6_segmentation": "on", "generic_segmentation_offload": "on", "generic_receive_offload": "on", "large_receive_offload": "off [fixed]", "rx_vlan_offload": "on [fixed]", "tx_vlan_offload": "on [fixed]", "ntuple_filters": "off [fixed]", "receive_hashing": "off [fixed]", "highdma": "on", "rx_vlan_filter": "off [fixed]", "vlan_challenged": "off [fixed]", "tx_lockless": "off [fixed]", "netns_local": "off [fixed]", "tx_gso_robust": "off [fixed]", "tx_fcoe_segmentation": "off [fixed]", "tx_gre_segmentation": "off [fixed]", "tx_gre_csum_segmentation": "off [fixed]", "tx_ipxip4_segmentation": "off [fixed]", "tx_ipxip6_segmentation": "off [fixed]", "tx_udp_tnl_segmentation": "off [fixed]", "tx_udp_tnl_csum_segmentation": "off [fixed]", "tx_gso_partial": "off [fixed]", "tx_tunnel_remcsum_segmentation": "off [fixed]", "tx_sctp_segmentation": "off [fixed]", "tx_esp_segmentation": "off [fixed]", "tx_udp_segmentation": "off [fixed]", "tx_gso_list": "off [fixed]", "rx_udp_gro_forwarding": "off", "rx_gro_list": "off", "tls_hw_rx_offload": "off [fixed]", "fcoe_mtu": "off [fixed]", "tx_nocache_copy": "off", "loopback": "off [fixed]", "rx_fcs": "off [fixed]", "rx_all": "off [fixed]", "tx_vlan_stag_hw_insert": "off [fixed]", "rx_vlan_stag_hw_parse": "off [fixed]", "rx_vlan_stag_filter": "off [fixed]", "l2_fwd_offload": "off [fixed]", "hw_tc_offload": "off [fixed]", "esp_hw_offload": "off [fixed]", "esp_tx_csum_hw_offload": "off [fixed]", "rx_udp_tunnel_port_offload": "off [fixed]", "tls_hw_tx_offload": "off [fixed]", "rx_gro_hw": "off [fixed]", "tls_hw_record": "off [fixed]"}, "timestamping": [], "hw_timestamp_filters": [], "phc_index": 3}, "ansible_default_ipv4": {"gateway": "192.168.132.1", "interface": "bond0", "address": "192.168.132.183", "broadcast": "192.168.133.255", "netmask": "255.255.254.0", "network": "192.168.132.0", "macaddress": "c4:cb:e1:cf:dc:32", "mtu": 1500, "type": "bonding", "alias": "bond0"}, "ansible_default_ipv6": {}, "ansible_all_ipv4_addresses": ["192.168.132.183"], "ansible_all_ipv6_addresses": ["fe80::3388:3818:dc8:2c74"], "ansible_iscsi_iqn": "iqn.1994-05.com.redhat:35bd896a517", "ansible_pkg_mgr": "dnf", "ansible_service_mgr": "systemd", "gather_subset": ["all"], "module_setup": true}, "invocation": {"module_args": {"gather_subset": ["all"], "gather_timeout": 10, "filter": "*", "fact_path": "/etc/ansible/facts.d"}}}\r\n', b'Shared connection to 192.168.132.183 closed.\r\n')
2025-03-24 08:37:43,308 p=3321 u=dmeta n=ansible | <192.168.132.183> ESTABLISH SSH CONNECTION FOR USER: dmeta
2025-03-24 08:37:43,309 p=3321 u=dmeta n=ansible | <192.168.132.183> SSH: EXEC sshpass -d11 ssh -C -o ControlMaster=auto -o ControlPersist=60s -o StrictHostKeyChecking=no -o 'User="dmeta"' -o ConnectTimeout=60 -o ControlPath=/home/dmeta/.ansible/cp/b043375dca 192.168.132.183 '/bin/sh -c '"'"'rm -f -r /home/dmeta/.ansible/tmp/ansible-tmp-1742805461.6248424-3321-11011410370664/ > /dev/null 2>&1 && sleep 0'"'"''
2025-03-24 08:37:43,414 p=3321 u=dmeta n=ansible | <192.168.132.183> (0, b'', b'')
2025-03-24 08:37:43,426 p=3318 u=dmeta n=ansible | TASK [Gathering Facts] ***********************************************************************************************************
2025-03-24 08:37:43,426 p=3318 u=dmeta n=ansible | ok: [arteva1]
2025-03-24 08:37:43,431 p=3318 u=dmeta n=ansible | META: ran handlers
2025-03-24 08:37:43,446 p=3344 u=dmeta n=ansible | <192.168.132.183> ESTABLISH SSH CONNECTION FOR USER: dmeta
2025-03-24 08:37:43,449 p=3344 u=dmeta n=ansible | <192.168.132.183> SSH: EXEC sshpass -d11 ssh -C -o ControlMaster=auto -o ControlPersist=60s -o StrictHostKeyChecking=no -o 'User="dmeta"' -o ConnectTimeout=60 -o ControlPath=/home/dmeta/.ansible/cp/b043375dca 192.168.132.183 '/bin/sh -c '"'"'echo ~dmeta && sleep 0'"'"''
2025-03-24 08:37:43,526 p=3344 u=dmeta n=ansible | <192.168.132.183> (0, b'/home/dmeta\n', b'')
2025-03-24 08:37:43,526 p=3344 u=dmeta n=ansible | <192.168.132.183> ESTABLISH SSH CONNECTION FOR USER: dmeta
2025-03-24 08:37:43,527 p=3344 u=dmeta n=ansible | <192.168.132.183> SSH: EXEC sshpass -d11 ssh -C -o ControlMaster=auto -o ControlPersist=60s -o StrictHostKeyChecking=no -o 'User="dmeta"' -o ConnectTimeout=60 -o ControlPath=/home/dmeta/.ansible/cp/b043375dca 192.168.132.183 '/bin/sh -c '"'"'( umask 77 && mkdir -p "` echo /home/dmeta/.ansible/tmp `"&& mkdir "` echo /home/dmeta/.ansible/tmp/ansible-tmp-1742805463.5263536-3344-106723952095316 `" && echo ansible-tmp-1742805463.5263536-3344-106723952095316="` echo /home/dmeta/.ansible/tmp/ansible-tmp-1742805463.5263536-3344-106723952095316 `" ) && sleep 0'"'"''
2025-03-24 08:37:43,631 p=3344 u=dmeta n=ansible | <192.168.132.183> (0, b'ansible-tmp-1742805463.5263536-3344-106723952095316=/home/dmeta/.ansible/tmp/ansible-tmp-1742805463.5263536-3344-106723952095316\n', b'')
2025-03-24 08:37:43,682 p=3344 u=dmeta n=ansible | Using module file /home/dmeta/.local/lib/python3.10/site-packages/ansible/modules/find.py
2025-03-24 08:37:43,683 p=3344 u=dmeta n=ansible | <192.168.132.183> PUT /home/dmeta/.ansible/tmp/ansible-local-3318nqqhzu88/tmpy6q0yoi8 TO /home/dmeta/.ansible/tmp/ansible-tmp-1742805463.5263536-3344-106723952095316/AnsiballZ_find.py
2025-03-24 08:37:43,683 p=3344 u=dmeta n=ansible | <192.168.132.183> SSH: EXEC sshpass -d11 sftp -o BatchMode=no -b - -C -o ControlMaster=auto -o ControlPersist=60s -o StrictHostKeyChecking=no -o 'User="dmeta"' -o ConnectTimeout=60 -o ControlPath=/home/dmeta/.ansible/cp/b043375dca '[192.168.132.183]'
2025-03-24 08:37:43,852 p=3344 u=dmeta n=ansible | <192.168.132.183> (0, b'sftp> put /home/dmeta/.ansible/tmp/ansible-local-3318nqqhzu88/tmpy6q0yoi8 /home/dmeta/.ansible/tmp/ansible-tmp-1742805463.5263536-3344-106723952095316/AnsiballZ_find.py\n', b'')
2025-03-24 08:37:43,852 p=3344 u=dmeta n=ansible | <192.168.132.183> ESTABLISH SSH CONNECTION FOR USER: dmeta
2025-03-24 08:37:43,853 p=3344 u=dmeta n=ansible | <192.168.132.183> SSH: EXEC sshpass -d11 ssh -C -o ControlMaster=auto -o ControlPersist=60s -o StrictHostKeyChecking=no -o 'User="dmeta"' -o ConnectTimeout=60 -o ControlPath=/home/dmeta/.ansible/cp/b043375dca 192.168.132.183 '/bin/sh -c '"'"'chmod u+x /home/dmeta/.ansible/tmp/ansible-tmp-1742805463.5263536-3344-106723952095316/ /home/dmeta/.ansible/tmp/ansible-tmp-1742805463.5263536-3344-106723952095316/AnsiballZ_find.py && sleep 0'"'"''
2025-03-24 08:37:43,985 p=3344 u=dmeta n=ansible | <192.168.132.183> (0, b'', b'')
2025-03-24 08:37:43,986 p=3344 u=dmeta n=ansible | <192.168.132.183> ESTABLISH SSH CONNECTION FOR USER: dmeta
2025-03-24 08:37:43,986 p=3344 u=dmeta n=ansible | <192.168.132.183> SSH: EXEC sshpass -d11 ssh -C -o ControlMaster=auto -o ControlPersist=60s -o StrictHostKeyChecking=no -o 'User="dmeta"' -o ConnectTimeout=60 -o ControlPath=/home/dmeta/.ansible/cp/b043375dca -tt 192.168.132.183 '/bin/sh -c '"'"'sudo -H -S -n  -u root /bin/sh -c '"'"'"'"'"'"'"'"'echo BECOME-SUCCESS-hwdjxljtoqjiywtlizzlpbzbascxvkny ; /usr/bin/python /home/dmeta/.ansible/tmp/ansible-tmp-1742805463.5263536-3344-106723952095316/AnsiballZ_find.py'"'"'"'"'"'"'"'"' && sleep 0'"'"''
2025-03-24 08:37:44,122 p=3344 u=dmeta n=ansible | Escalation succeeded
2025-03-24 08:37:44,231 p=3344 u=dmeta n=ansible | <192.168.132.183> (0, b'\r\n{"files": [{"path": "/apps/arteva/wars/D-Meta-LabIntelligent-AI-Video-Analytics-Backend_1.0.12.war", "mode": "0666", "isdir": false, "ischr": false, "isblk": false, "isreg": true, "isfifo": false, "islnk": false, "issock": false, "uid": 1001, "gid": 1002, "size": 103384757, "inode": 27262986, "dev": 64771, "nlink": 1, "atime": 1742445450.7221828, "mtime": 1739326073.0, "ctime": 1741323184.3109448, "gr_name": "tomcat", "pw_name": "tomcat", "wusr": true, "rusr": true, "xusr": false, "wgrp": true, "rgrp": true, "xgrp": false, "woth": true, "roth": true, "xoth": false, "isuid": false, "isgid": false}], "changed": false, "msg": "", "matched": 1, "examined": 1, "invocation": {"module_args": {"paths": ["/apps/arteva/wars"], "patterns": ["*.war"], "file_type": "file", "age_stamp": "mtime", "recurse": false, "hidden": false, "follow": false, "get_checksum": false, "use_regex": false, "excludes": null, "contains": null, "age": null, "size": null, "depth": null}}}\r\n', b'Shared connection to 192.168.132.183 closed.\r\n')
2025-03-24 08:37:44,232 p=3344 u=dmeta n=ansible | <192.168.132.183> ESTABLISH SSH CONNECTION FOR USER: dmeta
2025-03-24 08:37:44,232 p=3344 u=dmeta n=ansible | <192.168.132.183> SSH: EXEC sshpass -d11 ssh -C -o ControlMaster=auto -o ControlPersist=60s -o StrictHostKeyChecking=no -o 'User="dmeta"' -o ConnectTimeout=60 -o ControlPath=/home/dmeta/.ansible/cp/b043375dca 192.168.132.183 '/bin/sh -c '"'"'rm -f -r /home/dmeta/.ansible/tmp/ansible-tmp-1742805463.5263536-3344-106723952095316/ > /dev/null 2>&1 && sleep 0'"'"''
2025-03-24 08:37:44,376 p=3344 u=dmeta n=ansible | <192.168.132.183> (0, b'', b'')
2025-03-24 08:37:44,379 p=3318 u=dmeta n=ansible | TASK [upgrade-service : find backend wars] ***************************************************************************************
2025-03-24 08:37:44,380 p=3318 u=dmeta n=ansible | ok: [arteva1] => {
    "changed": false,
    "examined": 1,
    "files": [
        {
            "atime": 1742445450.7221828,
            "ctime": 1741323184.3109448,
            "dev": 64771,
            "gid": 1002,
            "gr_name": "tomcat",
            "inode": 27262986,
            "isblk": false,
            "ischr": false,
            "isdir": false,
            "isfifo": false,
            "isgid": false,
            "islnk": false,
            "isreg": true,
            "issock": false,
            "isuid": false,
            "mode": "0666",
            "mtime": 1739326073.0,
            "nlink": 1,
            "path": "/apps/arteva/wars/D-Meta-LabIntelligent-AI-Video-Analytics-Backend_1.0.12.war",
            "pw_name": "tomcat",
            "rgrp": true,
            "roth": true,
            "rusr": true,
            "size": 103384757,
            "uid": 1001,
            "wgrp": true,
            "woth": true,
            "wusr": true,
            "xgrp": false,
            "xoth": false,
            "xusr": false
        }
    ],
    "invocation": {
        "module_args": {
            "age": null,
            "age_stamp": "mtime",
            "contains": null,
            "depth": null,
            "excludes": null,
            "file_type": "file",
            "follow": false,
            "get_checksum": false,
            "hidden": false,
            "paths": [
                "/apps/arteva/wars"
            ],
            "patterns": [
                "*.war"
            ],
            "recurse": false,
            "size": null,
            "use_regex": false
        }
    },
    "matched": 1,
    "msg": ""
}
2025-03-24 08:37:44,398 p=3318 u=dmeta n=ansible | TASK [upgrade-service : display files] *******************************************************************************************
2025-03-24 08:37:44,398 p=3318 u=dmeta n=ansible | ok: [arteva1] => {
    "msg": [
        "/apps/arteva/wars/D-Meta-LabIntelligent-AI-Video-Analytics-Backend_1.0.12.war"
    ]
}
2025-03-24 08:37:44,415 p=3362 u=dmeta n=ansible | <192.168.132.183> ESTABLISH SSH CONNECTION FOR USER: dmeta
2025-03-24 08:37:44,416 p=3362 u=dmeta n=ansible | <192.168.132.183> SSH: EXEC sshpass -d11 ssh -C -o ControlMaster=auto -o ControlPersist=60s -o StrictHostKeyChecking=no -o 'User="dmeta"' -o ConnectTimeout=60 -o ControlPath=/home/dmeta/.ansible/cp/b043375dca 192.168.132.183 '/bin/sh -c '"'"'echo ~dmeta && sleep 0'"'"''
2025-03-24 08:37:44,520 p=3362 u=dmeta n=ansible | <192.168.132.183> (0, b'/home/dmeta\n', b'')
2025-03-24 08:37:44,521 p=3362 u=dmeta n=ansible | <192.168.132.183> ESTABLISH SSH CONNECTION FOR USER: dmeta
2025-03-24 08:37:44,521 p=3362 u=dmeta n=ansible | <192.168.132.183> SSH: EXEC sshpass -d11 ssh -C -o ControlMaster=auto -o ControlPersist=60s -o StrictHostKeyChecking=no -o 'User="dmeta"' -o ConnectTimeout=60 -o ControlPath=/home/dmeta/.ansible/cp/b043375dca 192.168.132.183 '/bin/sh -c '"'"'( umask 77 && mkdir -p "` echo /home/dmeta/.ansible/tmp `"&& mkdir "` echo /home/dmeta/.ansible/tmp/ansible-tmp-1742805464.5209386-3362-193606425393910 `" && echo ansible-tmp-1742805464.5209386-3362-193606425393910="` echo /home/dmeta/.ansible/tmp/ansible-tmp-1742805464.5209386-3362-193606425393910 `" ) && sleep 0'"'"''
2025-03-24 08:37:44,652 p=3362 u=dmeta n=ansible | <192.168.132.183> (0, b'ansible-tmp-1742805464.5209386-3362-193606425393910=/home/dmeta/.ansible/tmp/ansible-tmp-1742805464.5209386-3362-193606425393910\n', b'')
2025-03-24 08:37:44,654 p=3362 u=dmeta n=ansible | Using module file /home/dmeta/.local/lib/python3.10/site-packages/ansible/modules/find.py
2025-03-24 08:37:44,654 p=3362 u=dmeta n=ansible | <192.168.132.183> PUT /home/dmeta/.ansible/tmp/ansible-local-3318nqqhzu88/tmp_jihat3o TO /home/dmeta/.ansible/tmp/ansible-tmp-1742805464.5209386-3362-193606425393910/AnsiballZ_find.py
2025-03-24 08:37:44,655 p=3362 u=dmeta n=ansible | <192.168.132.183> SSH: EXEC sshpass -d11 sftp -o BatchMode=no -b - -C -o ControlMaster=auto -o ControlPersist=60s -o StrictHostKeyChecking=no -o 'User="dmeta"' -o ConnectTimeout=60 -o ControlPath=/home/dmeta/.ansible/cp/b043375dca '[192.168.132.183]'
2025-03-24 08:37:44,950 p=3362 u=dmeta n=ansible | <192.168.132.183> (0, b'sftp> put /home/dmeta/.ansible/tmp/ansible-local-3318nqqhzu88/tmp_jihat3o /home/dmeta/.ansible/tmp/ansible-tmp-1742805464.5209386-3362-193606425393910/AnsiballZ_find.py\n', b'')
2025-03-24 08:37:44,951 p=3362 u=dmeta n=ansible | <192.168.132.183> ESTABLISH SSH CONNECTION FOR USER: dmeta
2025-03-24 08:37:44,951 p=3362 u=dmeta n=ansible | <192.168.132.183> SSH: EXEC sshpass -d11 ssh -C -o ControlMaster=auto -o ControlPersist=60s -o StrictHostKeyChecking=no -o 'User="dmeta"' -o ConnectTimeout=60 -o ControlPath=/home/dmeta/.ansible/cp/b043375dca 192.168.132.183 '/bin/sh -c '"'"'chmod u+x /home/dmeta/.ansible/tmp/ansible-tmp-1742805464.5209386-3362-193606425393910/ /home/dmeta/.ansible/tmp/ansible-tmp-1742805464.5209386-3362-193606425393910/AnsiballZ_find.py && sleep 0'"'"''
2025-03-24 08:37:45,117 p=3362 u=dmeta n=ansible | <192.168.132.183> (0, b'', b'')
2025-03-24 08:37:45,118 p=3362 u=dmeta n=ansible | <192.168.132.183> ESTABLISH SSH CONNECTION FOR USER: dmeta
2025-03-24 08:37:45,119 p=3362 u=dmeta n=ansible | <192.168.132.183> SSH: EXEC sshpass -d11 ssh -C -o ControlMaster=auto -o ControlPersist=60s -o StrictHostKeyChecking=no -o 'User="dmeta"' -o ConnectTimeout=60 -o ControlPath=/home/dmeta/.ansible/cp/b043375dca -tt 192.168.132.183 '/bin/sh -c '"'"'sudo -H -S -n  -u root /bin/sh -c '"'"'"'"'"'"'"'"'echo BECOME-SUCCESS-tbarudtaqtvokmqfdmlkbcdvsizjiona ; /usr/bin/python /home/dmeta/.ansible/tmp/ansible-tmp-1742805464.5209386-3362-193606425393910/AnsiballZ_find.py'"'"'"'"'"'"'"'"' && sleep 0'"'"''
2025-03-24 08:37:45,271 p=3362 u=dmeta n=ansible | Escalation succeeded
2025-03-24 08:37:45,345 p=3362 u=dmeta n=ansible | <192.168.132.183> (0, b'\r\n{"files": [{"path": "/apps/arteva/webapps/arteva.war", "mode": "0777", "isdir": false, "ischr": false, "isblk": false, "isreg": false, "isfifo": false, "islnk": true, "issock": false, "uid": 0, "gid": 0, "size": 77, "inode": 27262993, "dev": 64771, "nlink": 1, "atime": 1742792066.0465229, "mtime": 1741323184.7949448, "ctime": 1741323184.7949448, "gr_name": "root", "pw_name": "root", "wusr": true, "rusr": true, "xusr": true, "wgrp": true, "rgrp": true, "xgrp": true, "woth": true, "roth": true, "xoth": true, "isuid": false, "isgid": false}], "changed": false, "msg": "", "matched": 1, "examined": 4, "invocation": {"module_args": {"paths": ["/apps/arteva/webapps"], "patterns": ["*.war"], "file_type": "link", "follow": true, "age_stamp": "mtime", "recurse": false, "hidden": false, "get_checksum": false, "use_regex": false, "excludes": null, "contains": null, "age": null, "size": null, "depth": null}}}\r\n', b'Shared connection to 192.168.132.183 closed.\r\n')
2025-03-24 08:37:45,346 p=3362 u=dmeta n=ansible | <192.168.132.183> ESTABLISH SSH CONNECTION FOR USER: dmeta
2025-03-24 08:37:45,346 p=3362 u=dmeta n=ansible | <192.168.132.183> SSH: EXEC sshpass -d11 ssh -C -o ControlMaster=auto -o ControlPersist=60s -o StrictHostKeyChecking=no -o 'User="dmeta"' -o ConnectTimeout=60 -o ControlPath=/home/dmeta/.ansible/cp/b043375dca 192.168.132.183 '/bin/sh -c '"'"'rm -f -r /home/dmeta/.ansible/tmp/ansible-tmp-1742805464.5209386-3362-193606425393910/ > /dev/null 2>&1 && sleep 0'"'"''
2025-03-24 08:37:45,469 p=3362 u=dmeta n=ansible | <192.168.132.183> (0, b'', b'')
2025-03-24 08:37:45,472 p=3318 u=dmeta n=ansible | TASK [upgrade-service : find backend wars] ***************************************************************************************
2025-03-24 08:37:45,473 p=3318 u=dmeta n=ansible | ok: [arteva1] => {
    "changed": false,
    "examined": 4,
    "files": [
        {
            "atime": 1742792066.0465229,
            "ctime": 1741323184.7949448,
            "dev": 64771,
            "gid": 0,
            "gr_name": "root",
            "inode": 27262993,
            "isblk": false,
            "ischr": false,
            "isdir": false,
            "isfifo": false,
            "isgid": false,
            "islnk": true,
            "isreg": false,
            "issock": false,
            "isuid": false,
            "mode": "0777",
            "mtime": 1741323184.7949448,
            "nlink": 1,
            "path": "/apps/arteva/webapps/arteva.war",
            "pw_name": "root",
            "rgrp": true,
            "roth": true,
            "rusr": true,
            "size": 77,
            "uid": 0,
            "wgrp": true,
            "woth": true,
            "wusr": true,
            "xgrp": true,
            "xoth": true,
            "xusr": true
        }
    ],
    "invocation": {
        "module_args": {
            "age": null,
            "age_stamp": "mtime",
            "contains": null,
            "depth": null,
            "excludes": null,
            "file_type": "link",
            "follow": true,
            "get_checksum": false,
            "hidden": false,
            "paths": [
                "/apps/arteva/webapps"
            ],
            "patterns": [
                "*.war"
            ],
            "recurse": false,
            "size": null,
            "use_regex": false
        }
    },
    "matched": 1,
    "msg": ""
}
2025-03-24 08:37:45,492 p=3318 u=dmeta n=ansible | TASK [upgrade-service : display files] *******************************************************************************************
2025-03-24 08:37:45,493 p=3318 u=dmeta n=ansible | ok: [arteva1] => {
    "msg": [
        "/apps/arteva/webapps/arteva.war"
    ]
}
2025-03-24 08:37:45,499 p=3318 u=dmeta n=ansible | META: ran handlers
2025-03-24 08:37:45,503 p=3318 u=dmeta n=ansible | META: ran handlers
2025-03-24 08:37:45,504 p=3318 u=dmeta n=ansible | PLAY RECAP ***********************************************************************************************************************
2025-03-24 08:37:45,504 p=3318 u=dmeta n=ansible | arteva1                    : ok=5    changed=0    unreachable=0    failed=0    skipped=0    rescued=0    ignored=0   
2025-03-24 08:46:08,763 p=3534 u=dmeta n=ansible | PLAY [install arteva service] ****************************************************************************************************
2025-03-24 08:46:11,160 p=3534 u=dmeta n=ansible | TASK [Gathering Facts] ***********************************************************************************************************
2025-03-24 08:46:11,160 p=3534 u=dmeta n=ansible | ok: [arteva1]
2025-03-24 08:46:13,079 p=3534 u=dmeta n=ansible | TASK [upgrade-service : stopped tomcat service] **********************************************************************************
2025-03-24 08:46:13,079 p=3534 u=dmeta n=ansible | changed: [arteva1]
2025-03-24 08:46:13,088 p=3534 u=dmeta n=ansible | PLAY RECAP ***********************************************************************************************************************
2025-03-24 08:46:13,088 p=3534 u=dmeta n=ansible | arteva1                    : ok=2    changed=1    unreachable=0    failed=0    skipped=0    rescued=0    ignored=0   
2025-03-24 09:53:17,490 p=3847 u=dmeta n=ansible | PLAY [install arteva service] ****************************************************************************************************
2025-03-24 09:53:19,518 p=3847 u=dmeta n=ansible | TASK [Gathering Facts] ***********************************************************************************************************
2025-03-24 09:53:19,519 p=3847 u=dmeta n=ansible | ok: [arteva1]
2025-03-24 09:53:21,785 p=3847 u=dmeta n=ansible | TASK [upgrade-service : upload sql files] ****************************************************************************************
2025-03-24 09:53:21,785 p=3847 u=dmeta n=ansible | changed: [arteva1] => (item=arteva-1012-1015.sql)
2025-03-24 09:53:22,626 p=3847 u=dmeta n=ansible | TASK [upgrade-service : alter table] *********************************************************************************************
2025-03-24 09:53:22,626 p=3847 u=dmeta n=ansible | An exception occurred during task execution. To see the full traceback, use -vvv. The error was: pymysql.err.OperationalError: (1044, "Access denied for user 'dmeta'@'localhost' to database 'demta_arteva'")
2025-03-24 09:53:22,626 p=3847 u=dmeta n=ansible | fatal: [arteva1]: FAILED! => {"changed": false, "msg": "error creating database: (1044, \"Access denied for user 'dmeta'@'localhost' to database 'demta_arteva'\")"}
2025-03-24 09:53:22,627 p=3847 u=dmeta n=ansible | PLAY RECAP ***********************************************************************************************************************
2025-03-24 09:53:22,627 p=3847 u=dmeta n=ansible | arteva1                    : ok=2    changed=1    unreachable=0    failed=1    skipped=2    rescued=0    ignored=0   
2025-03-24 09:56:12,817 p=4002 u=dmeta n=ansible | PLAY [install arteva service] **************************************************************************************************************************
2025-03-24 09:56:14,525 p=4002 u=dmeta n=ansible | TASK [Gathering Facts] *********************************************************************************************************************************
2025-03-24 09:56:14,526 p=4002 u=dmeta n=ansible | ok: [arteva1]
2025-03-24 09:56:16,134 p=4002 u=dmeta n=ansible | TASK [upgrade-service : upload sql files] **************************************************************************************************************
2025-03-24 09:56:16,135 p=4002 u=dmeta n=ansible | ok: [arteva1] => (item=arteva-1012-1015.sql)
2025-03-24 09:56:17,045 p=4002 u=dmeta n=ansible | TASK [upgrade-service : alter table] *******************************************************************************************************************
2025-03-24 09:56:17,045 p=4002 u=dmeta n=ansible | changed: [arteva1]
2025-03-24 09:56:17,807 p=4002 u=dmeta n=ansible | TASK [upgrade-service : delete upload file] ************************************************************************************************************
2025-03-24 09:56:17,807 p=4002 u=dmeta n=ansible | changed: [arteva1]
2025-03-24 09:56:17,820 p=4002 u=dmeta n=ansible | PLAY RECAP *********************************************************************************************************************************************
2025-03-24 09:56:17,820 p=4002 u=dmeta n=ansible | arteva1                    : ok=4    changed=2    unreachable=0    failed=0    skipped=3    rescued=0    ignored=0   
2025-03-24 09:57:52,503 p=4097 u=dmeta n=ansible | PLAY [install arteva service] **************************************************************************************************************************
2025-03-24 09:57:54,244 p=4097 u=dmeta n=ansible | TASK [Gathering Facts] *********************************************************************************************************************************
2025-03-24 09:57:54,245 p=4097 u=dmeta n=ansible | ok: [arteva1]
2025-03-24 09:58:02,884 p=4097 u=dmeta n=ansible | TASK [upgrade-service : upload arteva backend files] ***************************************************************************************************
2025-03-24 09:58:02,885 p=4097 u=dmeta n=ansible | changed: [arteva1] => (item=D-Meta-LabIntelligent-AI-Video-Analytics-Backend_1.0.15.war)
2025-03-24 09:58:03,610 p=4097 u=dmeta n=ansible | TASK [upgrade-service : soft link] *********************************************************************************************************************
2025-03-24 09:58:03,611 p=4097 u=dmeta n=ansible | changed: [arteva1] => (item={'src': '/apps/arteva/wars/D-Meta-LabIntelligent-AI-Video-Analytics-Backend_1.0.15.war', 'dest': '/apps/arteva/webapps/arteva.war'})
2025-03-24 09:58:04,470 p=4097 u=dmeta n=ansible | TASK [upgrade-service : start tomcat service] **********************************************************************************************************
2025-03-24 09:58:04,471 p=4097 u=dmeta n=ansible | changed: [arteva1]
2025-03-24 09:58:04,482 p=4097 u=dmeta n=ansible | PLAY RECAP *********************************************************************************************************************************************
2025-03-24 09:58:04,482 p=4097 u=dmeta n=ansible | arteva1                    : ok=4    changed=3    unreachable=0    failed=0    skipped=1    rescued=0    ignored=0   
2025-03-24 10:01:27,065 p=4193 u=dmeta n=ansible | PLAY [install arteva service] **************************************************************************************************************************
2025-03-24 10:01:29,301 p=4193 u=dmeta n=ansible | TASK [Gathering Facts] *********************************************************************************************************************************
2025-03-24 10:01:29,301 p=4193 u=dmeta n=ansible | ok: [arteva1]
2025-03-24 10:01:31,183 p=4193 u=dmeta n=ansible | TASK [upgrade-service : stopped tomcat service] ********************************************************************************************************
2025-03-24 10:01:31,183 p=4193 u=dmeta n=ansible | changed: [arteva1]
2025-03-24 10:01:33,469 p=4193 u=dmeta n=ansible | TASK [upgrade-service : upload sql files] **************************************************************************************************************
2025-03-24 10:01:33,469 p=4193 u=dmeta n=ansible | changed: [arteva1] => (item=arteva-1015-1012.sql)
2025-03-24 10:01:34,423 p=4193 u=dmeta n=ansible | TASK [upgrade-service : alter table] *******************************************************************************************************************
2025-03-24 10:01:34,423 p=4193 u=dmeta n=ansible | changed: [arteva1]
2025-03-24 10:01:35,184 p=4193 u=dmeta n=ansible | TASK [upgrade-service : delete upload file] ************************************************************************************************************
2025-03-24 10:01:35,185 p=4193 u=dmeta n=ansible | changed: [arteva1]
2025-03-24 10:01:36,073 p=4193 u=dmeta n=ansible | TASK [upgrade-service : Changes soft link to old files] ************************************************************************************************
2025-03-24 10:01:36,073 p=4193 u=dmeta n=ansible | changed: [arteva1] => (item={'src': '/apps/arteva/wars/D-Meta-LabIntelligent-AI-Video-Analytics-Backend_1.0.12.war', 'dest': '/apps/arteva/webapps/arteva.war'})
2025-03-24 10:01:36,950 p=4193 u=dmeta n=ansible | TASK [upgrade-service : start tomcat service] **********************************************************************************************************
2025-03-24 10:01:36,950 p=4193 u=dmeta n=ansible | changed: [arteva1]
2025-03-24 10:01:36,963 p=4193 u=dmeta n=ansible | PLAY RECAP *********************************************************************************************************************************************
2025-03-24 10:01:36,963 p=4193 u=dmeta n=ansible | arteva1                    : ok=7    changed=6    unreachable=0    failed=0    skipped=3    rescued=0    ignored=0   
2025-03-24 10:27:17,856 p=4444 u=dmeta n=ansible | PLAY [install arteva service] **************************************************************************************************************************
2025-03-24 10:27:20,759 p=4444 u=dmeta n=ansible | TASK [Gathering Facts] *********************************************************************************************************************************
2025-03-24 10:27:20,759 p=4444 u=dmeta n=ansible | ok: [arteva1]
2025-03-24 10:27:23,045 p=4444 u=dmeta n=ansible | TASK [upgrade-service : systemd stop tomcat] ***********************************************************************************************************
2025-03-24 10:27:23,045 p=4444 u=dmeta n=ansible | changed: [arteva1]
2025-03-24 10:27:24,078 p=4444 u=dmeta n=ansible | TASK [upgrade-service : upload arteva backend files] ***************************************************************************************************
2025-03-24 10:27:24,078 p=4444 u=dmeta n=ansible | changed: [arteva1] => (item=/apps/arteva/webapps/arteva/WEB-INF/classes/log4j2.xml)
2025-03-24 10:27:24,859 p=4444 u=dmeta n=ansible | changed: [arteva1] => (item=/apps/arteva/webapps/arteva/WEB-INF/classes/dmeta/egovProps/globals.properties)
2025-03-24 10:27:25,900 p=4444 u=dmeta n=ansible | changed: [arteva1] => (item=/apps/arteva/webapps/arteva/WEB-INF/classes/dmeta/spring/com/context-properties.xml)
2025-03-24 10:27:26,847 p=4444 u=dmeta n=ansible | TASK [upgrade-service : systemd stop tomcat] ***********************************************************************************************************
2025-03-24 10:27:26,847 p=4444 u=dmeta n=ansible | changed: [arteva1]
2025-03-24 10:27:26,857 p=4444 u=dmeta n=ansible | PLAY RECAP *********************************************************************************************************************************************
2025-03-24 10:27:26,857 p=4444 u=dmeta n=ansible | arteva1                    : ok=4    changed=3    unreachable=0    failed=0    skipped=0    rescued=0    ignored=0   
2025-03-24 10:34:39,701 p=4549 u=dmeta n=ansible | PLAY [install arteva service] **************************************************************************************************************************
2025-03-24 10:34:42,045 p=4549 u=dmeta n=ansible | TASK [Gathering Facts] *********************************************************************************************************************************
2025-03-24 10:34:42,046 p=4549 u=dmeta n=ansible | ok: [arteva1]
2025-03-24 10:34:43,948 p=4549 u=dmeta n=ansible | TASK [upgrade-service : stopped tomcat service] ********************************************************************************************************
2025-03-24 10:34:43,948 p=4549 u=dmeta n=ansible | changed: [arteva1]
2025-03-24 10:34:46,149 p=4549 u=dmeta n=ansible | TASK [upgrade-service : upload sql files] **************************************************************************************************************
2025-03-24 10:34:46,149 p=4549 u=dmeta n=ansible | changed: [arteva1] => (item=arteva-1012-1015.sql)
2025-03-24 10:34:46,946 p=4549 u=dmeta n=ansible | TASK [upgrade-service : alter table] *******************************************************************************************************************
2025-03-24 10:34:46,946 p=4549 u=dmeta n=ansible | changed: [arteva1]
2025-03-24 10:34:47,705 p=4549 u=dmeta n=ansible | TASK [upgrade-service : delete upload file] ************************************************************************************************************
2025-03-24 10:34:47,705 p=4549 u=dmeta n=ansible | changed: [arteva1]
2025-03-24 10:34:49,588 p=4549 u=dmeta n=ansible | TASK [upgrade-service : upload arteva backend files] ***************************************************************************************************
2025-03-24 10:34:49,589 p=4549 u=dmeta n=ansible | ok: [arteva1] => (item=D-Meta-LabIntelligent-AI-Video-Analytics-Backend_1.0.15.war)
2025-03-24 10:34:50,371 p=4549 u=dmeta n=ansible | TASK [upgrade-service : soft link] *********************************************************************************************************************
2025-03-24 10:34:50,372 p=4549 u=dmeta n=ansible | changed: [arteva1] => (item={'src': '/apps/arteva/wars/D-Meta-LabIntelligent-AI-Video-Analytics-Backend_1.0.15.war', 'dest': '/apps/arteva/webapps/arteva.war'})
2025-03-24 10:34:51,256 p=4549 u=dmeta n=ansible | TASK [upgrade-service : start tomcat service] **********************************************************************************************************
2025-03-24 10:34:51,257 p=4549 u=dmeta n=ansible | changed: [arteva1]
2025-03-24 10:34:51,266 p=4549 u=dmeta n=ansible | PLAY RECAP *********************************************************************************************************************************************
2025-03-24 10:34:51,266 p=4549 u=dmeta n=ansible | arteva1                    : ok=8    changed=6    unreachable=0    failed=0    skipped=4    rescued=0    ignored=0   
2025-03-24 10:39:44,501 p=4740 u=dmeta n=ansible | PLAY [install arteva service] **************************************************************************************************************************
2025-03-24 10:39:46,697 p=4740 u=dmeta n=ansible | TASK [Gathering Facts] *********************************************************************************************************************************
2025-03-24 10:39:46,698 p=4740 u=dmeta n=ansible | ok: [arteva1]
2025-03-24 10:39:48,651 p=4740 u=dmeta n=ansible | TASK [upgrade-service : stopped tomcat service] ********************************************************************************************************
2025-03-24 10:39:48,651 p=4740 u=dmeta n=ansible | changed: [arteva1]
2025-03-24 10:39:51,213 p=4740 u=dmeta n=ansible | TASK [upgrade-service : upload sql files] **************************************************************************************************************
2025-03-24 10:39:51,213 p=4740 u=dmeta n=ansible | changed: [arteva1] => (item=arteva-1015-1012.sql)
2025-03-24 10:39:52,012 p=4740 u=dmeta n=ansible | TASK [upgrade-service : alter table] *******************************************************************************************************************
2025-03-24 10:39:52,012 p=4740 u=dmeta n=ansible | changed: [arteva1]
2025-03-24 10:39:52,726 p=4740 u=dmeta n=ansible | TASK [upgrade-service : delete upload file] ************************************************************************************************************
2025-03-24 10:39:52,727 p=4740 u=dmeta n=ansible | changed: [arteva1]
2025-03-24 10:39:53,418 p=4740 u=dmeta n=ansible | TASK [upgrade-service : Changes soft link to old files] ************************************************************************************************
2025-03-24 10:39:53,418 p=4740 u=dmeta n=ansible | changed: [arteva1] => (item={'src': '/apps/arteva/wars/D-Meta-LabIntelligent-AI-Video-Analytics-Backend_1.0.12.war', 'dest': '/apps/arteva/webapps/arteva.war'})
2025-03-24 10:39:54,212 p=4740 u=dmeta n=ansible | TASK [upgrade-service : start tomcat service] **********************************************************************************************************
2025-03-24 10:39:54,212 p=4740 u=dmeta n=ansible | changed: [arteva1]
2025-03-24 10:39:55,274 p=4740 u=dmeta n=ansible | TASK [upgrade-service : systemd stop tomcat] ***********************************************************************************************************
2025-03-24 10:39:55,274 p=4740 u=dmeta n=ansible | changed: [arteva1]
2025-03-24 10:39:55,995 p=4740 u=dmeta n=ansible | TASK [upgrade-service : upload arteva backend files] ***************************************************************************************************
2025-03-24 10:39:55,995 p=4740 u=dmeta n=ansible | changed: [arteva1] => (item=/apps/arteva/webapps/arteva/WEB-INF/classes/log4j2.xml)
2025-03-24 10:39:56,685 p=4740 u=dmeta n=ansible | changed: [arteva1] => (item=/apps/arteva/webapps/arteva/WEB-INF/classes/dmeta/egovProps/globals.properties)
2025-03-24 10:39:57,377 p=4740 u=dmeta n=ansible | changed: [arteva1] => (item=/apps/arteva/webapps/arteva/WEB-INF/classes/dmeta/spring/com/context-properties.xml)
2025-03-24 10:39:58,177 p=4740 u=dmeta n=ansible | TASK [upgrade-service : systemd stop tomcat] ***********************************************************************************************************
2025-03-24 10:39:58,178 p=4740 u=dmeta n=ansible | changed: [arteva1]
2025-03-24 10:39:58,188 p=4740 u=dmeta n=ansible | PLAY RECAP *********************************************************************************************************************************************
2025-03-24 10:39:58,188 p=4740 u=dmeta n=ansible | arteva1                    : ok=10   changed=9    unreachable=0    failed=0    skipped=3    rescued=0    ignored=0   
2025-03-24 10:51:48,672 p=4995 u=dmeta n=ansible | PLAY [install arteva service] **************************************************************************************************************************
2025-03-24 10:51:50,841 p=4995 u=dmeta n=ansible | TASK [Gathering Facts] *********************************************************************************************************************************
2025-03-24 10:51:50,842 p=4995 u=dmeta n=ansible | ok: [arteva1]
2025-03-24 10:51:52,678 p=4995 u=dmeta n=ansible | TASK [upgrade-service : systemd stop tomcat] ***********************************************************************************************************
2025-03-24 10:51:52,679 p=4995 u=dmeta n=ansible | changed: [arteva1]
2025-03-24 10:51:53,687 p=4995 u=dmeta n=ansible | TASK [upgrade-service : upload arteva backend files] ***************************************************************************************************
2025-03-24 10:51:53,687 p=4995 u=dmeta n=ansible | changed: [arteva1] => (item=/apps/arteva/webapps/arteva/WEB-INF/classes/log4j2.xml)
2025-03-24 10:51:54,671 p=4995 u=dmeta n=ansible | changed: [arteva1] => (item=/apps/arteva/webapps/arteva/WEB-INF/classes/dmeta/egovProps/globals.properties)
2025-03-24 10:51:55,424 p=4995 u=dmeta n=ansible | changed: [arteva1] => (item=/apps/arteva/webapps/arteva/WEB-INF/classes/dmeta/spring/com/context-properties.xml)
2025-03-24 10:51:56,229 p=4995 u=dmeta n=ansible | TASK [upgrade-service : systemd stop tomcat] ***********************************************************************************************************
2025-03-24 10:51:56,229 p=4995 u=dmeta n=ansible | changed: [arteva1]
2025-03-24 10:51:56,241 p=4995 u=dmeta n=ansible | PLAY RECAP *********************************************************************************************************************************************
2025-03-24 10:51:56,241 p=4995 u=dmeta n=ansible | arteva1                    : ok=4    changed=3    unreachable=0    failed=0    skipped=0    rescued=0    ignored=0   
2025-03-24 10:55:51,811 p=5155 u=dmeta n=ansible | PLAY [install arteva service] **************************************************************************************************************************
2025-03-24 10:55:54,049 p=5155 u=dmeta n=ansible | TASK [Gathering Facts] *********************************************************************************************************************************
2025-03-24 10:55:54,050 p=5155 u=dmeta n=ansible | ok: [arteva1]
2025-03-24 10:55:55,973 p=5155 u=dmeta n=ansible | TASK [upgrade-service : stopped tomcat service] ********************************************************************************************************
2025-03-24 10:55:55,973 p=5155 u=dmeta n=ansible | changed: [arteva1]
2025-03-24 10:55:58,150 p=5155 u=dmeta n=ansible | TASK [upgrade-service : upload sql files] **************************************************************************************************************
2025-03-24 10:55:58,151 p=5155 u=dmeta n=ansible | changed: [arteva1] => (item=arteva-1012-1015.sql)
2025-03-24 10:55:58,948 p=5155 u=dmeta n=ansible | TASK [upgrade-service : alter table] *******************************************************************************************************************
2025-03-24 10:55:58,949 p=5155 u=dmeta n=ansible | changed: [arteva1]
2025-03-24 10:55:59,690 p=5155 u=dmeta n=ansible | TASK [upgrade-service : delete upload file] ************************************************************************************************************
2025-03-24 10:55:59,690 p=5155 u=dmeta n=ansible | changed: [arteva1]
2025-03-24 10:56:01,510 p=5155 u=dmeta n=ansible | TASK [upgrade-service : upload arteva backend files] ***************************************************************************************************
2025-03-24 10:56:01,511 p=5155 u=dmeta n=ansible | ok: [arteva1] => (item=D-Meta-LabIntelligent-AI-Video-Analytics-Backend_1.0.15.war)
2025-03-24 10:56:02,254 p=5155 u=dmeta n=ansible | TASK [upgrade-service : soft link] *********************************************************************************************************************
2025-03-24 10:56:02,254 p=5155 u=dmeta n=ansible | changed: [arteva1] => (item={'src': '/apps/arteva/wars/D-Meta-LabIntelligent-AI-Video-Analytics-Backend_1.0.15.war', 'dest': '/apps/arteva/webapps/arteva.war'})
2025-03-24 10:56:03,127 p=5155 u=dmeta n=ansible | TASK [upgrade-service : start tomcat service] **********************************************************************************************************
2025-03-24 10:56:03,127 p=5155 u=dmeta n=ansible | changed: [arteva1]
2025-03-24 10:56:03,138 p=5155 u=dmeta n=ansible | PLAY RECAP *********************************************************************************************************************************************
2025-03-24 10:56:03,138 p=5155 u=dmeta n=ansible | arteva1                    : ok=8    changed=6    unreachable=0    failed=0    skipped=4    rescued=0    ignored=0   
2025-03-24 10:56:47,323 p=5344 u=dmeta n=ansible | PLAY [install arteva service] **************************************************************************************************************************
2025-03-24 10:56:49,336 p=5344 u=dmeta n=ansible | TASK [Gathering Facts] *********************************************************************************************************************************
2025-03-24 10:56:49,337 p=5344 u=dmeta n=ansible | ok: [arteva1]
2025-03-24 10:56:51,312 p=5344 u=dmeta n=ansible | TASK [upgrade-service : systemd stop tomcat] ***********************************************************************************************************
2025-03-24 10:56:51,312 p=5344 u=dmeta n=ansible | changed: [arteva1]
2025-03-24 10:56:52,322 p=5344 u=dmeta n=ansible | TASK [upgrade-service : upload arteva backend files] ***************************************************************************************************
2025-03-24 10:56:52,323 p=5344 u=dmeta n=ansible | ok: [arteva1] => (item=/apps/arteva/webapps/arteva/WEB-INF/classes/log4j2.xml)
2025-03-24 10:56:53,198 p=5344 u=dmeta n=ansible | ok: [arteva1] => (item=/apps/arteva/webapps/arteva/WEB-INF/classes/dmeta/egovProps/globals.properties)
2025-03-24 10:56:53,888 p=5344 u=dmeta n=ansible | changed: [arteva1] => (item=/apps/arteva/webapps/arteva/WEB-INF/classes/dmeta/spring/com/context-properties.xml)
2025-03-24 10:56:59,609 p=5344 u=dmeta n=ansible | TASK [upgrade-service : sleep 5] ***********************************************************************************************************************
2025-03-24 10:56:59,609 p=5344 u=dmeta n=ansible | changed: [arteva1]
2025-03-24 10:57:00,407 p=5344 u=dmeta n=ansible | TASK [upgrade-service : systemd stop tomcat] ***********************************************************************************************************
2025-03-24 10:57:00,407 p=5344 u=dmeta n=ansible | changed: [arteva1]
2025-03-24 10:57:00,418 p=5344 u=dmeta n=ansible | PLAY RECAP *********************************************************************************************************************************************
2025-03-24 10:57:00,418 p=5344 u=dmeta n=ansible | arteva1                    : ok=5    changed=4    unreachable=0    failed=0    skipped=0    rescued=0    ignored=0   
2025-03-24 10:57:34,397 p=5458 u=dmeta n=ansible | PLAY [install arteva service] **************************************************************************************************************************
2025-03-24 10:57:36,358 p=5458 u=dmeta n=ansible | TASK [Gathering Facts] *********************************************************************************************************************************
2025-03-24 10:57:36,358 p=5458 u=dmeta n=ansible | ok: [arteva1]
2025-03-24 10:57:38,209 p=5458 u=dmeta n=ansible | TASK [upgrade-service : stopped tomcat service] ********************************************************************************************************
2025-03-24 10:57:38,210 p=5458 u=dmeta n=ansible | changed: [arteva1]
2025-03-24 10:57:40,387 p=5458 u=dmeta n=ansible | TASK [upgrade-service : upload sql files] **************************************************************************************************************
2025-03-24 10:57:40,388 p=5458 u=dmeta n=ansible | changed: [arteva1] => (item=arteva-1015-1012.sql)
2025-03-24 10:57:41,301 p=5458 u=dmeta n=ansible | TASK [upgrade-service : alter table] *******************************************************************************************************************
2025-03-24 10:57:41,301 p=5458 u=dmeta n=ansible | changed: [arteva1]
2025-03-24 10:57:42,034 p=5458 u=dmeta n=ansible | TASK [upgrade-service : delete upload file] ************************************************************************************************************
2025-03-24 10:57:42,035 p=5458 u=dmeta n=ansible | changed: [arteva1]
2025-03-24 10:57:42,709 p=5458 u=dmeta n=ansible | TASK [upgrade-service : Changes soft link to old files] ************************************************************************************************
2025-03-24 10:57:42,710 p=5458 u=dmeta n=ansible | changed: [arteva1] => (item={'src': '/apps/arteva/wars/D-Meta-LabIntelligent-AI-Video-Analytics-Backend_1.0.12.war', 'dest': '/apps/arteva/webapps/arteva.war'})
2025-03-24 10:57:43,494 p=5458 u=dmeta n=ansible | TASK [upgrade-service : start tomcat service] **********************************************************************************************************
2025-03-24 10:57:43,494 p=5458 u=dmeta n=ansible | changed: [arteva1]
2025-03-24 10:57:44,547 p=5458 u=dmeta n=ansible | TASK [upgrade-service : systemd stop tomcat] ***********************************************************************************************************
2025-03-24 10:57:44,547 p=5458 u=dmeta n=ansible | changed: [arteva1]
2025-03-24 10:57:45,281 p=5458 u=dmeta n=ansible | TASK [upgrade-service : upload arteva backend files] ***************************************************************************************************
2025-03-24 10:57:45,281 p=5458 u=dmeta n=ansible | changed: [arteva1] => (item=/apps/arteva/webapps/arteva/WEB-INF/classes/log4j2.xml)
2025-03-24 10:57:45,994 p=5458 u=dmeta n=ansible | changed: [arteva1] => (item=/apps/arteva/webapps/arteva/WEB-INF/classes/dmeta/egovProps/globals.properties)
2025-03-24 10:57:46,704 p=5458 u=dmeta n=ansible | changed: [arteva1] => (item=/apps/arteva/webapps/arteva/WEB-INF/classes/dmeta/spring/com/context-properties.xml)
2025-03-24 10:57:52,449 p=5458 u=dmeta n=ansible | TASK [upgrade-service : sleep 5] ***********************************************************************************************************************
2025-03-24 10:57:52,449 p=5458 u=dmeta n=ansible | changed: [arteva1]
2025-03-24 10:57:53,255 p=5458 u=dmeta n=ansible | TASK [upgrade-service : systemd stop tomcat] ***********************************************************************************************************
2025-03-24 10:57:53,255 p=5458 u=dmeta n=ansible | changed: [arteva1]
2025-03-24 10:57:53,267 p=5458 u=dmeta n=ansible | PLAY RECAP *********************************************************************************************************************************************
2025-03-24 10:57:53,267 p=5458 u=dmeta n=ansible | arteva1                    : ok=11   changed=10   unreachable=0    failed=0    skipped=3    rescued=0    ignored=0   
2025-03-24 11:01:39,013 p=5693 u=dmeta n=ansible | PLAY [install arteva service] **************************************************************************************************************************
2025-03-24 11:01:40,708 p=5693 u=dmeta n=ansible | TASK [Gathering Facts] *********************************************************************************************************************************
2025-03-24 11:01:40,709 p=5693 u=dmeta n=ansible | ok: [arteva1]
2025-03-24 11:01:41,762 p=5693 u=dmeta n=ansible | TASK [upgrade-service : systemd stop tomcat] ***********************************************************************************************************
2025-03-24 11:01:41,762 p=5693 u=dmeta n=ansible | changed: [arteva1]
2025-03-24 11:01:42,476 p=5693 u=dmeta n=ansible | TASK [upgrade-service : upload arteva backend files] ***************************************************************************************************
2025-03-24 11:01:42,476 p=5693 u=dmeta n=ansible | ok: [arteva1] => (item=/apps/arteva/webapps/arteva/WEB-INF/classes/log4j2.xml)
2025-03-24 11:01:43,192 p=5693 u=dmeta n=ansible | ok: [arteva1] => (item=/apps/arteva/webapps/arteva/WEB-INF/classes/dmeta/egovProps/globals.properties)
2025-03-24 11:01:43,890 p=5693 u=dmeta n=ansible | ok: [arteva1] => (item=/apps/arteva/webapps/arteva/WEB-INF/classes/dmeta/spring/com/context-properties.xml)
2025-03-24 11:01:49,642 p=5693 u=dmeta n=ansible | TASK [upgrade-service : sleep 5] ***********************************************************************************************************************
2025-03-24 11:01:49,642 p=5693 u=dmeta n=ansible | changed: [arteva1]
2025-03-24 11:01:50,437 p=5693 u=dmeta n=ansible | TASK [upgrade-service : systemd stop tomcat] ***********************************************************************************************************
2025-03-24 11:01:50,437 p=5693 u=dmeta n=ansible | changed: [arteva1]
2025-03-24 11:01:50,448 p=5693 u=dmeta n=ansible | PLAY RECAP *********************************************************************************************************************************************
2025-03-24 11:01:50,448 p=5693 u=dmeta n=ansible | arteva1                    : ok=5    changed=3    unreachable=0    failed=0    skipped=0    rescued=0    ignored=0   
2025-03-24 11:05:52,708 p=5829 u=dmeta n=ansible | PLAY [install arteva service] **************************************************************************************************************************
2025-03-24 11:05:54,894 p=5829 u=dmeta n=ansible | TASK [Gathering Facts] *********************************************************************************************************************************
2025-03-24 11:05:54,894 p=5829 u=dmeta n=ansible | ok: [arteva1]
2025-03-24 11:06:05,916 p=5829 u=dmeta n=ansible | TASK [upgrade-service : sleep 10] **********************************************************************************************************************
2025-03-24 11:06:05,917 p=5829 u=dmeta n=ansible | changed: [arteva1]
2025-03-24 11:06:07,895 p=5829 u=dmeta n=ansible | TASK [upgrade-service : systemd stop tomcat] ***********************************************************************************************************
2025-03-24 11:06:07,895 p=5829 u=dmeta n=ansible | changed: [arteva1]
2025-03-24 11:06:08,829 p=5829 u=dmeta n=ansible | TASK [upgrade-service : upload arteva backend files] ***************************************************************************************************
2025-03-24 11:06:08,830 p=5829 u=dmeta n=ansible | ok: [arteva1] => (item=/apps/arteva/webapps/arteva/WEB-INF/classes/log4j2.xml)
2025-03-24 11:06:09,673 p=5829 u=dmeta n=ansible | ok: [arteva1] => (item=/apps/arteva/webapps/arteva/WEB-INF/classes/dmeta/egovProps/globals.properties)
2025-03-24 11:06:10,608 p=5829 u=dmeta n=ansible | changed: [arteva1] => (item=/apps/arteva/webapps/arteva/WEB-INF/classes/dmeta/spring/com/context-properties.xml)
2025-03-24 11:06:11,535 p=5829 u=dmeta n=ansible | TASK [upgrade-service : systemd stop tomcat] ***********************************************************************************************************
2025-03-24 11:06:11,535 p=5829 u=dmeta n=ansible | changed: [arteva1]
2025-03-24 11:06:11,546 p=5829 u=dmeta n=ansible | PLAY RECAP *********************************************************************************************************************************************
2025-03-24 11:06:11,546 p=5829 u=dmeta n=ansible | arteva1                    : ok=5    changed=4    unreachable=0    failed=0    skipped=0    rescued=0    ignored=0   
2025-03-24 11:08:44,887 p=5947 u=dmeta n=ansible | PLAY [install arteva service] **************************************************************************************************************************
2025-03-24 11:08:47,063 p=5947 u=dmeta n=ansible | TASK [Gathering Facts] *********************************************************************************************************************************
2025-03-24 11:08:47,064 p=5947 u=dmeta n=ansible | ok: [arteva1]
2025-03-24 11:08:57,987 p=5947 u=dmeta n=ansible | TASK [upgrade-service : sleep 10] **********************************************************************************************************************
2025-03-24 11:08:57,988 p=5947 u=dmeta n=ansible | changed: [arteva1]
2025-03-24 11:08:59,995 p=5947 u=dmeta n=ansible | TASK [upgrade-service : systemd stop tomcat] ***********************************************************************************************************
2025-03-24 11:08:59,996 p=5947 u=dmeta n=ansible | changed: [arteva1]
2025-03-24 11:09:00,907 p=5947 u=dmeta n=ansible | TASK [upgrade-service : upload arteva backend files] ***************************************************************************************************
2025-03-24 11:09:00,907 p=5947 u=dmeta n=ansible | changed: [arteva1] => (item=/apps/arteva/webapps/arteva/WEB-INF/classes/log4j2.xml)
2025-03-24 11:09:01,756 p=5947 u=dmeta n=ansible | changed: [arteva1] => (item=/apps/arteva/webapps/arteva/WEB-INF/classes/dmeta/egovProps/globals.properties)
2025-03-24 11:09:02,458 p=5947 u=dmeta n=ansible | changed: [arteva1] => (item=/apps/arteva/webapps/arteva/WEB-INF/classes/dmeta/spring/com/context-properties.xml)
2025-03-24 11:09:03,289 p=5947 u=dmeta n=ansible | TASK [upgrade-service : systemd stop tomcat] ***********************************************************************************************************
2025-03-24 11:09:03,289 p=5947 u=dmeta n=ansible | changed: [arteva1]
2025-03-24 11:09:03,299 p=5947 u=dmeta n=ansible | PLAY RECAP *********************************************************************************************************************************************
2025-03-24 11:09:03,300 p=5947 u=dmeta n=ansible | arteva1                    : ok=5    changed=4    unreachable=0    failed=0    skipped=0    rescued=0    ignored=0   
2025-03-24 11:15:13,945 p=6067 u=dmeta n=ansible | PLAY [install arteva service] **************************************************************************************************************************
2025-03-24 11:15:16,240 p=6067 u=dmeta n=ansible | TASK [Gathering Facts] *********************************************************************************************************************************
2025-03-24 11:15:16,241 p=6067 u=dmeta n=ansible | ok: [arteva1]
2025-03-24 11:15:18,115 p=6067 u=dmeta n=ansible | TASK [upgrade-service : stopped tomcat service] ********************************************************************************************************
2025-03-24 11:15:18,115 p=6067 u=dmeta n=ansible | changed: [arteva1]
2025-03-24 11:15:20,400 p=6067 u=dmeta n=ansible | TASK [upgrade-service : upload sql files] **************************************************************************************************************
2025-03-24 11:15:20,401 p=6067 u=dmeta n=ansible | changed: [arteva1] => (item=arteva-1012-1015.sql)
2025-03-24 11:15:21,443 p=6067 u=dmeta n=ansible | TASK [upgrade-service : alter table] *******************************************************************************************************************
2025-03-24 11:15:21,443 p=6067 u=dmeta n=ansible | changed: [arteva1]
2025-03-24 11:15:22,167 p=6067 u=dmeta n=ansible | TASK [upgrade-service : delete upload file] ************************************************************************************************************
2025-03-24 11:15:22,168 p=6067 u=dmeta n=ansible | changed: [arteva1]
2025-03-24 11:15:23,853 p=6067 u=dmeta n=ansible | TASK [upgrade-service : upload arteva backend files] ***************************************************************************************************
2025-03-24 11:15:23,854 p=6067 u=dmeta n=ansible | ok: [arteva1] => (item=D-Meta-LabIntelligent-AI-Video-Analytics-Backend_1.0.15.war)
2025-03-24 11:15:24,547 p=6067 u=dmeta n=ansible | TASK [upgrade-service : soft link] *********************************************************************************************************************
2025-03-24 11:15:24,547 p=6067 u=dmeta n=ansible | changed: [arteva1] => (item={'src': '/apps/arteva/wars/D-Meta-LabIntelligent-AI-Video-Analytics-Backend_1.0.15.war', 'dest': '/apps/arteva/webapps/arteva.war'})
2025-03-24 11:15:25,368 p=6067 u=dmeta n=ansible | TASK [upgrade-service : start tomcat service] **********************************************************************************************************
2025-03-24 11:15:25,368 p=6067 u=dmeta n=ansible | changed: [arteva1]
2025-03-24 11:15:36,140 p=6067 u=dmeta n=ansible | TASK [upgrade-service : sleep 10] **********************************************************************************************************************
2025-03-24 11:15:36,140 p=6067 u=dmeta n=ansible | changed: [arteva1]
2025-03-24 11:15:37,855 p=6067 u=dmeta n=ansible | TASK [upgrade-service : systemd stop tomcat] ***********************************************************************************************************
2025-03-24 11:15:37,855 p=6067 u=dmeta n=ansible | changed: [arteva1]
2025-03-24 11:15:38,737 p=6067 u=dmeta n=ansible | TASK [upgrade-service : upload arteva backend files] ***************************************************************************************************
2025-03-24 11:15:38,737 p=6067 u=dmeta n=ansible | ok: [arteva1] => (item=/apps/arteva/webapps/arteva/WEB-INF/classes/log4j2.xml)
2025-03-24 11:15:39,669 p=6067 u=dmeta n=ansible | ok: [arteva1] => (item=/apps/arteva/webapps/arteva/WEB-INF/classes/dmeta/egovProps/globals.properties)
2025-03-24 11:15:40,533 p=6067 u=dmeta n=ansible | changed: [arteva1] => (item=/apps/arteva/webapps/arteva/WEB-INF/classes/dmeta/spring/com/context-properties.xml)
2025-03-24 11:15:41,311 p=6067 u=dmeta n=ansible | TASK [upgrade-service : systemd stop tomcat] ***********************************************************************************************************
2025-03-24 11:15:41,311 p=6067 u=dmeta n=ansible | changed: [arteva1]
2025-03-24 11:15:41,323 p=6067 u=dmeta n=ansible | PLAY RECAP *********************************************************************************************************************************************
2025-03-24 11:15:41,323 p=6067 u=dmeta n=ansible | arteva1                    : ok=12   changed=10   unreachable=0    failed=0    skipped=4    rescued=0    ignored=0   
2025-03-24 11:17:53,296 p=6340 u=dmeta n=ansible | PLAY [install arteva service] **************************************************************************************************************************
2025-03-24 11:17:55,635 p=6340 u=dmeta n=ansible | TASK [Gathering Facts] *********************************************************************************************************************************
2025-03-24 11:17:55,636 p=6340 u=dmeta n=ansible | ok: [arteva1]
2025-03-24 11:17:57,459 p=6340 u=dmeta n=ansible | TASK [upgrade-service : stopped tomcat service] ********************************************************************************************************
2025-03-24 11:17:57,459 p=6340 u=dmeta n=ansible | changed: [arteva1]
2025-03-24 11:17:59,767 p=6340 u=dmeta n=ansible | TASK [upgrade-service : upload sql files] **************************************************************************************************************
2025-03-24 11:17:59,767 p=6340 u=dmeta n=ansible | changed: [arteva1] => (item=arteva-1015-1012.sql)
2025-03-24 11:18:00,538 p=6340 u=dmeta n=ansible | TASK [upgrade-service : alter table] *******************************************************************************************************************
2025-03-24 11:18:00,539 p=6340 u=dmeta n=ansible | changed: [arteva1]
2025-03-24 11:18:01,253 p=6340 u=dmeta n=ansible | TASK [upgrade-service : delete upload file] ************************************************************************************************************
2025-03-24 11:18:01,254 p=6340 u=dmeta n=ansible | changed: [arteva1]
2025-03-24 11:18:01,945 p=6340 u=dmeta n=ansible | TASK [upgrade-service : Changes soft link to old files] ************************************************************************************************
2025-03-24 11:18:01,945 p=6340 u=dmeta n=ansible | changed: [arteva1] => (item={'src': '/apps/arteva/wars/D-Meta-LabIntelligent-AI-Video-Analytics-Backend_1.0.12.war', 'dest': '/apps/arteva/webapps/arteva.war'})
2025-03-24 11:18:02,730 p=6340 u=dmeta n=ansible | TASK [upgrade-service : start tomcat service] **********************************************************************************************************
2025-03-24 11:18:02,730 p=6340 u=dmeta n=ansible | changed: [arteva1]
2025-03-24 11:18:13,507 p=6340 u=dmeta n=ansible | TASK [upgrade-service : sleep 10] **********************************************************************************************************************
2025-03-24 11:18:13,507 p=6340 u=dmeta n=ansible | changed: [arteva1]
2025-03-24 11:18:15,008 p=6340 u=dmeta n=ansible | TASK [upgrade-service : systemd stop tomcat] ***********************************************************************************************************
2025-03-24 11:18:15,009 p=6340 u=dmeta n=ansible | changed: [arteva1]
2025-03-24 11:18:15,864 p=6340 u=dmeta n=ansible | TASK [upgrade-service : upload arteva backend files] ***************************************************************************************************
2025-03-24 11:18:15,864 p=6340 u=dmeta n=ansible | changed: [arteva1] => (item=/apps/arteva/webapps/arteva/WEB-INF/classes/log4j2.xml)
2025-03-24 11:18:16,674 p=6340 u=dmeta n=ansible | changed: [arteva1] => (item=/apps/arteva/webapps/arteva/WEB-INF/classes/dmeta/egovProps/globals.properties)
2025-03-24 11:18:17,349 p=6340 u=dmeta n=ansible | changed: [arteva1] => (item=/apps/arteva/webapps/arteva/WEB-INF/classes/dmeta/spring/com/context-properties.xml)
2025-03-24 11:18:18,143 p=6340 u=dmeta n=ansible | TASK [upgrade-service : systemd stop tomcat] ***********************************************************************************************************
2025-03-24 11:18:18,143 p=6340 u=dmeta n=ansible | changed: [arteva1]
2025-03-24 11:18:18,155 p=6340 u=dmeta n=ansible | PLAY RECAP *********************************************************************************************************************************************
2025-03-24 11:18:18,155 p=6340 u=dmeta n=ansible | arteva1                    : ok=11   changed=10   unreachable=0    failed=0    skipped=3    rescued=0    ignored=0   
2025-03-24 11:27:30,053 p=6628 u=dmeta n=ansible |  [ERROR]: User interrupted execution

2025-03-24 11:27:34,787 p=6629 u=dmeta n=ansible | PLAY [install arteva service] **************************************************************************************************************************
2025-03-24 11:27:37,051 p=6629 u=dmeta n=ansible | TASK [Gathering Facts] *********************************************************************************************************************************
2025-03-24 11:27:37,051 p=6629 u=dmeta n=ansible | ok: [arteva1]
2025-03-24 11:27:38,868 p=6629 u=dmeta n=ansible | TASK [upgrade-service : stopped tomcat service] ********************************************************************************************************
2025-03-24 11:27:38,869 p=6629 u=dmeta n=ansible | changed: [arteva1]
2025-03-24 11:27:41,195 p=6629 u=dmeta n=ansible | TASK [upgrade-service : upload sql files] **************************************************************************************************************
2025-03-24 11:27:41,195 p=6629 u=dmeta n=ansible | changed: [arteva1] => (item=arteva-1012-1015.sql)
2025-03-24 11:27:42,200 p=6629 u=dmeta n=ansible | TASK [upgrade-service : alter table] *******************************************************************************************************************
2025-03-24 11:27:42,200 p=6629 u=dmeta n=ansible | changed: [arteva1]
2025-03-24 11:27:43,167 p=6629 u=dmeta n=ansible | TASK [upgrade-service : delete upload file] ************************************************************************************************************
2025-03-24 11:27:43,168 p=6629 u=dmeta n=ansible | changed: [arteva1]
2025-03-24 11:27:45,260 p=6629 u=dmeta n=ansible | TASK [upgrade-service : upload arteva backend files] ***************************************************************************************************
2025-03-24 11:27:45,261 p=6629 u=dmeta n=ansible | ok: [arteva1] => (item=D-Meta-LabIntelligent-AI-Video-Analytics-Backend_1.0.15.war)
2025-03-24 11:27:45,965 p=6629 u=dmeta n=ansible | TASK [upgrade-service : soft link] *********************************************************************************************************************
2025-03-24 11:27:45,965 p=6629 u=dmeta n=ansible | changed: [arteva1] => (item={'src': '/apps/arteva/wars/D-Meta-LabIntelligent-AI-Video-Analytics-Backend_1.0.15.war', 'dest': '/apps/arteva/webapps/arteva.war'})
2025-03-24 11:27:46,799 p=6629 u=dmeta n=ansible | TASK [upgrade-service : start tomcat service] **********************************************************************************************************
2025-03-24 11:27:46,799 p=6629 u=dmeta n=ansible | changed: [arteva1]
2025-03-24 11:27:57,579 p=6629 u=dmeta n=ansible | TASK [upgrade-service : sleep 10] **********************************************************************************************************************
2025-03-24 11:27:57,579 p=6629 u=dmeta n=ansible | changed: [arteva1]
2025-03-24 11:27:59,090 p=6629 u=dmeta n=ansible | TASK [upgrade-service : systemd stop tomcat] ***********************************************************************************************************
2025-03-24 11:27:59,090 p=6629 u=dmeta n=ansible | changed: [arteva1]
2025-03-24 11:27:59,888 p=6629 u=dmeta n=ansible | TASK [upgrade-service : upload arteva backend files] ***************************************************************************************************
2025-03-24 11:27:59,888 p=6629 u=dmeta n=ansible | ok: [arteva1] => (item=/apps/arteva/webapps/arteva/WEB-INF/classes/log4j2.xml)
2025-03-24 11:28:00,568 p=6629 u=dmeta n=ansible | ok: [arteva1] => (item=/apps/arteva/webapps/arteva/WEB-INF/classes/dmeta/egovProps/globals.properties)
2025-03-24 11:28:01,259 p=6629 u=dmeta n=ansible | changed: [arteva1] => (item=/apps/arteva/webapps/arteva/WEB-INF/classes/dmeta/spring/com/context-properties.xml)
2025-03-24 11:28:02,104 p=6629 u=dmeta n=ansible | TASK [upgrade-service : systemd stop tomcat] ***********************************************************************************************************
2025-03-24 11:28:02,104 p=6629 u=dmeta n=ansible | changed: [arteva1]
2025-03-24 11:28:02,119 p=6629 u=dmeta n=ansible | PLAY RECAP *********************************************************************************************************************************************
2025-03-24 11:28:02,119 p=6629 u=dmeta n=ansible | arteva1                    : ok=12   changed=10   unreachable=0    failed=0    skipped=4    rescued=0    ignored=0   
2025-03-24 11:39:30,760 p=6908 u=dmeta n=ansible | PLAY [install arteva service] **************************************************************************************************************************
2025-03-24 11:39:32,656 p=6908 u=dmeta n=ansible | TASK [Gathering Facts] *********************************************************************************************************************************
2025-03-24 11:39:32,656 p=6908 u=dmeta n=ansible | ok: [arteva1]
2025-03-24 11:39:33,950 p=6908 u=dmeta n=ansible | TASK [upgrade-service : stopped tomcat service] ********************************************************************************************************
2025-03-24 11:39:33,951 p=6908 u=dmeta n=ansible | changed: [arteva1]
2025-03-24 11:39:35,787 p=6908 u=dmeta n=ansible | TASK [upgrade-service : upload sql files] **************************************************************************************************************
2025-03-24 11:39:35,788 p=6908 u=dmeta n=ansible | changed: [arteva1] => (item=arteva-1015-1012.sql)
2025-03-24 11:39:36,579 p=6908 u=dmeta n=ansible | TASK [upgrade-service : alter table] *******************************************************************************************************************
2025-03-24 11:39:36,579 p=6908 u=dmeta n=ansible | changed: [arteva1]
2025-03-24 11:39:37,350 p=6908 u=dmeta n=ansible | TASK [upgrade-service : delete upload file] ************************************************************************************************************
2025-03-24 11:39:37,350 p=6908 u=dmeta n=ansible | changed: [arteva1]
2025-03-24 11:39:38,051 p=6908 u=dmeta n=ansible | TASK [upgrade-service : Changes soft link to old files] ************************************************************************************************
2025-03-24 11:39:38,052 p=6908 u=dmeta n=ansible | changed: [arteva1] => (item={'src': '/apps/arteva/wars/D-Meta-LabIntelligent-AI-Video-Analytics-Backend_1.0.12.war', 'dest': '/apps/arteva/webapps/arteva.war'})
2025-03-24 11:39:38,840 p=6908 u=dmeta n=ansible | TASK [upgrade-service : start tomcat service] **********************************************************************************************************
2025-03-24 11:39:38,840 p=6908 u=dmeta n=ansible | changed: [arteva1]
2025-03-24 11:39:49,614 p=6908 u=dmeta n=ansible | TASK [upgrade-service : sleep 10] **********************************************************************************************************************
2025-03-24 11:39:49,615 p=6908 u=dmeta n=ansible | changed: [arteva1]
2025-03-24 11:39:51,173 p=6908 u=dmeta n=ansible | TASK [upgrade-service : systemd stop tomcat] ***********************************************************************************************************
2025-03-24 11:39:51,173 p=6908 u=dmeta n=ansible | changed: [arteva1]
2025-03-24 11:39:52,057 p=6908 u=dmeta n=ansible | TASK [upgrade-service : upload arteva backend files] ***************************************************************************************************
2025-03-24 11:39:52,057 p=6908 u=dmeta n=ansible | changed: [arteva1] => (item=/apps/arteva/webapps/arteva/WEB-INF/classes/log4j2.xml)
2025-03-24 11:39:53,001 p=6908 u=dmeta n=ansible | changed: [arteva1] => (item=/apps/arteva/webapps/arteva/WEB-INF/classes/dmeta/egovProps/globals.properties)
2025-03-24 11:39:53,732 p=6908 u=dmeta n=ansible | changed: [arteva1] => (item=/apps/arteva/webapps/arteva/WEB-INF/classes/dmeta/spring/com/context-properties.xml)
2025-03-24 11:39:54,524 p=6908 u=dmeta n=ansible | TASK [upgrade-service : systemd stop tomcat] ***********************************************************************************************************
2025-03-24 11:39:54,524 p=6908 u=dmeta n=ansible | changed: [arteva1]
2025-03-24 11:39:54,536 p=6908 u=dmeta n=ansible | PLAY RECAP *********************************************************************************************************************************************
2025-03-24 11:39:54,536 p=6908 u=dmeta n=ansible | arteva1                    : ok=11   changed=10   unreachable=0    failed=0    skipped=3    rescued=0    ignored=0   
2025-03-24 11:40:25,046 p=7146 u=dmeta n=ansible | PLAY [install arteva service] **************************************************************************************************************************
2025-03-24 11:40:27,068 p=7146 u=dmeta n=ansible | TASK [Gathering Facts] *********************************************************************************************************************************
2025-03-24 11:40:27,069 p=7146 u=dmeta n=ansible | ok: [arteva1]
2025-03-24 11:40:28,998 p=7146 u=dmeta n=ansible | TASK [upgrade-service : stopped tomcat service] ********************************************************************************************************
2025-03-24 11:40:28,998 p=7146 u=dmeta n=ansible | changed: [arteva1]
2025-03-24 11:40:31,389 p=7146 u=dmeta n=ansible | TASK [upgrade-service : upload sql files] **************************************************************************************************************
2025-03-24 11:40:31,390 p=7146 u=dmeta n=ansible | changed: [arteva1] => (item=arteva-1012-1015.sql)
2025-03-24 11:40:32,188 p=7146 u=dmeta n=ansible | TASK [upgrade-service : alter table] *******************************************************************************************************************
2025-03-24 11:40:32,189 p=7146 u=dmeta n=ansible | changed: [arteva1]
2025-03-24 11:40:32,915 p=7146 u=dmeta n=ansible | TASK [upgrade-service : delete upload file] ************************************************************************************************************
2025-03-24 11:40:32,915 p=7146 u=dmeta n=ansible | changed: [arteva1]
2025-03-24 11:40:34,602 p=7146 u=dmeta n=ansible | TASK [upgrade-service : upload arteva backend files] ***************************************************************************************************
2025-03-24 11:40:34,602 p=7146 u=dmeta n=ansible | ok: [arteva1] => (item=D-Meta-LabIntelligent-AI-Video-Analytics-Backend_1.0.15.war)
2025-03-24 11:40:35,299 p=7146 u=dmeta n=ansible | TASK [upgrade-service : soft link] *********************************************************************************************************************
2025-03-24 11:40:35,300 p=7146 u=dmeta n=ansible | changed: [arteva1] => (item={'src': '/apps/arteva/wars/D-Meta-LabIntelligent-AI-Video-Analytics-Backend_1.0.15.war', 'dest': '/apps/arteva/webapps/arteva.war'})
2025-03-24 11:40:36,112 p=7146 u=dmeta n=ansible | TASK [upgrade-service : start tomcat service] **********************************************************************************************************
2025-03-24 11:40:36,112 p=7146 u=dmeta n=ansible | changed: [arteva1]
2025-03-24 11:40:46,899 p=7146 u=dmeta n=ansible | TASK [upgrade-service : sleep 10] **********************************************************************************************************************
2025-03-24 11:40:46,900 p=7146 u=dmeta n=ansible | changed: [arteva1]
2025-03-24 11:40:48,509 p=7146 u=dmeta n=ansible | TASK [upgrade-service : systemd stop tomcat] ***********************************************************************************************************
2025-03-24 11:40:48,509 p=7146 u=dmeta n=ansible | changed: [arteva1]
2025-03-24 11:40:49,398 p=7146 u=dmeta n=ansible | TASK [upgrade-service : upload arteva backend files] ***************************************************************************************************
2025-03-24 11:40:49,399 p=7146 u=dmeta n=ansible | ok: [arteva1] => (item=/apps/arteva/webapps/arteva/WEB-INF/classes/log4j2.xml)
2025-03-24 11:40:50,102 p=7146 u=dmeta n=ansible | ok: [arteva1] => (item=/apps/arteva/webapps/arteva/WEB-INF/classes/dmeta/egovProps/globals.properties)
2025-03-24 11:40:50,765 p=7146 u=dmeta n=ansible | changed: [arteva1] => (item=/apps/arteva/webapps/arteva/WEB-INF/classes/dmeta/spring/com/context-properties.xml)
2025-03-24 11:40:51,561 p=7146 u=dmeta n=ansible | TASK [upgrade-service : systemd stop tomcat] ***********************************************************************************************************
2025-03-24 11:40:51,561 p=7146 u=dmeta n=ansible | changed: [arteva1]
2025-03-24 11:40:51,572 p=7146 u=dmeta n=ansible | PLAY RECAP *********************************************************************************************************************************************
2025-03-24 11:40:51,572 p=7146 u=dmeta n=ansible | arteva1                    : ok=12   changed=10   unreachable=0    failed=0    skipped=4    rescued=0    ignored=0   
2025-03-24 11:41:52,136 p=7413 u=dmeta n=ansible | PLAY [install arteva service] **************************************************************************************************************************
2025-03-24 11:41:53,891 p=7413 u=dmeta n=ansible | TASK [Gathering Facts] *********************************************************************************************************************************
2025-03-24 11:41:53,892 p=7413 u=dmeta n=ansible | ok: [arteva1]
2025-03-24 11:41:55,052 p=7413 u=dmeta n=ansible | TASK [upgrade-service : stopped tomcat service] ********************************************************************************************************
2025-03-24 11:41:55,053 p=7413 u=dmeta n=ansible | changed: [arteva1]
2025-03-24 11:41:56,821 p=7413 u=dmeta n=ansible | TASK [upgrade-service : upload sql files] **************************************************************************************************************
2025-03-24 11:41:56,821 p=7413 u=dmeta n=ansible | changed: [arteva1] => (item=arteva-1015-1012.sql)
2025-03-24 11:41:57,584 p=7413 u=dmeta n=ansible | TASK [upgrade-service : alter table] *******************************************************************************************************************
2025-03-24 11:41:57,584 p=7413 u=dmeta n=ansible | changed: [arteva1]
2025-03-24 11:41:58,302 p=7413 u=dmeta n=ansible | TASK [upgrade-service : delete upload file] ************************************************************************************************************
2025-03-24 11:41:58,302 p=7413 u=dmeta n=ansible | changed: [arteva1]
2025-03-24 11:41:59,036 p=7413 u=dmeta n=ansible | TASK [upgrade-service : Changes soft link to old files] ************************************************************************************************
2025-03-24 11:41:59,036 p=7413 u=dmeta n=ansible | changed: [arteva1] => (item={'src': '/apps/arteva/wars/D-Meta-LabIntelligent-AI-Video-Analytics-Backend_1.0.12.war', 'dest': '/apps/arteva/webapps/arteva.war'})
2025-03-24 11:41:59,804 p=7413 u=dmeta n=ansible | TASK [upgrade-service : start tomcat service] **********************************************************************************************************
2025-03-24 11:41:59,805 p=7413 u=dmeta n=ansible | changed: [arteva1]
2025-03-24 11:42:10,562 p=7413 u=dmeta n=ansible | TASK [upgrade-service : sleep 10] **********************************************************************************************************************
2025-03-24 11:42:10,562 p=7413 u=dmeta n=ansible | changed: [arteva1]
2025-03-24 11:42:12,095 p=7413 u=dmeta n=ansible | TASK [upgrade-service : systemd stop tomcat] ***********************************************************************************************************
2025-03-24 11:42:12,096 p=7413 u=dmeta n=ansible | changed: [arteva1]
2025-03-24 11:42:13,001 p=7413 u=dmeta n=ansible | TASK [upgrade-service : upload arteva backend files] ***************************************************************************************************
2025-03-24 11:42:13,002 p=7413 u=dmeta n=ansible | changed: [arteva1] => (item=/apps/arteva/webapps/arteva/WEB-INF/classes/log4j2.xml)
2025-03-24 11:42:13,841 p=7413 u=dmeta n=ansible | changed: [arteva1] => (item=/apps/arteva/webapps/arteva/WEB-INF/classes/dmeta/egovProps/globals.properties)
2025-03-24 11:42:14,696 p=7413 u=dmeta n=ansible | changed: [arteva1] => (item=/apps/arteva/webapps/arteva/WEB-INF/classes/dmeta/spring/com/context-properties.xml)
2025-03-24 11:42:15,529 p=7413 u=dmeta n=ansible | TASK [upgrade-service : systemd stop tomcat] ***********************************************************************************************************
2025-03-24 11:42:15,529 p=7413 u=dmeta n=ansible | changed: [arteva1]
2025-03-24 11:42:15,541 p=7413 u=dmeta n=ansible | PLAY RECAP *********************************************************************************************************************************************
2025-03-24 11:42:15,541 p=7413 u=dmeta n=ansible | arteva1                    : ok=11   changed=10   unreachable=0    failed=0    skipped=3    rescued=0    ignored=0   
